Workbook

Sheet Materials
A1: Archetypes | B1: MICs (lbs/GSF)
B2: Cast-in-place concrete | C2: Carbon steel (rebar) | D2: Oriented strand board | E2: Softwood | F2: Plywood | G2: Stucco | H2: Cold-formed, galvanized steel | I2: Hot-rolled, structural steel | J2: Cold-formed, structural steel | K2: Polyisocyanurate foam board | L2: Expanded polystyrene foam | M2: Glass mat gypsum board | N2: Aluminum | O2: Aluminum, 20% recycled content | P2: #15 felt | Q2: #30 felt | R2: Transite | S2: Thermoplastic olefin | T2: Laminated glass | U2: Polyvinyl butyral interlayer film | V2: Concrete masonry unit | W2: Solid modular brick | X2: Type S mortar | Y2: Asphalt built-up roof membrane | Z2: Granulated modified bitumen cap sheet | AA2: Asphalt shingles | AB2: Wood cladding (softwood) | AC2: Clay tiles | AD2: Modified bitumen membrane
A3: Aircraft traffic control & operations, 1957 | B3: 76.723499 | C3: 3.4009319 | D3: - | E3: 0.62274701 | F3: 2.04 | G3: - | H3: 2.682622 | I3: 4.83 | J3: 1.4375093 | K3: 0.76555826 | L3: - | M3: 0.88248791 | N3: 0.53628084 | O3: - | P3: 0.06353913 | Q3: 0.20263687 | R3: - | S3: - | T3: - | U3: - | V3: 19.061739 | W3: - | X3: - | Y3: - | Z3: - | AA3: - | AB3: - | AC3: - | AD3: -
A4: Ammunition & Explosives storage magazine, 1952 | B4: 638.98234 | C4: 19.007149 | D4: - | E4: - | F4: - | G4: - | H4: - | I4: - | J4: - | K4: - | L4: - | M4: - | N4: - | O4: - | P4: - | Q4: - | R4: - | S4: - | T4: - | U4: - | V4: - | W4: - | X4: - | Y4: - | Z4: - | AA4: - | AB4: - | AC4: - | AD4: -
A5: Aircraft maintenance hangar, 1960 | B5: 106.43714 | C5: 4.4231189 | D5: - | E5: - | F5: 0.040819531 | G5: - | H5: 1.5365204 | I5: 3.9849631 | J5: 4.7552799 | K5: 0.72320928 | L5: - | M5: 2.5236006 | N5: 0.025564539 | O5: - | P5: 0.052332732 | Q5: 0.0056257686 | R5: 1.430428 | S5: 0.3144325 | T5: 0.07855143 | U5: 0.0040568333 | V5: 13.083183 | W5: - | X5: - | Y5: - | Z5: - | AA5: - | AB5: - | AC5: - | AD5: -
A6: Communications, 1954 | B6: 90.87 | C6: 5.96 | D6: - | E6: - | F6: - | G6: - | H6: 2.1396314 | I6: 3.3276451 | J6: 0.40136519 | K6: 1.301479 | L6: - | M6: 2.4027304 | N6: - | O6: - | P6: - | Q6: - | R6: - | S6: - | T6: 0.35949943 | U6: 0.018566553 | V6: 127.98635 | W6: - | X6: - | Y6: 7.5686007 | Z6: 1.2013652 | AA6: - | AB6: - | AC6: - | AD6: -
A7: Family Housing, 1958 | B7: 61.54 | C7: 2.46 | D7: 1.18 | E7: 9.4078745 | F7: - | G7: 14.44 | H7: - | I7: - | J7: - | K7: - | L7: - | M7: 2.49 | N7: 0.03 | O7: - | P7: 0.2 | Q7: 0.35 | R7: - | S7: - | T7: 0.18 | U7: 0.01 | V7: - | W7: - | X7: - | Y7: - | Z7: - | AA7: 1.6 | AB7: - | AC7: - | AD7: -
A8: Family service center, 1993 | B8: 83.268367 | C8: 3.3064867 | D8: 1.7433734 | E8: 3.6176567 | F8: 0.34519149 | G8: 4.5400349 | H8: - | I8: - | J8: - | K8: 1.0203614 | L8: - | M8: 1.9031459 | N8: 0.21173266 | O8: - | P8: 0.061909566 | Q8: 0.047574468 | R8: - | S8: - | T8: 0.43776178 | U8: 0.022608456 | V8: - | W8: - | X8: - | Y8: 3.524718 | Z8: 0.55947904 | AA8: - | AB8: - | AC8: - | AD8: -
A9: Industrial utilities & fire protection, 2009 | B9: 105 | C9: 4.05 | D9: 1.44 | E9: 4.4428 | F9: - | G9: - | H9: - | I9: - | J9: - | K9: 0.625 | L9: - | M9: 2.3245833 | N9: - | O9: - | P9: 0.025625 | Q9: - | R9: - | S9: - | T9: - | U9: - | V9: - | W9: - | X9: - | Y9: 6.3 | Z9: 1 | AA9: - | AB9: 0.240875 | AC9: - | AD9: -
A10: Lodging, 1993 | B10: 47.493346 | C10: 1.8792308 | D10: 0.88312891 | E10: 8.6613771 | F10: 1.3307105 | G10: 10.94654 | H10: - | I10: - | J10: - | K10: - | L10: - | M10: 1.890766 | N10: 0.055542698 | O10: - | P10: 0.149271 | Q10: - | R10: - | S10: - | T10: 0.3656561 | U10: 0.018884517 | V10: - | W10: - | X10: - | Y10: - | Z10: - | AA10: - | AB10: - | AC10: 6.4394816 | AD10: 1.2265679
A11: maintenance shop, 1959 | B11: 96.332012 | C11: 3.8856967 | D11: - | E11: - | F11: 1.7997592 | G11: - | H11: 3.2403943 | I11: 1.8920546 | J11: 3.7773876 | K11: 1.3171315 | L11: - | M11: 2.9803705 | N11: 0.65645064 | O11: - | P11: 0.21458668 | Q11: 0.24804374 | R11: 3.8087881 | S11: - | T11: 0.11557818 | U11: 0.0059691011 | V11: 19.060995 | W11: - | X11: - | Y11: - | Z11: - | AA11: - | AB11: - | AC11: - | AD11: -
A12: office, 1993 | B12: 101.99796 | C12: 5.442525 | D12: - | E12: - | F12: 0.95382286 | G12: 6.0851336 | H12: 1.0607349 | I12: 2.9344902 | J12: - | K12: 0.42217434 | L12: - | M12: 1.1791766 | N12: 0.38696686 | O12: - | P12: 0.082979095 | Q12: 0.13145636 | R12: - | S12: - | T12: 0.22637037 | U12: 0.011691027 | V12: - | W12: - | X12: - | Y12: 0.40354044 | Z12: 0.064054038 | AA12: - | AB12: - | AC12: - | AD12: -
A13: RDT&E (laboratories), 1965 | B13: 132.99213 | C13: 5.7110236 | D13: - | E13: - | F13: - | G13: - | H13: 5.5658268 | I13: 4.2472441 | J13: 1.8484252 | K13: 1.3779528 | L13: 0.12566929 | M13: 5.6496063 | N13: 0.0094488189 | O13: - | P13: 0.2480315 | Q13: - | R13: - | S13: - | T13: 0.062204724 | U13: 0.0032125984 | V13: 36.909449 | W13: - | X13: - | Y13: 6.9448819 | Z13: 1.1023622 | AA13: - | AB13: - | AC13: - | AD13: -
A14: Recreation & Culture, 1988 | B14: 70.515695 | C14: 2.7954036 | D14: 1.3514045 | E14: 5.5958311 | F14: - | G14: 9.9312407 | H14: 1.5545112 | I14: 4.071988 | J14: 3.3904933 | K14: 0.34379671 | L14: - | M14: 2.8155456 | N14: 0.040189337 | O14: - | P14: 0.13542601 | Q14: - | R14: - | S14: - | T14: 1.2028114 | U14: 0.06211988 | V14: - | W14: - | X14: - | Y14: 3.4654709 | Z14: 0.55007474 | AA14: - | AB14: - | AC14: 6.2780269 | AD14: 1.1958146
A15: Store (Retail & grocery), 1996 | B15: 75.557044 | C15: 3.1594952 | D15: - | E15: - | F15: 1.3792341 | G15: 1.3372382 | H15: 1.5954026 | I15: 1.1498038 | J15: 4.554125 | K15: 0.559485 | L15: - | M15: 0.26551362 | N15: 0.50796955 | O15: 0.063385506 | P15: 0.018235067 | Q15: 0.19008675 | R15: - | S15: - | T15: 0.083669485 | U15: 0.0043211582 | V15: 3.3154667 | W15: - | X15: - | Y15: - | Z15: - | AA15: - | AB15: - | AC15: - | AD15: -
A16: training & academic instruction, 1988 | B16: 61.656721 | C16: 3.8114696 | D16: - | E16: - | F16: 1.6227976 | G16: - | H16: 1.7226621 | I16: 1.7659553 | J16: 0.76211186 | K16: 0.6501593 | L16: - | M16: - | N16: 0.66144078 | O16: - | P16: - | Q16: 0.2236548 | R16: - | S16: - | T16: 0.45777705 | U16: 0.023642156 | V16: 70.80004 | W16: - | X16: - | Y16: - | Z16: - | AA16: - | AB16: - | AC16: - | AD16: -
A17: Unaccompanied housing (barracks), 1996 | B17: 153.02419 | C17: 9.1256845 | D17: - | E17: - | F17: - | G17: - | H17: - | I17: - | J17: - | K17: 0.24445383 | L17: - | M17: 0.78225226 | N17: 0.029569135 | O17: - | P17: - | Q17: - | R17: - | S17: - | T17: 0.19466348 | U17: 0.010053506 | V17: 46.935136 | W17: - | X17: - | Y17: 2.4640946 | Z17: 0.39112613 | AA17: - | AB17: - | AC17: - | AD17: -
A18: warehouse / storage, 1990 | B18: 178.40384 | C18: 7.1252533 | D18: - | E18: - | F18: - | G18: - | H18: 1.2717178 | I18: 0.40362767 | J18: 3.6924457 | K18: 0.64883563 | L18: 0.15260614 | M18: 2.076274 | N18: - | O18: - | P18: - | Q18: - | R18: - | S18: 0.36334795 | T18: - | U18: - | V18: - | W18: - | X18: - | Y18: - | Z18: - | AA18: - | AB18: - | AC18: - | AD18: -
A19: Public service, 1989 | B19: 84.344233 | C19: 3.3388274 | D19: 1.5189873 | E19: 3.0625879 | F19: 1.9015471 | G19: 8.2512893 | H19: 1.785654 | I19: 5.2789498 | J19: - | K19: 0.98159869 | L19: - | M19: 2.1284576 | N19: 0.93531411 | O19: - | P19: 0.11251758 | Q19: 0.2620722 | R19: - | S19: - | T19: 0.91666667 | U19: 0.047341772 | V19: - | W19: - | X19: - | Y19: 2.2151899 | Z19: 0.35161744 | AA19: - | AB19: - | AC19: - | AD19: -
A20: Ship operational, 1953 | B20: 104.36029 | C20: 3.7177941 | D20: - | E20: - | F20: 1.8352941 | G20: - | H20: 3.3858824 | I20: 2.1345882 | J20: 1.6767059 | K20: 0.99264706 | L20: - | M20: 1.2867647 | N20: 0.66941176 | O20: - | P20: 0.092647059 | Q20: 0.25294118 | R20: - | S20: - | T20: 0.33691176 | U20: 0.0174 | V20: - | W20: - | X20: - | Y20: - | Z20: - | AA20: - | AB20: - | AC20: - | AD20: -
A21: Security, 1950 | B21: 80.730459 | C21: 3.1958359 | D21: 1.4665012 | E21: 5.8032118 | F21: - | G21: 5.9139785 | H21: - | I21: - | J21: - | K21: - | L21: - | M21: 1.0215054 | N21: 0.11166253 | O21: - | P21: 0.080645161 | Q21: 0.43569065 | R21: - | S21: - | T21: 0.73511166 | U21: 0.037965261 | V21: - | W21: 3.3498759 | X21: 0.44665012 | Y21: - | Z21: - | AA21: 1.9758065 | AB21: - | AC21: - | AD21: -
A22: Military medical facilities, 1985 | B22: 163.24557 | C22: 7.4214896 | D22: - | E22: - | F22: - | G22: - | H22: 0.82801683 | I22: 1.0998679 | J22: 0.30709218 | K22: 0.31250635 | L22: 0.24303283 | M22: 1.0000203 | N22: - | O22: - | P22: - | Q22: - | R22: - | S22: - | T22: - | U22: - | V22: - | W22: - | X22: - | Y22: 3.150064 | Z22: 0.50001016 | AA22: - | AB22: - | AC22: - | AD22: -
A23: Fire station, 1947 | B23: 93.627451 | C23: 3.7184977 | D23: 1.4698962 | E23: 5.8608159 | F23: - | G23: 5.0749712 | H23: - | I23: - | J23: - | K23: 0.67266436 | L23: - | M23: 3.1280277 | N23: 0.03633218 | O23: - | P23: 0.083044983 | Q23: - | R23: - | S23: - | T23: 0.23918685 | U23: 0.012352941 | V23: - | W23: 2.9896194 | X23: 0.39861592 | Y23: 6.5397924 | Z23: 1.0380623 | AA23: - | AB23: - | AC23: - | AD23: -
A24: Dining, 1954 | B24: 341.27089 | C24: 16.548988 | D24: - | E24: - | F24: - | G24: - | H24: 0.27439402 | I24: 0.076419735 | J24: 0.045683479 | K24: 0.62688064 | L24: - | M24: 2.0060181 | N24: - | O24: - | P24: - | Q24: - | R24: - | S24: 0.35105316 | T24: 0.19695882 | U24: 0.010172051 | V24: 3.8209868 | W24: - | X24: - | Y24: - | Z24: - | AA24: - | AB24: - | AC24: - | AD24: -
A25: armory, 1967 | B25: 97.116938 | C25: 5.8257736 | D25: - | E25: - | F25: - | G25: - | H25: 1.7605008 | I25: - | J25: 3.0845035 | K25: 0.66018392 | L25: - | M25: 2.1125885 | N25: - | O25: - | P25: - | Q25: - | R25: - | S25: - | T25: 0.0085901578 | U25: 0.00044364359 | V25: 106.87213 | W25: - | X25: - | Y25: 6.6546539 | Z25: 1.0562943 | AA25: - | AB25: - | AC25: - | AD25: -

Sheet Components
A1: Archetype | B1: Components (SF/GSF)
B2: steel doors | C2: overhead doors | D2: blast resisitant doors | E2: overhead roll-up doors | F2: glazed doors w/ metal | G2: insulated, hot-rolled sheet steel hangar door | H2: sliding glass patio door | I2: wood door | J2: FRP door | K2: Vault door
A3: Aircraft traffic control & operations, 1957 | B3: 0.013343217 | C3: 0.02700413 | D3: - | E3: - | F3: - | G3: - | H3: - | I3: - | J3: - | K3: -
A4: Ammunition & Explosives storage magazine, 1952 | B4: - | C4: - | D4: 0.040370059 | E4: - | F4: - | G4: - | H4: - | I4: - | J4: - | K4: -
A5: Aircraft maintenance hangar, 1960 | B5: 0.0059 | C5: - | D5: - | E5: 0.0044 | F5: 0.0009 | G5: 0.1514 | H5: - | I5: - | J5: - | K5: -
A6: Communications, 1954 | B6: 0.0717 | C6: - | D6: - | E6: - | F6: - | G6: - | H6: - | I6: - | J6: - | K6: -
A7: Family Housing, 1958 | B7: - | C7: - | D7: - | E7: - | F7: - | G7: - | H7: - | I7: - | J7: - | K7: -
A8: Family service center, 1993 | B8: 0.040447583 | C8: - | D8: - | E8: - | F8: 0.0038521508 | G8: - | H8: - | I8: - | J8: - | K8: -
A9: Industrial utilities & fire protection, 2009 | B9: 0.175 | C9: - | D9: - | E9: - | F9: - | G9: - | H9: - | I9: - | J9: - | K9: -
A10: Lodging, 1993 | B10: - | C10: - | D10: - | E10: - | F10: - | G10: - | H10: 0.037028466 | I10: 0.064799815 | J10: - | K10: -
A11: maintenance shop, 1959 | B11: 0.018960674 | C11: 0.16252006 | D11: - | E11: - | F11: - | G11: - | H11: - | I11: - | J11: - | K11: -
A12: office, 1993 | B12: 0.0015285623 | C12: - | D12: - | E12: - | F12: 0.003362837 | G12: - | H12: - | I12: - | J12: - | K12: -
A13: RDT&E (laboratories), 1965 | B13: - | C13: - | D13: - | E13: - | F13: - | G13: - | H13: - | I13: - | J13: - | K13: -
A14: Recreation & Culture, 1988 | B14: 0.0087892377 | C14: - | D14: - | E14: - | F14: 0.011300448 | G14: - | H14: - | I14: - | J14: - | K14: -
A15: Store (Retail & grocery), 1996 | B15: 0.0011604133 | C15: 0.0037575289 | D15: - | E15: - | F15: 0.0012764547 | G15: - | H15: - | I15: - | J15: - | K15: -
A16: training & academic instruction, 1988 | B16: 0.024426014 | C16: - | D16: - | E16: - | F16: 0.005310003 | G16: - | H16: - | I16: - | J16: 0.0031860018 | K16: -
A17: Unaccompanied housing (barracks), 1996 | B17: 0.0037548109 | C17: - | D17: - | E17: - | F17: - | G17: - | H17: - | I17: 0.041302919 | J17: - | K17: -
A18: warehouse / storage, 1990 | B18: 0.0012208491 | C18: 0.014949173 | D18: - | E18: - | F18: - | G18: - | H18: - | I18: - | J18: - | K18: -
A19: Public service, 1989 | B19: - | C19: - | D19: - | E19: - | F19: 0.019690577 | G19: - | H19: 0.1125 | I19: - | J19: - | K19: -
A20: Ship operational, 1953 | B20: - | C20: 0.035294118 | D20: - | E20: - | F20: - | G20: - | H20: - | I20: - | J20: 0.019764706 | K20: -
A21: Security, 1950 | B21: 0.023883375 | C21: - | D21: - | E21: - | F21: 0.0086848635 | G21: - | H21: - | I21: - | J21: - | K21: -
A22: Military medical facilities, 1985 | B22: - | C22: - | D22: - | E22: - | F22: 0.0034149812 | G22: - | H22: - | I22: - | J22: - | K22: -
A23: Fire station, 1947 | B23: 0.0096885813 | C23: 0.15224913 | D23: - | E23: - | F23: - | G23: - | H23: - | I23: - | J23: - | K23: -
A24: Dining, 1954 | B24: 0.0050150451 | C24: - | D24: - | E24: - | F24: 0.0040120361 | G24: - | H24: - | I24: 0.0055165496 | J24: - | K24: -
A25: armory, 1967 | B25: 0.023487014 | C25: - | D25: - | E25: - | F25: - | G25: - | H25: - | I25: - | J25: - | K25: 0.019763784

Sheet MIC by location
B1: MIC (lbs/GSF)
A2: Archetype | B2: FOOTING | C2: Slab | D2: Basement | E2: Floor construction | H2: Roof construction | M2: Exterior walls | V2: Windows | AA2: Roof covering
B3: Strip footing | C3: Reinforced slab | D3: CIP concrete | E3: Wood beam, joist, and deck | F3: Light gauge steel floor system | G3: CIP concrete beam and slab | H3: Steel deck, beams, and bar joist | I3: Metal structural frame | J3: CIP concrete cap | K3: wood deck and rafter | L3: CIP concrete beams and slab | M3: Concrete block | N3: CIP concrete | O3: Metal siding panels | P3: Stucco | Q3: Wood cladding w/ stud backup | R3: Transite siding panel | S3: Precast concrete panel (tilt up) | T3: Solid brick - single wythe | U3: Brick veneer w/ stud backup | V3: Aluminum | W3: Steel | X3: Curtain wall | Y3: tubular aluminum framing - storefronts | Z3: wood | AA3: Preformed metal | AB3: Single ply membrane | AC3: BUR | AD3: Asphalt shingles | AE3: Clay tile | AF3: Transite formed metal
A4: Aircraft traffic control & operations, 1957 | B4: =SUM('Aircraft traffic control & oper'!Q2:Q4) -> 6.2474849 | C4: =SUM('Aircraft traffic control & oper'!Q5:Q6) -> 73.514773 | D4: - | E4: =SUM('Aircraft traffic control & oper'!Q7:Q17) -> 1.1910692 | F4: - | G4: - | H4: =SUM('Aircraft traffic control & oper'!Q18:Q29) -> 7.9362914 | I4: - | J4: - | K4: - | L4: - | M4: =SUM('Aircraft traffic control & oper'!Q30:Q31) -> 19.423912 | N4: - | O4: =SUM('Aircraft traffic control & oper'!Q32:Q35) -> 2.1391507 | P4: - | Q4: - | R4: - | S4: - | T4: - | U4: - | V4: - | W4: - | X4: - | Y4: - | Z4: - | AA4: =SUM('Aircraft traffic control & oper'!Q39:Q49) -> 2.7982739 | AB4: - | AC4: - | AD4: - | AE4: - | AF4: - | AG4: =SUM(B4:AF4) -> 113.25095
A5: Ammunition & Explosives storage magazine, 1952 | B5: =SUM('Ammunition & explosives storage'!Q2:Q5) -> 14.36291 | C5: =SUM('Ammunition & explosives storage'!Q6:Q7) -> 75.441548 | D5: - | E5: - | F5: - | G5: - | H5: - | I5: - | J5: =SUM('Ammunition & explosives storage'!Q8:Q9) -> 328.00673 | K5: - | L5: - | M5: - | N5: =SUM('Ammunition & explosives storage'!Q10:Q19) -> 240.1783 | O5: - | P5: - | Q5: - | R5: - | S5: - | T5: - | U5: - | V5: - | W5: - | X5: - | Y5: - | Z5: - | AA5: - | AB5: - | AC5: - | AD5: - | AE5: - | AF5: - | AG5: =SUM(B5:AF5) -> 657.98949
A6: Aircraft maintenance hangar, 1960 | B6: =SUM('Aircraft maintenance hangar'!Q2:Q4) -> 2.8436298 | C6: =SUM('Aircraft maintenance hangar'!Q5:Q6) -> 96.243382 | D6: - | E6: - | F6: =SUM('Aircraft maintenance hangar'!Q7:Q21) -> 9.680554 | G6: - | H6: =SUM('Aircraft maintenance hangar'!Q22:Q35) -> 6.5916704 | I6: =SUM('Aircraft maintenance hangar'!Q36:Q39) -> 1.812914 | J6: - | K6: - | L6: - | M6: =SUM('Aircraft maintenance hangar'!Q45:Q46) -> 13.331763 | N6: =SUM('Aircraft maintenance hangar'!Q40:Q44) -> 3.7122659 | O6: =SUM('Aircraft maintenance hangar'!Q47:Q50) -> 2.3549729 | P6: - | Q6: - | R6: - | S6: - | T6: - | U6: - | V6: =SUM('Aircraft maintenance hangar'!Q62:Q70) -> 0.084588534 | W6: =SUM('Aircraft maintenance hangar'!Q55:Q61) -> 0.012725227 | X6: - | Y6: - | Z6: - | AA6: =SUM('Aircraft maintenance hangar'!Q81:Q91) -> 0.07768794 | AB6: =SUM('Aircraft maintenance hangar'!Q71:Q80) -> 2.6726762 | AC6: - | AD6: - | AE6: - | AF6: - | AG6: =SUM(B6:AF6) -> 139.41883
A7: Communications, 1954 | B7: =SUM(Communications!Q2:Q5) -> 21.194539 | C7: =SUM(Communications!Q6:Q8) -> 73.208191 | D7: - | E7: - | F7: - | G7: - | H7: =SUM(Communications!Q9:Q20) -> 5.718471 | I7: - | J7: - | K7: - | L7: - | M7: =SUM(Communications!Q21:Q23) -> 130.41809 | N7: - | O7: - | P7: - | Q7: - | R7: - | S7: - | T7: - | U7: - | V7: - | W7: =SUM(Communications!Q24:Q31) -> 0.52823663 | X7: - | Y7: - | Z7: - | AA7: - | AB7: - | AC7: =SUM(Communications!Q33:Q43) -> 12.474175 | AD7: - | AE7: - | AF7: - | AG7: =SUM(B7:AF7) -> 243.5417
A8: Family Housing, 1958 | B8: - | C8: =SUM('Family housing'!Q2:Q3) -> 64.002193 | D8: - | E8: - | F8: - | G8: - | H8: - | I8: - | J8: - | K8: =SUM('Family housing'!Q4:Q12) -> 10.589453 | L8: - | M8: - | N8: - | O8: - | P8: =SUM('Family housing'!Q13:Q18) -> 17.132895 | Q8: - | R8: - | S8: - | T8: - | U8: - | V8: =SUM('Family housing'!Q19:Q28) -> 0.2128527 | W8: - | X8: - | Y8: - | Z8: - | AA8: - | AB8: - | AC8: - | AD8: =SUM('Family housing'!Q29:Q35) -> 1.9528874 | AE8: - | AF8: - | AG8: =SUM(B8:AF8) -> 93.890281
A9: Family service center, 1993 | B9: =SUM('Family service center'!Q2:Q4) -> 5.0193181 | C9: =SUM('Family service center'!Q5:Q6) -> 81.555535 | D9: - | E9: - | F9: - | G9: - | H9: - | I9: - | J9: - | K9: =SUM('Family service center'!Q7:Q35) -> 5.3610301 | L9: - | M9: - | N9: - | O9: - | P9: =SUM('Family service center'!Q36:Q41) -> 5.3861323 | Q9: - | R9: - | S9: - | T9: - | U9: - | V9: =SUM('Family service center'!Q44:Q53) -> 0.38152343 | W9: - | X9: =SUM('Family service center'!Q54:Q59) -> 0.16467308 | Y9: - | Z9: - | AA9: =SUM('Family service center'!Q71:Q82) -> 1.1893593 | AB9: - | AC9: =SUM('Family service center'!Q60:Q70) -> 5.5528295 | AD9: - | AE9: - | AF9: - | AG9: =SUM(B9:AF9) -> 104.6104
A10: Industrial utilities & fire protection, 2009 | B10: =SUM('Industrial utilities'!Q2:Q4) -> 31.05 | C10: =SUM('Industrial utilities'!Q5:Q6) -> 78 | D10: - | E10: - | F10: - | G10: - | H10: - | I10: - | J10: - | K10: =SUM('Industrial utilities'!Q7:Q20) -> 5.5828 | L10: - | M10: - | N10: - | O10: - | P10: - | Q10: =SUM('Industrial utilities'!Q21:Q27) -> 0.89108333 | R10: - | S10: - | T10: - | U10: - | V10: - | W10: - | X10: - | Y10: - | Z10: - | AA10: - | AB10: - | AC10: =SUM('Industrial utilities'!Q29:Q39) -> 9.925 | AD10: - | AE10: - | AF10: - | AG10: =SUM(B10:AF10) -> 125.44888
A11: Lodging, 1993 | B11: =SUM(Lodging!Q2:Q4) -> 4.2441347 | C11: =SUM(Lodging!Q5:Q6) -> 45.128442 | D11: - | E11: =SUM(Lodging!Q7:Q17) -> 3.4349487 | F11: - | G11: - | H11: - | I11: - | J11: - | K11: =SUM(Lodging!Q18:Q27) -> 4.9352921 | L11: - | M11: - | N11: - | O11: - | P11: =SUM(Lodging!Q28:Q33) -> 12.986577 | Q11: - | R11: - | S11: - | T11: - | U11: - | V11: =SUM(Lodging!Q34:Q43) -> 0.44008331 | W11: - | X11: - | Y11: - | Z11: - | AA11: - | AB11: - | AC11: - | AD11: - | AE11: =SUM(Lodging!Q46:Q54) -> 10.171025 | AF11: - | AG11: =SUM(B11:AF11) -> 81.340504
A12: maintenance shop, 1959 | B12: =SUM('Maintenance shop'!Q2:Q4) -> 7.3591117 | C12: =SUM('Maintenance shop'!Q5:Q6) -> 76.716693 | D12: - | E12: - | F12: - | G12: - | H12: =SUM('Maintenance shop'!Q7:Q19) -> 7.49689 | I12: - | J12: - | K12: - | L12: - | M12: =SUM('Maintenance shop'!Q25:Q26) -> 19.423154 | N12: =SUM('Maintenance shop'!Q20:Q24) -> 15.779745 | O12: =SUM('Maintenance shop'!Q27:Q30) -> 2.8877408 | P12: - | Q12: - | R12: =SUM('Maintenance shop'!Q31:Q34) -> 5.796549 | S12: - | T12: - | U12: - | V12: - | W12: =SUM('Maintenance shop'!Q39:Q46) -> 0.16210206 | X12: - | Y12: - | Z12: - | AA12: =SUM('Maintenance shop'!Q47:Q57) -> 3.425311 | AB12: - | AC12: - | AD12: - | AE12: - | AF12: =SUM('Maintenance shop'!Q58:Q60) -> 0.28792135 | AG12: =SUM(B12:AF12) -> 139.33522
A13: office, 1993 | B13: =SUM(Office!Q2:Q4) -> 1.864573 | C13: =SUM(Office!Q5:Q6) -> 46.55564 | D13: - | E13: - | F13: - | G13: =SUM(Office!Q7:Q12) -> 59.020271 | H13: =SUM(Office!Q13:Q22) -> 3.9952251 | I13: - | J13: - | K13: - | L13: - | M13: - | N13: - | O13: - | P13: =SUM(Office!Q23:Q28) -> 7.2191813 | Q13: - | R13: - | S13: - | T13: - | U13: - | V13: =SUM(Office!Q29:Q38) -> 0.21477387 | W13: - | X13: =SUM(Office!Q39:Q43) -> 0.062353614 | Y13: - | Z13: - | AA13: =SUM(Office!Q59:Q70) -> 1.8153206 | AB13: - | AC13: =SUM(Office!Q46:Q58) -> 0.63573633 | AD13: - | AE13: - | AF13: - | AG13: =SUM(B13:AF13) -> 121.38307
A14: RDT&E (laboratories), 1965 | B14: =SUM('RDT&E'!Q2:Q5) -> 15.769488 | C14: =SUM('RDT&E'!Q6:Q8) -> 80.456693 | D14: - | E14: - | F14: - | G14: - | H14: =SUM('RDT&E'!Q9:Q21) -> 7.6929921 | I14: - | J14: - | K14: - | L14: - | M14: =SUM('RDT&E'!Q22:Q24) -> 37.376969 | N14: - | O14: =SUM('RDT&E'!Q30:Q34) -> 8.3503937 | P14: - | Q14: - | R14: - | S14: =SUM('RDT&E'!Q25:Q29) -> 42.135118 | T14: - | U14: - | V14: =SUM('RDT&E'!Q35:Q44) -> 0.074866142 | W14: - | X14: - | Y14: - | Z14: - | AA14: - | AB14: - | AC14: =SUM('RDT&E'!Q45:Q55) -> 10.940945 | AD14: - | AE14: - | AF14: - | AG14: =SUM(B14:AF14) -> 202.79746
A15: Recreation & Culture, 1988 | B15: =SUM('Recreation & culture'!Q2:Q4) -> 5.2214126 | C15: =SUM('Recreation & culture'!Q5:Q6) -> 68.089686 | D15: - | E15: - | F15: - | G15: - | H15: =SUM('Recreation & culture'!Q19:Q28) -> 9.0169925 | I15: - | J15: - | K15: =SUM('Recreation & culture'!Q7:Q18) -> 1.9043713 | L15: - | M15: - | N15: - | O15: - | P15: =SUM('Recreation & culture'!Q29:Q34) -> 11.782063 | Q15: - | R15: - | S15: - | T15: - | U15: - | V15: =SUM('Recreation & culture'!Q38:Q47) -> 0.2250274 | W15: - | X15: =SUM('Recreation & culture'!Q58:Q63) -> 0.0333142 | Y15: - | Z15: =SUM('Recreation & culture'!Q48:Q57) -> 3.5263904 | AA15: - | AB15: - | AC15: =SUM('Recreation & culture'!Q64:Q74) -> 5.4594918 | AD15: - | AE15: =SUM('Recreation & culture'!Q75:Q83) -> 10.037095 | AF15: - | AG15: =SUM(B15:AF15) -> 115.29584
A16: Store (Retail & grocery), 1996 | B16: =SUM('Store (retail & grocery)'!Q2:Q4) -> 2.1712867 | C16: =SUM('Store (retail & grocery)'!Q5:Q6) -> 66.239443 | D16: - | E16: - | F16: - | G16: - | H16: =SUM('Store (retail & grocery)'!Q14:Q25) -> 7.2595458 | I16: - | J16: - | K16: - | L16: =SUM('Store (retail & grocery)'!Q7:Q13) -> 6.663908 | M16: =SUM('Store (retail & grocery)'!Q37:Q38) -> 3.3784605 | N16: =SUM('Store (retail & grocery)'!Q26:Q30) -> 3.5789081 | O16: =SUM('Store (retail & grocery)'!Q39:Q42) -> 0.083715533 | P16: =SUM('Store (retail & grocery)'!Q31:Q36) -> 1.5864508 | Q16: - | R16: - | S16: - | T16: - | U16: - | V16: - | W16: - | X16: =SUM('Store (retail & grocery)'!Q47:Q52) -> 0.024031147 | Y16: =SUM('Store (retail & grocery)'!Q53:Q60) -> 0.13224775 | Z16: - | AA16: =SUM('Store (retail & grocery)'!Q61:Q71) -> 2.6249655 | AB16: - | AC16: - | AD16: - | AE16: - | AF16: - | AG16: =SUM(B16:AF16) -> 93.742963
A17: training & academic instruction, 1988 | B17: - | C17: =SUM('Training & academic instruction'!Q2:Q3) -> 64.12299 | D17: - | E17: - | F17: - | G17: - | H17: =SUM('Training & academic instruction'!Q4:Q10) -> 4.2507292 | I17: - | J17: - | K17: - | L17: - | M17: =SUM('Training & academic instruction'!Q11:Q13) -> 72.145241 | N17: - | O17: - | P17: - | Q17: - | R17: - | S17: - | T17: - | U17: - | V17: =SUM('Training & academic instruction'!Q17:Q26) -> 0.55095496 | W17: - | X17: - | Y17: - | Z17: - | AA17: =SUM('Training & academic instruction'!Q27:Q38) -> 3.0885167 | AB17: - | AC17: - | AD17: - | AE17: - | AF17: - | AG17: =SUM(B17:AF17) -> 144.15843
A18: Unaccompanied housing (barracks), 1996 | B18: =SUM('Unaccompanied housing (barracks'!Q2:Q4) -> 1.82167 | C18: =SUM('Unaccompanied housing (barracks'!Q5:Q6) -> 40.677118 | D18: - | E18: - | F18: - | G18: =SUM('Unaccompanied housing (barracks'!Q7:Q12) -> 79.172878 | H18: - | I18: - | J18: - | K18: - | L18: =SUM('Unaccompanied housing (barracks'!Q13:Q19) -> 39.586439 | M18: =SUM('Unaccompanied housing (barracks'!Q20:Q22) -> 47.826903 | N18: - | O18: - | P18: - | Q18: - | R18: - | S18: - | T18: - | U18: - | V18: =SUM('Unaccompanied housing (barracks'!Q25:Q35) -> 0.23428612 | W18: - | X18: - | Y18: - | Z18: - | AA18: - | AB18: - | AC18: =SUM('Unaccompanied housing (barracks'!Q36:Q46) -> 3.8819268 | AD18: - | AE18: - | AF18: - | AG18: =SUM(B18:AF18) -> 213.20122
A19: warehouse / storage, 1990 | B19: =SUM('Warehouse & storage'!Q2:Q4) -> 2.2563908 | C19: =SUM('Warehouse & storage'!Q5:Q6) -> 132.25865 | D19: - | E19: - | F19: - | G19: - | H19: =SUM('Warehouse & storage'!Q7:Q18) -> 5.3677912 | I19: - | J19: - | K19: - | L19: - | M19: - | N19: - | O19: - | P19: - | Q19: - | R19: - | S19: =SUM('Warehouse & storage'!Q19:Q23) -> 51.166658 | T19: - | U19: - | V19: - | W19: - | X19: - | Y19: - | Z19: - | AA19: - | AB19: =SUM('Warehouse & storage'!Q31:Q40) -> 3.0884576 | AC19: - | AD19: - | AE19: - | AF19: - | AG19: =SUM(B19:AF19) -> 194.13795
A20: Public service, 1989 | B20: =SUM('Public service'!Q2:Q4) -> 7.2329905 | C20: =SUM('Public service'!Q5:Q6) -> 80.45007 | D20: - | E20: - | F20: - | G20: - | H20: =SUM('Public service'!Q14:Q23) -> 7.0646038 | I20: - | J20: - | K20: =SUM('Public service'!Q7:Q13) -> 4.5815752 | L20: - | M20: - | N20: - | O20: - | P20: =SUM('Public service'!Q24:Q29) -> 9.7890295 | Q20: - | R20: - | S20: - | T20: - | U20: - | V20: =SUM('Public service'!Q33:Q42) -> 0.26745429 | W20: - | X20: =SUM('Public service'!Q43:Q48) -> 0.93829114 | Y20: - | Z20: - | AA20: =SUM('Public service'!Q60:Q70) -> 3.6190342 | AB20: - | AC20: =SUM('Public service'!Q49:Q59) -> 3.4898031 | AD20: - | AE20: - | AF20: - | AG20: =SUM(B20:AF20) -> 117.43285
A21: Ship operational, 1953 | B21: =SUM('Ship operational'!Q2:Q4) -> 6.3013235 | C21: =SUM('Ship operational'!Q5:Q6) -> 78.917647 | D21: - | E21: - | F21: - | G21: - | H21: =SUM('Ship operational'!Q7:Q23) -> 5.5647059 | I21: - | J21: - | K21: - | L21: - | M21: - | N21: =SUM('Ship operational'!Q24:Q28) -> 22.859118 | O21: =SUM('Ship operational'!Q29:Q32) -> 3.1191176 | P21: - | Q21: - | R21: - | S21: - | T21: - | U21: - | V21: - | W21: =SUM('Ship operational'!Q35:Q41) -> 0.50442941 | X21: - | Y21: - | Z21: - | AA21: =SUM('Ship operational'!Q42:Q51) -> 3.4929412 | AB21: - | AC21: - | AD21: - | AE21: - | AF21: - | AG21: =SUM(B21:AF21) -> 120.75928
A22: Security, 1950 | B22: =SUM(Security!Q2:Q4) -> 6.9101659 | C22: =SUM(Security!Q5:Q6) -> 77.016129 | D22: - | E22: - | F22: - | G22: - | H22: - | I22: - | J22: - | K22: =SUM(Security!Q7:Q16) -> 7.2697131 | L22: - | M22: - | N22: - | O22: - | P22: =SUM(Security!Q17:Q22) -> 7.016129 | Q22: - | R22: - | S22: - | T22: =SUM(Security!Q23:Q34) -> 3.7965261 | U22: - | V22: =SUM(Security!Q35:Q43) -> 0.88473945 | W22: - | X22: - | Y22: - | Z22: - | AA22: - | AB22: - | AC22: - | AD22: =SUM(Security!Q46:Q52) -> 2.4114971 | AE22: - | AF22: - | AG22: =SUM(B22:AF22) -> 105.3049
A23: Medical facilities, 1985 | B23: - | C23: =SUM(Medical!Q5:Q7) -> 39.000793 | D23: - | E23: - | F23: - | G23: =SUM(Medical!Q8:Q13) -> 50.42386 | H23: =SUM(Medical!Q14:Q29) -> 2.2349769 | I23: - | J23: - | K23: - | L23: - | M23: - | N23: - | O23: - | P23: - | Q23: - | R23: - | S23: =SUM(Medical!Q30:Q35) -> 81.485436 | T23: - | U23: - | V23: - | W23: - | X23: - | Y23: - | Z23: - | AA23: - | AB23: - | AC23: =SUM(Medical!Q37:Q47) -> 4.9626009 | AD23: - | AE23: - | AF23: - | AG23: =SUM(B23:AF23) -> 178.10767
A24: Fire station, 1947 | B24: =SUM('Fire station'!Q2:Q4) -> 5.5062716 | C24: =SUM('Fire station'!Q5:Q6) -> 91.839677 | D24: - | E24: - | F24: - | G24: - | H24: - | I24: - | J24: - | K24: =SUM('Fire station'!Q7:Q29) -> 7.3307121 | L24: - | M24: - | N24: - | O24: - | P24: =SUM('Fire station'!Q30:Q35) -> 6.0207612 | Q24: - | R24: - | S24: - | T24: - | U24: =SUM('Fire station'!Q36:Q48) -> 3.5773933 | V24: =SUM('Fire station'!Q51:Q60) -> 0.28787197 | W24: - | X24: - | Y24: - | Z24: - | AA24: - | AB24: - | AC24: =SUM('Fire station'!Q61:Q71) -> 10.326644 | AD24: - | AE24: - | AF24: - | AG24: =SUM(B24:AF24) -> 124.88933
A25: Dining, 1954 | B25: =SUM(Dining!Q2:Q4) -> 4.8198166 | C25: =SUM(Dining!Q5:Q6) -> 76.651383 | D25: =SUM(Dining!Q7:Q9) -> 28.21339 | E25: - | F25: - | G25: =SUM(Dining!Q10:Q15) -> 97.859245 | H25: =SUM(Dining!Q16:Q27) -> 0.22492597 | I25: - | J25: - | K25: - | L25: =SUM(Dining!Q28:Q33) -> 103.80173 | M25: =SUM(Dining!Q39:Q40) -> 3.8935855 | N25: =SUM(Dining!Q34:Q38) -> 46.401705 | O25: - | P25: - | Q25: - | R25: - | S25: - | T25: - | U25: - | V25: - | W25: =SUM(Dining!Q44:Q50) -> 0.37870213 | X25: - | Y25: - | Z25: - | AA25: - | AB25: =SUM(Dining!Q51:Q60) -> 2.9839519 | AC25: - | AD25: - | AE25: - | AF25: - | AG25: =SUM(B25:AF25) -> 365.22844
A26: armory, 1967 | B26: =SUM(Armory!Q2:Q4) -> 18.521188 | C26: =SUM(Armory!Q5:Q6) -> 82.390953 | D26: - | E26: - | F26: - | G26: - | H26: =SUM(Armory!Q7:Q16) -> 4.8337269 | I26: - | J26: - | K26: - | L26: - | M26: =SUM(Armory!Q17:Q19) -> 108.9027 | N26: - | O26: - | P26: - | Q26: - | R26: - | S26: - | T26: - | U26: - | V26: - | W26: =SUM(Armory!Q20:Q27) -> 0.020311296 | X26: - | Y26: - | Z26: - | AA26: - | AB26: - | AC26: =SUM(Armory!Q31:Q41) -> 10.483721 | AD26: - | AE26: - | AF26: - | AG26: =SUM(B26:AF26) -> 225.1526
A27: Average MICs | B27: =AVERAGE(B4:B26) -> 8.5358853 | C27: =AVERAGE(C4:C26) -> 73.412071 | D27: =AVERAGE(D4:D26) -> 28.21339 | E27: =AVERAGE(E4:E26) -> 2.313009 | F27: =AVERAGE(F4:F26) -> 9.680554 | G27: =AVERAGE(G4:G26) -> 71.619063 | H27: =AVERAGE(H4:H26) -> 5.6833025 | I27: =AVERAGE(I4:I26) -> 1.812914 | ... AF27: =AVERAGE(AF4:AF26) -> 0.28792135 | AG27: =SUM(AG4:AG26) -> 4020.4183

Sheet MIC % by location
B1: MIC (lbs/GSF)
A2: Archetype | B2: FOOTING | C2: Slab | D2: Basement | E2: Floor construction | H2: Roof construction | M2: Exterior walls | V2: Windows | AA2: Roof covering
B3: Strip footing | C3: Reinforced slab | D3: CIP concrete | E3: Wood beam, joist, and deck | F3: Light gauge steel floor system | G3: CIP concrete beam and slab | H3: Steel deck, beams, and bar joist | I3: Metal structural frame | J3: CIP concrete cap | K3: wood deck and rafter | L3: CIP concrete beams and slab | M3: Concrete block | N3: CIP concrete | O3: Metal siding panels | P3: Stucco | Q3: Wood cladding w/ stud backup | R3: Transite siding panel | S3: Precast concrete panel (tilt up) | T3: Solid brick - single wythe | U3: Brick veneer w/ stud backup | V3: Aluminum | W3: Steel | X3: Curtain wall | Y3: tubular aluminum framing - storefronts | Z3: wood | AA3: Preformed metal | AB3: Single ply membrane | AC3: BUR | AD3: Asphalt shingles | AE3: Clay tile | AF3: Transite formed metal
A4: Aircraft traffic control & operations | B4: ='MIC by location'!B4/'MIC by location'!$AG4 -> 0.055164965 | C4: ='MIC by location'!C4/'MIC by location'!$AG4 -> 0.64913159 | D4: - | E4: ='MIC by location'!E4/'MIC by location'!$AG4 -> 0.010517079 | F4: - | G4: - | H4: ='MIC by location'!H4/'MIC by location'!$AG4 -> 0.070077038 | I4: - | J4: - | K4: - | L4: - | M4: ='MIC by location'!M4/'MIC by location'!$AG4 -> 0.17151212 | N4: - | O4: ='MIC by location'!O4/'MIC by location'!$AG4 -> 0.018888589 | P4: - | Q4: - | R4: - | S4: - | T4: - | U4: - | V4: - | W4: - | X4: - | Y4: - | Z4: - | AA4: ='MIC by location'!AA4/'MIC by location'!$AG4 -> 0.024708612 | AB4: - | AC4: - | AD4: - | AE4: - | AF4: - | AG4: =SUM(B4:AF4) -> 1
A5: Ammunition & Explosives storage magazine | B5: ='MIC by location'!B5/'MIC by location'!$AG5 -> 0.021828479 | C5: ='MIC by location'!C5/'MIC by location'!$AG5 -> 0.11465464 | D5: - | E5: - | F5: - | G5: - | H5: - | I5: - | J5: ='MIC by location'!J5/'MIC by location'!$AG5 -> 0.49849843 | K5: - | L5: - | M5: - | N5: ='MIC by location'!N5/'MIC by location'!$AG5 -> 0.36501845 | O5: - | P5: - | Q5: - | R5: - | S5: - | T5: - | U5: - | V5: - | W5: - | X5: - | Y5: - | Z5: - | AA5: - | AB5: - | AC5: - | AD5: - | AE5: - | AF5: - | AG5: =SUM(B5:AF5) -> 1
A6: Aircraft maintenance hangar | B6: ='MIC by location'!B6/'MIC by location'!$AG6 -> 0.020396311 | C6: ='MIC by location'!C6/'MIC by location'!$AG6 -> 0.69031839 | D6: - | E6: - | F6: ='MIC by location'!F6/'MIC by location'!$AG6 -> 0.069435054 | G6: - | H6: ='MIC by location'!H6/'MIC by location'!$AG6 -> 0.047279628 | I6: ='MIC by location'!I6/'MIC by location'!$AG6 -> 0.013003365 | J6: - | K6: - | L6: - | M6: ='MIC by location'!M6/'MIC by location'!$AG6 -> 0.095623836 | N6: ='MIC by location'!N6/'MIC by location'!$AG6 -> 0.026626718 | O6: ='MIC by location'!O6/'MIC by location'!$AG6 -> 0.016891355 | P6: - | Q6: - | R6: - | S6: - | T6: - | U6: - | V6: ='MIC by location'!V6/'MIC by location'!$AG6 -> 0.00060672245 | W6: ='MIC by location'!W6/'MIC by location'!$AG6 -> 9.1273374e-05 | X6: - | Y6: - | Z6: - | AA6: ='MIC by location'!AA6/'MIC by location'!$AG6 -> 0.00055722702 | AB6: ='MIC by location'!AB6/'MIC by location'!$AG6 -> 0.019170124 | AC6: - | AD6: - | AE6: - | AF6: - | AG6: =SUM(B6:AF6) -> 1
A7: Communications | B7: ='MIC by location'!B7/'MIC by location'!$AG7 -> 0.087026325 | C7: ='MIC by location'!C7/'MIC by location'!$AG7 -> 0.30059817 | D7: - | E7: - | F7: - | G7: - | H7: ='MIC by location'!H7/'MIC by location'!$AG7 -> 0.023480459 | I7: - | J7: - | K7: - | L7: - | M7: ='MIC by location'!M7/'MIC by location'!$AG7 -> 0.53550619 | N7: - | O7: - | P7: - | Q7: - | R7: - | S7: - | T7: - | U7: - | V7: - | W7: ='MIC by location'!W7/'MIC by location'!$AG7 -> 0.0021689782 | X7: - | Y7: - | Z7: - | AA7: - | AB7: - | AC7: ='MIC by location'!AC7/'MIC by location'!$AG7 -> 0.051219874 | AD7: - | AE7: - | AF7: - | AG7: =SUM(B7:AF7) -> 1
A8: Family Housing | B8: - | C8: ='MIC by location'!C8/'MIC by location'!$AG8 -> 0.68167005 | D8: - | E8: - | F8: - | G8: - | H8: - | I8: - | J8: - | K8: ='MIC by location'!K8/'MIC by location'!$AG8 -> 0.11278541 | L8: - | M8: - | N8: - | O8: - | P8: ='MIC by location'!P8/'MIC by location'!$AG8 -> 0.18247783 | Q8: - | R8: - | S8: - | T8: - | U8: - | V8: ='MIC by location'!V8/'MIC by location'!$AG8 -> 0.0022670366 | W8: - | X8: - | Y8: - | Z8: - | AA8: - | AB8: - | AC8: - | AD8: ='MIC by location'!AD8/'MIC by location'!$AG8 -> 0.020799676 | AE8: - | AF8: - | AG8: =SUM(B8:AF8) -> 1
A9: Family service center | B9: ='MIC by location'!B9/'MIC by location'!$AG9 -> 0.047981061 | C9: ='MIC by location'!C9/'MIC by location'!$AG9 -> 0.77961211 | D9: - | E9: - | F9: - | G9: - | H9: - | I9: - | J9: - | K9: ='MIC by location'!K9/'MIC by location'!$AG9 -> 0.051247582 | L9: - | M9: - | N9: - | O9: - | P9: ='MIC by location'!P9/'MIC by location'!$AG9 -> 0.051487541 | Q9: - | R9: - | S9: - | T9: - | U9: - | V9: ='MIC by location'!V9/'MIC by location'!$AG9 -> 0.0036470889 | W9: - | X9: ='MIC by location'!X9/'MIC by location'!$AG9 -> 0.0015741559 | Y9: - | Z9: - | AA9: ='MIC by location'!AA9/'MIC by location'!$AG9 -> 0.011369417 | AB9: - | AC9: ='MIC by location'!AC9/'MIC by location'!$AG9 -> 0.053081046 | AD9: - | AE9: - | AF9: - | AG9: =SUM(B9:AF9) -> 1
A10: Industrial utilities & fire protection | B10: ='MIC by location'!B10/'MIC by location'!$AG10 -> 0.24751117 | C10: ='MIC by location'!C10/'MIC by location'!$AG10 -> 0.62176719 | D10: - | E10: - | F10: - | G10: - | H10: - | I10: - | J10: - | K10: ='MIC by location'!K10/'MIC by location'!$AG10 -> 0.044502588 | L10: - | M10: - | N10: - | O10: - | P10: - | Q10: ='MIC by location'!Q10/'MIC by location'!$AG10 -> 0.0071031588 | R10: - | S10: - | T10: - | U10: - | V10: - | W10: - | X10: - | Y10: - | Z10: - | AA10: - | AB10: - | AC10: ='MIC by location'!AC10/'MIC by location'!$AG10 -> 0.07911589 | AD10: - | AE10: - | AF10: - | AG10: =SUM(B10:AF10) -> 1
A11: Lodging | B11: ='MIC by location'!B11/'MIC by location'!$AG11 -> 0.052177385 | C11: ='MIC by location'!C11/'MIC by location'!$AG11 -> 0.55480899 | D11: - | E11: ='MIC by location'!E11/'MIC by location'!$AG11 -> 0.042229253 | F11: - | G11: - | H11: - | I11: - | J11: - | K11: ='MIC by location'!K11/'MIC by location'!$AG11 -> 0.060674471 | L11: - | M11: - | N11: - | O11: - | P11: ='MIC by location'!P11/'MIC by location'!$AG11 -> 0.15965696 | Q11: - | R11: - | S11: - | T11: - | U11: - | V11: ='MIC by location'!V11/'MIC by location'!$AG11 -> 0.0054103834 | W11: - | X11: - | Y11: - | Z11: - | AA11: - | AB11: - | AC11: - | AD11: - | AE11: ='MIC by location'!AE11/'MIC by location'!$AG11 -> 0.12504256 | AF11: - | AG11: =SUM(B11:AF11) -> 1
A12: maintenance shop | B12: ='MIC by location'!B12/'MIC by location'!$AG12 -> 0.052815876 | C12: ='MIC by location'!C12/'MIC by location'!$AG12 -> 0.55059083 | D12: - | E12: - | F12: - | G12: - | H12: ='MIC by location'!H12/'MIC by location'!$AG12 -> 0.053804703 | I12: - | J12: - | K12: - | L12: - | M12: ='MIC by location'!M12/'MIC by location'!$AG12 -> 0.13939874 | N12: ='MIC by location'!N12/'MIC by location'!$AG12 -> 0.11325023 | O12: ='MIC by location'!O12/'MIC by location'!$AG12 -> 0.020725132 | P12: - | Q12: - | R12: ='MIC by location'!R12/'MIC by location'!$AG12 -> 0.041601463 | S12: - | T12: - | U12: - | V12: - | W12: ='MIC by location'!W12/'MIC by location'!$AG12 -> 0.0011633962 | X12: - | Y12: - | Z12: - | AA12: ='MIC by location'!AA12/'MIC by location'!$AG12 -> 0.024583239 | AB12: - | AC12: - | AD12: - | AE12: - | AF12: ='MIC by location'!AF12/'MIC by location'!$AG12 -> 0.0020663932 | AG12: =SUM(B12:AF12) -> 1
A13: office | B13: ='MIC by location'!B13/'MIC by location'!$AG13 -> 0.015361063 | C13: ='MIC by location'!C13/'MIC by location'!$AG13 -> 0.38354309 | D13: - | E13: - | F13: - | G13: ='MIC by location'!G13/'MIC by location'!$AG13 -> 0.48623147 | H13: ='MIC by location'!H13/'MIC by location'!$AG13 -> 0.032914186 | I13: - | J13: - | K13: - | L13: - | M13: - | N13: - | O13: - | P13: ='MIC by location'!P13/'MIC by location'!$AG13 -> 0.059474365 | Q13: - | R13: - | S13: - | T13: - | U13: - | V13: ='MIC by location'!V13/'MIC by location'!$AG13 -> 0.001769389 | W13: - | X13: ='MIC by location'!X13/'MIC by location'!$AG13 -> 0.00051369282 | Y13: - | Z13: - | AA13: ='MIC by location'!AA13/'MIC by location'!$AG13 -> 0.014955302 | AB13: - | AC13: ='MIC by location'!AC13/'MIC by location'!$AG13 -> 0.0052374381 | AD13: - | AE13: - | AF13: - | AG13: =SUM(B13:AF13) -> 1
A14: RDT&E (laboratories) | B14: ='MIC by location'!B14/'MIC by location'!$AG14 -> 0.07775979 | C14: ='MIC by location'!C14/'MIC by location'!$AG14 -> 0.39673422 | D14: - | E14: - | F14: - | G14: - | H14: ='MIC by location'!H14/'MIC by location'!$AG14 -> 0.03793436 | I14: - | J14: - | K14: - | L14: - | M14: ='MIC by location'!M14/'MIC by location'!$AG14 -> 0.18430688 | N14: - | O14: ='MIC by location'!O14/'MIC by location'!$AG14 -> 0.041176026 | P14: - | Q14: - | R14: - | S14: ='MIC by location'!S14/'MIC by location'!$AG14 -> 0.20776945 | T14: - | U14: - | V14: ='MIC by location'!V14/'MIC by location'!$AG14 -> 0.00036916705 | W14: - | X14: - | Y14: - | Z14: - | AA14: - | AB14: - | AC14: ='MIC by location'!AC14/'MIC by location'!$AG14 -> 0.053950107 | AD14: - | AE14: - | AF14: - | AG14: =SUM(B14:AF14) -> 1
A15: Recreation & Culture | B15: ='MIC by location'!B15/'MIC by location'!$AG15 -> 0.045287084 | C15: ='MIC by location'!C15/'MIC by location'!$AG15 -> 0.59056497 | D15: - | E15: - | F15: - | G15: - | H15: ='MIC by location'!H15/'MIC by location'!$AG15 -> 0.078207438 | I15: - | J15: - | K15: ='MIC by location'!K15/'MIC by location'!$AG15 -> 0.016517259 | L15: - | M15: - | N15: - | O15: - | P15: ='MIC by location'!P15/'MIC by location'!$AG15 -> 0.10218983 | Q15: - | R15: - | S15: - | T15: - | U15: - | V15: ='MIC by location'!V15/'MIC by location'!$AG15 -> 0.0019517391 | W15: - | X15: ='MIC by location'!X15/'MIC by location'!$AG15 -> 0.00028894537 | Y15: - | Z15: ='MIC by location'!Z15/'MIC by location'!$AG15 -> 0.030585581 | AA15: - | AB15: - | AC15: ='MIC by location'!AC15/'MIC by location'!$AG15 -> 0.047352026 | AD15: - | AE15: ='MIC by location'!AE15/'MIC by location'!$AG15 -> 0.087055129 | AF15: - | AG15: =SUM(B15:AF15) -> 1
A16: Store (Retail & grocery) | B16: ='MIC by location'!B16/'MIC by location'!$AG16 -> 0.02316213 | C16: ='MIC by location'!C16/'MIC by location'!$AG16 -> 0.7066071 | D16: - | E16: - | F16: - | G16: - | H16: ='MIC by location'!H16/'MIC by location'!$AG16 -> 0.077440968 | I16: - | J16: - | K16: - | L16: ='MIC by location'!L16/'MIC by location'!$AG16 -> 0.071087021 | M16: ='MIC by location'!M16/'MIC by location'!$AG16 -> 0.036039617 | N16: ='MIC by location'!N16/'MIC by location'!$AG16 -> 0.038177886 | O16: ='MIC by location'!O16/'MIC by location'!$AG16 -> 0.00089303272 | P16: ='MIC by location'!P16/'MIC by location'!$AG16 -> 0.016923412 | Q16: - | R16: - | S16: - | T16: - | U16: - | V16: - | W16: - | X16: ='MIC by location'!X16/'MIC by location'!$AG16 -> 0.00025635148 | Y16: ='MIC by location'!Y16/'MIC by location'!$AG16 -> 0.0014107485 | Z16: - | AA16: ='MIC by location'!AA16/'MIC by location'!$AG16 -> 0.028001734 | AB16: - | AC16: - | AD16: - | AE16: - | AF16: - | AG16: =SUM(B16:AF16) -> 1
A17: training & academic instruction | B17: - | C17: ='MIC by location'!C17/'MIC by location'!$AG17 -> 0.44480915 | D17: - | E17: - | F17: - | G17: - | H17: ='MIC by location'!H17/'MIC by location'!$AG17 -> 0.029486511 | I17: - | J17: - | K17: - | L17: - | M17: ='MIC by location'!M17/'MIC by location'!$AG17 -> 0.500458 | N17: - | O17: - | P17: - | Q17: - | R17: - | S17: - | T17: - | U17: - | V17: ='MIC by location'!V17/'MIC by location'!$AG17 -> 0.0038218712 | W17: - | X17: - | Y17: - | Z17: - | AA17: ='MIC by location'!AA17/'MIC by location'!$AG17 -> 0.021424461 | AB17: - | AC17: - | AD17: - | AE17: - | AF17: - | AG17: =SUM(B17:AF17) -> 1
A18: Unaccompanied housing (barracks) | B18: ='MIC by location'!B18/'MIC by location'!$AG18 -> 0.0085443693 | C18: ='MIC by location'!C18/'MIC by location'!$AG18 -> 0.19079214 | D18: - | E18: - | F18: - | G18: ='MIC by location'!G18/'MIC by location'!$AG18 -> 0.37135284 | H18: - | I18: - | J18: - | K18: - | L18: ='MIC by location'!L18/'MIC by location'!$AG18 -> 0.18567642 | M18: ='MIC by location'!M18/'MIC by location'!$AG18 -> 0.22432753 | N18: - | O18: - | P18: - | Q18: - | R18: - | S18: - | T18: - | U18: - | V18: ='MIC by location'!V18/'MIC by location'!$AG18 -> 0.0010988967 | W18: - | X18: - | Y18: - | Z18: - | AA18: - | AB18: - | AC18: ='MIC by location'!AC18/'MIC by location'!$AG18 -> 0.018207808 | AD18: - | AE18: - | AF18: - | AG18: =SUM(B18:AF18) -> 1
A19: warehouse / storage | B19: ='MIC by location'!B19/'MIC by location'!$AG19 -> 0.011622616 | C19: ='MIC by location'!C19/'MIC by location'!$AG19 -> 0.6812612 | D19: - | E19: - | F19: - | G19: - | H19: ='MIC by location'!H19/'MIC by location'!$AG19 -> 0.027649365 | I19: - | J19: - | K19: - | L19: - | M19: - | N19: - | O19: - | P19: - | Q19: - | R19: - | S19: ='MIC by location'!S19/'MIC by location'!$AG19 -> 0.26355825 | T19: - | U19: - | V19: - | W19: - | X19: - | Y19: - | Z19: - | AA19: - | AB19: ='MIC by location'!AB19/'MIC by location'!$AG19 -> 0.015908572 | AC19: - | AD19: - | AE19: - | AF19: - | AG19: =SUM(B19:AF19) -> 1
A20: Public service | B20: ='MIC by location'!B20/'MIC by location'!$AG20 -> 0.061592564 | C20: ='MIC by location'!C20/'MIC by location'!$AG20 -> 0.68507295 | D20: - | E20: - | F20: - | G20: - | H20: ='MIC by location'!H20/'MIC by location'!$AG20 -> 0.060158667 | I20: - | J20: - | K20: ='MIC by location'!K20/'MIC by location'!$AG20 -> 0.039014425 | L20: - | M20: - | N20: - | O20: - | P20: ='MIC by location'!P20/'MIC by location'!$AG20 -> 0.083358527 | Q20: - | R20: - | S20: - | T20: - | U20: - | V20: ='MIC by location'!V20/'MIC by location'!$AG20 -> 0.0022775083 | W20: - | X20: ='MIC by location'!X20/'MIC by location'!$AG20 -> 0.0079900226 | Y20: - | Z20: - | AA20: ='MIC by location'!AA20/'MIC by location'!$AG20 -> 0.030817903 | AB20: - | AC20: ='MIC by location'!AC20/'MIC by location'!$AG20 -> 0.029717435 | AD20: - | AE20: - | AF20: - | AG20: =SUM(B20:AF20) -> 1
A21: Ship operational | B21: ='MIC by location'!B21/'MIC by location'!$AG21 -> 0.052180863 | C21: ='MIC by location'!C21/'MIC by location'!$AG21 -> 0.65351206 | D21: - | E21: - | F21: - | G21: - | H21: ='MIC by location'!H21/'MIC by location'!$AG21 -> 0.046080978 | I21: - | J21: - | K21: - | L21: - | M21: - | N21: ='MIC by location'!N21/'MIC by location'!$AG21 -> 0.18929491 | O21: - | P21: - | Q21: - | R21: - | S21: - | T21: - | U21: - | V21: - | W21: ='MIC by location'!W21/'MIC by location'!$AG21 -> 0.0041771481 | X21: - | Y21: - | Z21: - | AA21: ='MIC by location'!AA21/'MIC by location'!$AG21 -> 0.028924826 | AB21: - | AC21: - | AD21: - | AE21: - | AF21: - | AG21: =SUM(B21:AF21) -> 0.97417078
A22: Security | B22: ='MIC by location'!B22/'MIC by location'!$AG22 -> 0.065620555 | C22: ='MIC by location'!C22/'MIC by location'!$AG22 -> 0.73136321 | D22: - | E22: - | F22: - | G22: - | H22: - | I22: - | J22: - | K22: ='MIC by location'!K22/'MIC by location'!$AG22 -> 0.069034899 | L22: - | M22: - | N22: - | O22: - | P22: ='MIC by location'!P22/'MIC by location'!$AG22 -> 0.066626805 | Q22: - | R22: - | S22: - | T22: ='MIC by location'!T22/'MIC by location'!$AG22 -> 0.036052701 | U22: - | V22: ='MIC by location'!V22/'MIC by location'!$AG22 -> 0.0084016931 | W22: - | X22: - | Y22: - | Z22: - | AA22: - | AB22: - | AC22: - | AD22: ='MIC by location'!AD22/'MIC by location'!$AG22 -> 0.022900142 | AE22: - | AF22: - | AG22: =SUM(B22:AF22) -> 1
A23: Military medical facilities | B23: - | C23: ='MIC by location'!C23/'MIC by location'!$AG23 -> 0.21897313 | D23: - | E23: - | F23: - | G23: ='MIC by location'!G23/'MIC by location'!$AG23 -> 0.28310887 | H23: ='MIC by location'!H23/'MIC by location'!$AG23 -> 0.01254846 | I23: - | J23: - | K23: - | L23: - | M23: - | N23: - | O23: - | P23: - | Q23: - | R23: - | S23: ='MIC by location'!S23/'MIC by location'!$AG23 -> 0.45750662 | T23: - | U23: - | V23: - | W23: - | X23: - | Y23: - | Z23: - | AA23: - | AB23: - | AC23: ='MIC by location'!AC23/'MIC by location'!$AG23 -> 0.027862927 | AD23: - | AE23: - | AF23: - | AG23: =SUM(B23:AF23) -> 1
A24: Fire station | B24: ='MIC by location'!B24/'MIC by location'!$AG24 -> 0.044089208 | C24: ='MIC by location'!C24/'MIC by location'!$AG24 -> 0.73536848 | D24: - | E24: - | F24: - | G24: - | H24: - | I24: - | J24: - | K24: ='MIC by location'!K24/'MIC by location'!$AG24 -> 0.058697665 | L24: - | M24: - | N24: - | O24: - | P24: ='MIC by location'!P24/'MIC by location'!$AG24 -> 0.048208772 | Q24: - | R24: - | S24: - | T24: - | U24: ='MIC by location'!U24/'MIC by location'!$AG24 -> 0.028644507 | V24: ='MIC by location'!V24/'MIC by location'!$AG24 -> 0.0023050165 | W24: - | X24: - | Y24: - | Z24: - | AA24: - | AB24: - | AC24: ='MIC by location'!AC24/'MIC by location'!$AG24 -> 0.082686355 | AD24: - | AE24: - | AF24: - | AG24: =SUM(B24:AF24) -> 1
A25: Dining | B25: ='MIC by location'!B25/'MIC by location'!$AG25 -> 0.013196718 | C25: ='MIC by location'!C25/'MIC by location'!$AG25 -> 0.20987244 | D25: ='MIC by location'!D25/'MIC by location'!$AG25 -> 0.077248612 | E25: - | F25: - | G25: ='MIC by location'!G25/'MIC by location'!$AG25 -> 0.26793983 | H25: ='MIC by location'!H25/'MIC by location'!$AG25 -> 0.00061585009 | I25: - | J25: - | K25: - | L25: ='MIC by location'!L25/'MIC by location'!$AG25 -> 0.28421044 | M25: ='MIC by location'!M25/'MIC by location'!$AG25 -> 0.010660685 | N25: ='MIC by location'!N25/'MIC by location'!$AG25 -> 0.12704844 | O25: - | P25: - | Q25: - | R25: - | S25: - | T25: - | U25: - | V25: - | W25: ='MIC by location'!W25/'MIC by location'!$AG25 -> 0.0010368911 | X25: - | Y25: - | Z25: - | AA25: - | AB25: ='MIC by location'!AB25/'MIC by location'!$AG25 -> 0.0081700972 | AC25: - | AD25: - | AE25: - | AF25: - | AG25: =SUM(B25:AF25) -> 1
A26: armory | B26: ='MIC by location'!B26/'MIC by location'!$AG26 -> 0.082260601 | C26: ='MIC by location'!C26/'MIC by location'!$AG26 -> 0.36593384 | D26: - | E26: - | F26: - | G26: - | H26: ='MIC by location'!H26/'MIC by location'!$AG26 -> 0.02146867 | I26: - | J26: - | K26: - | L26: - | M26: ='MIC by location'!M26/'MIC by location'!$AG26 -> 0.48368395 | N26: - | O26: - | P26: - | Q26: - | R26: - | S26: - | T26: - | U26: - | V26: - | W26: ='MIC by location'!W26/'MIC by location'!$AG26 -> 9.0211245e-05 | X26: - | Y26: - | Z26: - | AA26: - | AB26: - | AC26: ='MIC by location'!AC26/'MIC by location'!$AG26 -> 0.046562735 | AD26: - | AE26: - | AF26: - | AG26: =SUM(B26:AF26) -> 1
A27: Average MICs | B27: =AVERAGE(B4:B26) -> 0.054278957 | C27: =AVERAGE(C4:C26) -> 0.51902434 | D27: =AVERAGE(D4:D26) -> 0.077248612 | E27: =AVERAGE(E4:E26) -> 0.026373166 | F27: =AVERAGE(F4:F26) -> 0.069435054 | G27: =AVERAGE(G4:G26) -> 0.35215825 | H27: =AVERAGE(H4:H26) -> 0.041276485 | I27: =AVERAGE(I4:I26) -> 0.013003365 | ... AF27: =AVERAGE(AF4:AF26) -> 0.0020663932
A30: For image grading: | B30: =B27 -> 0.054278957 | C30: =C27 -> 0.51902434 | E30: =AVERAGE(E27:G27) -> 0.14932216 | H30: =AVERAGE(H27:L27) -> 0.15793244 | M30: =AVERAGE(M27:U27) -> 0.1010796 | V30: =AVERAGE(V27:Z27) -> 0.0076805645 | AA30: =AVERAGE(AA27:AF27) -> 0.034995745

Sheet MIC % by location graph
B1: MIC (lbs/GSF)
A2: Archeytpe | B2: Strip footing | C2: Reinforced slab | D2: Basement | E2: Floor construction | F2: Roof construction | G2: Exterior Walls | H2: Windows | I2: Roof covering
A3: Aircraft traffic control & operations | B3: ='MIC by location'!B4/'MIC by location'!$AG4 -> 0.055164965 | C3: ='MIC by location'!C4/'MIC by location'!$AG4 -> 0.64913159 | D3: - | E3: ='MIC by location'!E4/'MIC by location'!$AG4 -> 0.010517079 | F3: ='MIC by location'!H4/'MIC by location'!$AG4 -> 0.070077038 | G3: 0.19883063 | H3: 0 | I3: 0.019533129 | J3: =SUM(B3:I3) -> 1.0032544
A4: Ammunition & explosives storage magazine | B4: ='MIC by location'!B5/'MIC by location'!$AG5 -> 0.021828479 | C4: ='MIC by location'!C5/'MIC by location'!$AG5 -> 0.11465464 | D4: - | E4: - | F4: ='MIC by location'!J5/'MIC by location'!$AG5 -> 0.49849843 | G4: 0.36501845 | H4: 0 | I4: 0 | J4: =SUM(B4:I4) -> 1
A5: Aircraft maintenance hangar | B5: ='MIC by location'!B6/'MIC by location'!$AG6 -> 0.020396311 | C5: ='MIC by location'!C6/'MIC by location'!$AG6 -> 0.69031839 | D5: - | E5: ='MIC by location'!F6/'MIC by location'!$AG6 -> 0.069435054 | F5: ='MIC by location'!H6/'MIC by location'!$AG6+'MIC by location'!I6/'MIC by location'!$AG6 -> 0.060282993 | G5: 0.14386605 | H5: 0.00069442642 | I5: 0.022703622 | J5: =SUM(B5:I5) -> 1.0076968
A6: Communications | B6: ='MIC by location'!B7/'MIC by location'!$AG7 -> 0.087026325 | C6: ='MIC by location'!C7/'MIC by location'!$AG7 -> 0.30059817 | D6: - | E6: - | F6: ='MIC by location'!H7/'MIC by location'!$AG7 -> 0.023480459 | G6: 0.5354009 | H6: 0.0021685517 | I6: 0.051406422 | J6: =SUM(B6:I6) -> 1.0000808
A7: Family Housing | B7: - | C7: ='MIC by location'!C8/'MIC by location'!$AG8 -> 0.68167005 | D7: - | E7: - | F7: ='MIC by location'!K8/'MIC by location'!$AG8 -> 0.11278541 | G7: 0.17722037 | H7: 0.0022017199 | I7: 0.033441008 | J7: =SUM(B7:I7) -> 1.0073186
A8: Family service center | B8: ='MIC by location'!B9/'MIC by location'!$AG9 -> 0.047981061 | C8: ='MIC by location'!C9/'MIC by location'!$AG9 -> 0.77961211 | D8: - | E8: - | F8: ='MIC by location'!K9/'MIC by location'!$AG9 -> 0.051247582 | G8: 0.05212467 | H8: 0.0052858548 | I8: 0.061454835 | J8: =SUM(B8:I8) -> 0.99770611
A9: Industrial utilities | B9: ='MIC by location'!B10/'MIC by location'!$AG10 -> 0.24751117 | C9: ='MIC by location'!C10/'MIC by location'!$AG10 -> 0.62176719 | D9: - | E9: - | F9: ='MIC by location'!K10/'MIC by location'!$AG10 -> 0.044502588 | G9: 0.0071304074 | H9: 0 | I9: 0.083405962 | J9: =SUM(B9:I9) -> 1.0043173
A10: Lodging | B10: ='MIC by location'!B11/'MIC by location'!$AG11 -> 0.052177385 | C10: ='MIC by location'!C11/'MIC by location'!$AG11 -> 0.55480899 | D10: - | E10: ='MIC by location'!E11/'MIC by location'!$AG11 -> 0.042229253 | F10: ='MIC by location'!K11/'MIC by location'!$AG11 -> 0.060674471 | G10: 0.15649523 | H10: 0.0053032403 | I10: 0.13306069 | J10: =SUM(B10:I10) -> 1.0047493
A11: Maintenance shop | B11: ='MIC by location'!B12/'MIC by location'!$AG12 -> 0.052815876 | C11: ='MIC by location'!C12/'MIC by location'!$AG12 -> 0.55059083 | D11: - | E11: - | F11: ='MIC by location'!H12/'MIC by location'!$AG12 -> 0.053804703 | G11: 0.32925622 | H11: 0.0011353417 | I11: 0.020956803 | J11: =SUM(B11:I11) -> 1.0085598
A12: Office | B12: ='MIC by location'!B13/'MIC by location'!$AG13 -> 0.015361063 | C12: ='MIC by location'!C13/'MIC by location'!$AG13 -> 0.38354309 | D12: - | E12: ='MIC by location'!G13/'MIC by location'!$AG13 -> 0.48623147 | F12: ='MIC by location'!H13/'MIC by location'!$AG13 -> 0.032914186 | G12: 0.058741916 | H12: 0.0022549647 | I12: 0.017094274 | J12: =SUM(B12:I12) -> 0.99614097
A13: RDT&E (laboratories) | B13: ='MIC by location'!B14/'MIC by location'!$AG14 -> 0.07775979 | C13: ='MIC by location'!C14/'MIC by location'!$AG14 -> 0.39673422 | D13: - | E13: - | F13: ='MIC by location'!H14/'MIC by location'!$AG14 -> 0.03793436 | G13: 0.4431108 | H13: 0.00036266547 | I13: 0.053122787 | J13: =SUM(B13:I13) -> 1.0090246
A14: Recreation & culture | B14: ='MIC by location'!B15/'MIC by location'!$AG15 -> 0.045287084 | C14: ='MIC by location'!C15/'MIC by location'!$AG15 -> 0.59056497 | D14: - | E14: - | F14: ='MIC by location'!H15/'MIC by location'!$AG15+'MIC by location'!K15/'MIC by location'!$AG15 -> 0.094724697 | G14: 0.10181282 | H14: 0.032705159 | I14: 0.14361616 | J14: =SUM(B14:I14) -> 1.0087109
A15: Store (retail & grocery) | B15: ='MIC by location'!B16/'MIC by location'!$AG16 -> 0.02316213 | C15: ='MIC by location'!C16/'MIC by location'!$AG16 -> 0.7066071 | D15: - | E15: - | F15: ='MIC by location'!H16/'MIC by location'!$AG16+'MIC by location'!L16/'MIC by location'!$AG16 -> 0.14852799 | G15: 0.092834677 | H15: 0.0016745793 | I15: 0.022206309 | J15: =SUM(B15:I15) -> 0.99501278
A16: Training & academic instruction | B16: - | C16: ='MIC by location'!C17/'MIC by location'!$AG17 -> 0.44480915 | D16: - | E16: - | F16: ='MIC by location'!H17/'MIC by location'!$AG17 -> 0.029486511 | G16: 0.50259779 | H16: 0.0038382122 | I16: 0.016986748 | J16: =SUM(B16:I16) -> 0.99771842
A17: Unaccompanied housing (barracks) | B17: ='MIC by location'!B18/'MIC by location'!$AG18 -> 0.0085443693 | C17: ='MIC by location'!C18/'MIC by location'!$AG18 -> 0.19079214 | D17: - | E17: ='MIC by location'!G18/'MIC by location'!$AG18 -> 0.37135284 | F17: ='MIC by location'!L18/'MIC by location'!$AG18 -> 0.18567642 | G17: 0.21683784 | H17: 0.0010622075 | I17: 0.018483351 | J17: =SUM(B17:I17) -> 0.99274917
A18: Warehouse / storage | B18: ='MIC by location'!B19/'MIC by location'!$AG19 -> 0.011622616 | C18: ='MIC by location'!C19/'MIC by location'!$AG19 -> 0.6812612 | D18: - | E18: - | F18: ='MIC by location'!H19/'MIC by location'!$AG19 -> 0.027649365 | G18: 0.26285797 | H18: 0 | I18: 0.018523309 | J18: =SUM(B18:I18) -> 1.0019145
A19: Public service | B19: ='MIC by location'!B20/'MIC by location'!$AG20 -> 0.061592564 | C19: ='MIC by location'!C20/'MIC by location'!$AG20 -> 0.68507295 | D19: - | E19: - | F19: ='MIC by location'!H20/'MIC by location'!$AG20+'MIC by location'!K20/'MIC by location'!$AG20 -> 0.099173092 | G19: 0.083467608 | H19: 0.010280967 | I19: 0.055612292 | J19: =SUM(B19:I19) -> 0.99519947
A20: Ship operational | B20: ='MIC by location'!B21/'MIC by location'!$AG21 -> 0.052180863 | C20: ='MIC by location'!C21/'MIC by location'!$AG21 -> 0.65351206 | D20: - | E20: - | F20: ='MIC by location'!H21/'MIC by location'!$AG21 -> 0.046080978 | G20: 0.19823112 | H20: 0.0043743425 | I20: 0.023913936 | J20: =SUM(B20:I20) -> 0.9782933
A21: Security | B21: ='MIC by location'!B22/'MIC by location'!$AG22 -> 0.065620555 | C21: ='MIC by location'!C22/'MIC by location'!$AG22 -> 0.73136321 | D21: - | E21: - | F21: ='MIC by location'!K22/'MIC by location'!$AG22 -> 0.069034899 | G21: 0.099172428 | H21: 0.0081147284 | I21: 0.036615469 | J21: =SUM(B21:I21) -> 1.0099213
A22: Military medical facilities | B22: - | C22: ='MIC by location'!C23/'MIC by location'!$AG23 -> 0.21897313 | D22: - | E22: ='MIC by location'!G23/'MIC by location'!$AG23 -> 0.28310887 | F22: ='MIC by location'!H23/'MIC by location'!$AG23 -> 0.01254846 | G22: 0.44470581 | H22: 0 | I22: 0.028442824 | J22: =SUM(B22:I22) -> 0.98777909
A23: Fire station | B23: ='MIC by location'!B24/'MIC by location'!$AG24 -> 0.044089208 | C23: ='MIC by location'!C24/'MIC by location'!$AG24 -> 0.73536848 | D23: - | E23: - | F23: ='MIC by location'!K24/'MIC by location'!$AG24 -> 0.058697665 | G23: 0.077042432 | H23: 0.0023106897 | I23: 0.086849381 | J23: =SUM(B23:I23) -> 1.0043579
A24: Dining | B24: ='MIC by location'!B25/'MIC by location'!$AG25 -> 0.013196718 | C24: ='MIC by location'!C25/'MIC by location'!$AG25 -> 0.20987244 | D24: ='MIC by location'!D25/'MIC by location'!$AG25 -> 0.077248612 | E24: ='MIC by location'!G25/'MIC by location'!$AG25 -> 0.26793983 | F24: ='MIC by location'!H25/'MIC by location'!$AG25+'MIC by location'!L25/'MIC by location'!$AG25 -> 0.28482629 | G24: 0.13133066 | H24: 0.00098886396 | I24: 0.0090964813 | J24: =SUM(B24:I24) -> 0.99449989
A25: Armory | B25: ='MIC by location'!B26/'MIC by location'!$AG26 -> 0.082260601 | C25: ='MIC by location'!C26/'MIC by location'!$AG26 -> 0.36593384 | D25: - | E25: - | F25: ='MIC by location'!H26/'MIC by location'!$AG26 -> 0.02146867 | G25: 0.48255608 | H25: 9.0000888e-05 | I25: 0.048785993 | J25: =SUM(B25:I25) -> 1.0010952
A26: Average MICs | B26: =AVERAGE(B3:B25) -> 0.054278957 | C26: =AVERAGE(C3:C25) -> 0.51902434 | D26: =AVERAGE(D3:D25) -> 0.077248612 | E26: =AVERAGE(E3:E25) -> 0.21868777 | F26: =AVERAGE(F3:F25) -> 0.092352054
A29: For image grading:

Sheet Aircraft traffic control & oper
A1: Archetype/Typology | B1: Asset | C1: Asset description | D1: Assembly | E1: Material Category | F1: Material | G1: Qty | H1: Size | I1: UOM | J1: thickness (ft) | K1: width (ft) | L1: density | M1: UOM | N1: Mass (lbs) | O1: Building Area | P1: Functional Unit | Q1: Mass per Functional Unit (lbs/ft2) | R1: data confidence level | S1: Source of data | T1: assumptions
A2: Aircraft traffic control/operations | B2: FOOTING | C2: STRIP FOOTINGS | D2: concrete | E2: concrete | F2: concrete | G2: 1 | H2: 380 | I2: LF | J2: 0.66666667 | K2: 1.5 | L2: 150 | M2: (lb/ft3) | N2: =L2*K2*J2*H2 -> 57000 | O2: 9443 | P2: ft2 | Q2: =N2/O2 -> 6.0362173 | R2: 4 | S2: UFC 3-220-01 1808.2: | T2: continuous footings shall be 18" wide or 8" wider than the supported wall, whichever is greater
S3: IBC 1809.8 Plain concrete footings | T3: The edge thickness of plain concrete footings supporting walls of other than light-frame construction shall not be less than 8"
D4: reinforcement | E4: steel | F4: carbon steel | L4: 5.25 | M4: (lb/ft3) | N4: =L4*K2*J2*H2 -> 1995 | Q4: =N4/$O$2 -> 0.21126761 | R4: 4 | S4: https://help.oneclicklca.com/en/articles/275888-average-quantities-of-reinforcement-in-concrete | T4: average reinforcement in footings is ~5.25 lbs/ft3
B5: SLAB | C5: PLAIN/REINFORCED | D5: concrete | E5: concrete | F5: concrete | G5: 1 | H5: 8900 | I5: SF | J5: 0.5 | K5: - | L5: 150 | M5: (lb/ft3) | N5: =L5*J5*H5 -> 667500 | Q5: =N5/$O$2 -> 70.687282 | R5: 5 | S5: iNFADS specified 10" heavy duty slab
D6: reinforcement | E6: steel | F6: carbon steel | L6: 6 | M6: (lb/ft3) | N6: =L6*J5*H5 -> 26700 | Q6: =N6/$O$2 -> 2.8274913 | R6: 5 | S6: engineering judgement, https://www.omnicalculator.com/construction/concrete-weight: | T6: slab of concrete = 150 lbs/cubic ft; reinforced conrete = 156 lbs/cubic ft
B7: FLOOR CONSTRUCTION | C7: WOOD BEAM, JOIST, AND DECK | D7: beam | E7: wood | F7: softwood | G7: 30 | H7: 2000 | I7: SF | J7: 3-2x8 | K7: 10 | L7: 4.84 | M7: lb/linear ft | N7: =L7*K7*G7 -> 1452 | Q7: =N7/$O$2 -> 0.15376469 | R7: 1 | S7: engineering judgement | T7: assume 3-2x12 girders because seems to be common
S8: https://roofobservations.com/2x12-lumber-weight/ | T8: 2x12 lumber weight
D9: Joists | E9: wood | F9: softwood | G9: 51 | J9: 2x8 | K9: 10 | L9: 2.42 | M9: lbs/ft | N9: =L9*G9*K9 -> 1234.2 | Q9: =N9/$O$2 -> 0.13069999 | R9: 1 | S9: https://constructionmentor.net/wood-joist-floor-assembly/ | T9: common joist spacing is 12, 16, 24" o.c.. Common span length allowances. Deeper joists spaced further apart is typically more desirable... Select 2x10 @ 24" spacing
S10: iNFADS | T10: assume mezzanine is 100x20'
S11: https://awc.org/calculators/span-options-calculator-for-wood-joists-and-rafters/ | T11: assume 2x8s at 24" spacing span 10'
S12: https://roofobservations.com/2x12-lumber-weight/ | T12: 2x12 and 2x8 lumber weight
D13: columns | E13: wood | F13: softwood | G13: 33 | J13: 8x8 | K13: 10 | L13: 9.68 | M13: lbs/ft | N13: =L13*K13*G13 -> 3194.4 | Q13: =N13/O2 -> 0.33828233 | R13: 1 | S13: engineering judgement | T13: 2-2x12s sold in 10-20' lengths, assume 20' span -> 5 beam and 6 posts along beam
S14: engineering judgement | T14: assume posts are 10' tall, 4x4 post
D15: floor deck | E15: wood | F15: plywood | G15: 1 | J15: 0.072916667 | K15: - | L15: 36.8 | M15: (lb/ft3) | N15: =L15*H7*J15 -> 5366.6667 | Q15: =N15/$O$2 -> 0.56832221 | R15: 4 | S15: ICC Table 2304.8(4) allowable span for wood strucutral panel combination subfloor-underlayment (single floor) | T15: 24" joist spacing -> 7/8"
S16: UFGS 2.3.2.1 Plywood | T16: Provide plywood underlayment; minimum thickiness must be as listed below: 24" -> 7/8"
S17: https://www.hunker.com/13401564/how-to-calculate-the-weight-of-plywood/ | T17: weight of plywood
B18: ROOF CONSTRUCTION | C18: STEEL DECK, BEAMS, AND BAR JOISTS | D18: girders | E18: steel | F18: hot-rolled, structural steel | G18: 9 | H18: 9500 | I18: SF | J18: W12x44 | K18: 30 | L18: 44 | M18: lb/linear ft | N18: =L18*K18*G18 -> 11880 | Q18: =N18/$O$2 -> 1.2580748 | R18: 2 | S18: infads | T18: building is 101 ft long and 89.5 ft wide
S19: https://vulcraft.com/learning/designing-lecture/Roof%20Design%20with%20Joists%20and%20Joist%20Girders.pdf | T19: k-series joist most common for roof construction
S20: https://vulcraft.com/catalogs/JoistGirder/Standard_Weights-Joist-Girders.pdf | T20: select 44G10N12k for 45' span (1 columns) -> 64 lbs/ft
D21: Joists | E21: steel | F21: cold-formed, structural steel | G21: 32 | J21: - | K21: 50.5 | L21: 8.4 | M21: lbs/linear ft | N21: =L21*G21*K21 -> 13574.4 | Q21: =N21/$O$2 -> 1.4375093 | R21: 2 | S21: https://vulcraft.com/learning/designing-lecture/Roof%20Design%20with%20Joists%20and%20Joist%20Girders.pdf | T21: k-series joist most common for roof construction
S22: https://vulcraft.com/catalogs/JoistGirder/Load_Tables_ASD_K-Series.pdf | T22: 18k6 for 50' span
S23: American National Standard SJI 100 standard ASD load tables | T23: 18k6 weighs 8.4 lbs/ft
S24: drawing | T24: 20 joists if 4.5' spacing
D25: columns | E25: steel | F25: hot-rolled, structural steel | G25: 12 | J25: W18x97 | K25: 29 | L25: 97 | M25: lbs/linear ft | N25: =L25*K25*G25 -> 33756 | Q25: =N25/O2 -> 3.5747114 | R25: 2 | S25: engineering judgement | T25: tributary area = 30x50', load = 0.3*tributary area*# of floors
S26: AISC Steel construction manual Table 4-1 | T26: select W12x87 for Lc = 29 and phiPn = 421
D27: roof deck | E27: steel | F27: cold-formed, galvanized steel | G27: 1 | J27: 0.0033333333 | K27: - | L27: 1.656 | M27: (lb/ft2) | N27: =L27*H18 -> 15732 | Q27: =N27/$O$2 -> 1.665996 | R27: 4 | S27: UFGS Section 05 30 00 page 11, 2.1 | T27: Minumum metal thickness should be 0.014" for form decks and .0295" for roof and composite decks. However, for corrosive exposures, consider 0.0358" minimum thickness.
S28: https://www.riversidesheetmetal.net/sheet-metal/gauge-and-weight-chart/ | T28: Weight of 20 gauge steel
S29: https://blog.metaldeck.com/what-gauge-metal-deck-common-thicknesses | T29: on the West Coast you will typically find that for 1.5” Type B and 3” Type N, your options are: 22 Gauge, 20 Gauge, 18 Gauge and 16 Gauge. 1.5” Type B is a short to medium span panel and you will find that it is available in 22, 20, 18 & 16 gauge. For 3” Type N, which is a deeper panel that can span longer distances, 22 Gauge is not a common gauge. The more common gauges for 3” Type N metal deck are 20, 18 and 16 gauge. Type N is used when a stronger panel is needed, which is why the heavier gauges are normally specified.
B30: EXTERIOR WALLS | C30: CONCRETE BLOCK | D30: CMU block | E30: concrete | F30: Concrete masonry unit | G30: 1 | H30: 1800 | I30: SF | J30: 0.66666667 | K30: - | L30: 150 | M30: (lb/ft3) | N30: =L30*J30*H30 -> 180000 | Q30: =N30/$O$2 -> 19.061739 | R30: 3 | S30: https://www.bowmancc.com/articles/what-is-cmu-veneer | T30: CMU walls are made of 8” x 8” x 16” hollow concrete blocks laid with mortar. They are almost always reinforced with rebar and the hollow portions are filled with concrete
D31: reinforcement | E31: steel | F31: carbon steel | J31: - | K31: - | L31: 1.9 | M31: (lb/ft2) | N31: =L31*H30 -> 3420 | Q31: =N31/$O$2 -> 0.36217304 | R31: 3 | S31: https://www.concretebuildings.org/tiltup/faq.html#:~:text=The%20minimum%20thickness%20for%20commercial,to%202.5%20psf%20of%20reinforcing). | T31: Assume same reinforcing as CIP concrete wall
C32: STEEL SIDING PANEL | D32: steel siding panel | E32: steel | F32: cold-formed, galvanized steel | G32: 1 | H32: 4000 | I32: SF | J32: 0.005 | K32: - | L32: 480 | M32: (lb/ft3) | N32: =L32*J32*H32 -> 9600 | Q32: =N32/$O$2 -> 1.0166261 | R32: 4 | S32: https://www.greenbuildingadvisor.com/cad/detail/wall-section-metal-lap-siding-1-rigid-insulation | T32: assembly is rigid insulation then metal panel
D33: water resistive barrier | E33: organic mat, asphalt coating | F33: #15 felt | J33: - | K33: - | L33: 0.15 | M33: (lb/ft2) | N33: =L33*H32 -> 600 | Q33: =N33/$O$2 -> 0.06353913 | R33: 2 | S33: IBC 1403.2: | T33: No fewer than one layer of water-resistive barrier material (no. 15 felt) shall be attached to the studs or sheathing, with flashing as described in section 1404.4
D34: insulation | E34: plastic | F34: polyisocyanurate foam | J34: 0.16666667 | K34: - | L34: 2.5 | M34: (lb/ft3) | N34: =L34*J34*H32 -> 1666.6667 | Q34: =N34/$O$2 -> 0.17649758 | R34: 2 | S34: NREL BCL 90.1-1999 Nonres B6 Ext Wall Metal Building | T34: Layer 1: Metal siding, 0.0015 m thick, 7688.86 kg/m3; Layer 2: Wall insulation, 0.0598725 m thick, 265 kg/m3; Layer 3: 1/2" glass mat gypsum board, 784.9 kg/m3
D35: sheathing | E35: gypsum board | F35: glass mat gypsum board | J35: 0.041666667 | K35: - | L35: 50 | M35: (lb/ft3) | N35: =L35*J35*H32 -> 8333.3333 | Q35: =N35/$O$2 -> 0.88248791 | R35: 3 | S35: https://therm-all.com/a-guide-to-metal-building-insulation/#:~:text=The%20most%20common%20type%20of,in%20exposed%20metal%20building%20applications. | T35: The most common type of continuous insulation for metal buildings consists of a rigid polyisocyanurate or polyurethane foam core
B36: DOORS, EXTERIOR METAL DOORS | C36: STEEL DOORS | D36: Steel door | E36: - | F36: - | G36: 6 | H36: 21 | I36: SF | J36: - | K36: - | L36: - | M36: lbs/door | N36: =H36*G36 -> 126 | Q36: =N36/O2 -> 0.013343217 | R36: 4 | S36: https://www.metalbuildingdoors.com/steel-walk-doors.html#:~:text=Steel%20Entry%20Doors,assemble%20a%20knock%20down%20door. | T36: standard door size for commercial/industrial buildings 3'x7'
B37: DOORS, EXTERIOR | C37: OVERHEAD DOORS | D37: Overhead door | E37: - | F37: - | G37: 3 | H37: 85 | I37: SF | J37: - | K37: - | L37: - | M37: (lb/ft2) | N37: =H37*G37 -> 255 | Q37: =N37/$O$2 -> 0.02700413 | R37: 4 | S37: https://thegannagency.com/semi-truck-trailer-dimensions/ | T37: assume 8.5'x10' doors because that is standard size in US
S38: https://www.vortexdoors.com/blog/commercial-roll-up-door-sizes | T38: Loading doors are typ8ically 8-10 ft high and 8-8.5' wide (to accomodate standard cargo trucks)
B39: ROOF COVERING | C39: PREFORMED METAL ROOF | D39: preformed metal roof | E39: aluminum | F39: aluminum | G39: 1 | H39: 8900 | I39: SF | J39: 0.0041666667 | K39: - | L39: 0.569 | M39: (lb/ft2) | N39: =H39*L39 -> 5064.1 | Q39: =N39/$O$2 -> 0.53628084 | R39: 3 | S39: UFC 3-110-03 5-2.7 | T39: When aluminum substrates are used the minimum required thickness is .032 in.
S40: UFGS Section 07 41 13 Page 19, 2.1.1 | T40: Roll-form aluminum roof panels to the to the specified profile, with fy = [ 30][ 40][ 50][ 80] ksi, [.032][.040][.050] inch thickness and depth as indicated. Do not use less than 18-gauge (1.27 mm) material in humid locations or project locations with Environmental Severity Classifications (ESC) of C3 thru C5. *Naval Base Ventura City is C5 ESC.
S41: https://armstrongmetalcrafts.com/reference/SheetMetalGaugeWeight.aspx | T41: weight from manufacturer specs
D42: #30 felt insulation | E42: organic mat, asphalt coating | F42: #30 felt | G42: 1 | J42: - | K42: - | L42: 0.215 | M42: (lb/ft2) | N42: =H39*L42 -> 1913.5 | Q42: =N42/$O$2 -> 0.20263687 | R42: 3 | S42: drawings | T42: specified #30 felt
S43: https://roofonline.com/weight-of-roofing-materials/ | T43: felt weight
D44: plywood | E44: wood | F44: plywood | G44: 1 | J44: 0.052083333 | K44: - | L44: 1.56 | M44: (lb/ft2) | N44: =L44*H39 -> 13884 | Q44: =N44/$O$2 -> 1.4702955 | R44: 3 | S44: https://www.hansenpolebuildings.com/2015/08/standing-seam-steel/#:~:text=Planning%20on%20using%20a%20standing,over%205%2F8%E2%80%9D%20plywood. | T44: use 5/8" thick plywood under standing seam metal roofs
S45: https://www.soundproofingcompany.com/soundproofing_101/building-materials-weights-guide | T45: plywood weigth chart
D46: insulation | E46: plastic | F46: polyisocyanurate foam | G46: 2 | J46: 0.125 | K46: - | L46: 2.5 | M46: (lb/ft3) | N46: =L46*H39*J46*G46 -> 5562.5 | Q46: =N46/$O$2 -> 0.58906068 | R46: 1 | S46: UFC 3 101 01 1404.3.5 | T46: Design low-slop roof assemblies using rigid insulation without a vapor retarder whenver possible
S47: NREL BCL 90.1-2004 nonres 3C roof | T47: Insulation R-15ci -> polysio thickness = 2.5"… choose is 1.5"
S48: UFC 3-110-03 2-4.2.1 Steel decks: | T48: Two layers of insulation are required. Depending on wind resistance requirements, all layers of insulation may be mechanically fastened or the bottom layer may be mechanically fastened and the top layer adhered. Wood fiberboard may not be in direct contact with steel decks.
S49: UFC 3-110-03 2-5.2.3 | T49: Polyisocyanurate foam board is the most commonly used roof insulation.
F52: Materials | G52: Mass (lbs) | H52: MIC (lbs/ft2)
F53: concrete | G53: =SUMIF($F$2:$F$49,$F53,N$2:N$49) -> 724500 | H53: =SUMIF($F$2:$F$49,$F53,Q$2:Q$49) -> 76.723499
F54: carbon steel | G54: =SUMIF($F$2:$F$49,$F54,N$2:N$49) -> 32115 | H54: =SUMIF($F$2:$F$49,$F54,Q$2:Q$49) -> 3.4009319
F55: softwood | G55: =SUMIF($F$2:$F$49,$F55,N$2:N$49) -> 5880.6 | H55: =SUMIF($F$2:$F$49,$F55,Q$2:Q$49) -> 0.62274701
F56: plywood | G56: =SUMIF($F$2:$F$49,$F56,N$2:N$49) -> 19250.667 | H56: =SUMIF($F$2:$F$49,$F56,Q$2:Q$49) -> 2.0386177
F57: Concrete masonry unit | G57: =SUMIF($F$2:$F$49,$F57,N$2:N$49) -> 180000 | H57: =SUMIF($F$2:$F$49,$F57,Q$2:Q$49) -> 19.061739
F58: cold-formed, galvanized steel | G58: =SUMIF($F$2:$F$49,$F58,N$2:N$49) -> 25332 | H58: =SUMIF($F$2:$F$49,$F58,Q$2:Q$49) -> 2.682622
F59: hot-rolled, structural steel | G59: =SUMIF($F$2:$F$49,$F59,N$2:N$49) -> 45636 | H59: =SUMIF($F$2:$F$49,$F59,Q$2:Q$49) -> 4.8327862
F60: cold-formed, structural steel | G60: =SUMIF($F$2:$F$49,$F60,N$2:N$49) -> 13574.4 | H60: =SUMIF($F$2:$F$49,$F60,Q$2:Q$49) -> 1.4375093
F61: polyisocyanurate foam | G61: =SUMIF($F$2:$F$49,$F61,N$2:N$49) -> 7229.1667 | H61: =SUMIF($F$2:$F$49,$F61,Q$2:Q$49) -> 0.76555826
F62: glass mat gypsum board | G62: =SUMIF($F$2:$F$49,$F62,N$2:N$49) -> 8333.3333 | H62: =SUMIF($F$2:$F$49,$F62,Q$2:Q$49) -> 0.88248791
F63: aluminum | G63: =SUMIF($F$2:$F$49,$F63,N$2:N$49) -> 5064.1 | H63: =SUMIF($F$2:$F$49,$F63,Q$2:Q$49) -> 0.53628084
F64: #15 felt | G64: =SUMIF($F$2:$F$49,$F64,N$2:N$49) -> 600 | H64: =SUMIF($F$2:$F$49,$F64,Q$2:Q$49) -> 0.06353913
F65: #30 felt | G65: =SUMIF($F$2:$F$49,$F65,N$2:N$49) -> 1913.5 | H65: =SUMIF($F$2:$F$49,$F65,Q$2:Q$49) -> 0.20263687
F68: Material Category | G68: Mass (lbs) | H68: MIC (lbs/ft2)
F69: concrete | G69: =SUMIF($E$2:$E$49,$F69,N$2:N$49) -> 904500 | H69: =SUMIF($E$2:$E$49,$F69,Q$2:Q$49) -> 95.785238
F70: steel | G70: =SUMIF($E$2:$E$49,$F70,N$2:N$49) -> 116657.4 | H70: =SUMIF($E$2:$E$49,$F70,Q$2:Q$49) -> 12.353849
F71: wood | G71: =SUMIF($E$2:$E$49,$F71,N$2:N$49) -> 25131.267 | H71: =SUMIF($E$2:$E$49,$F71,Q$2:Q$49) -> 2.6613647
F72: plastic | G72: =SUMIF($E$2:$E$49,$F72,N$2:N$49) -> 7229.1667 | H72: =SUMIF($E$2:$E$49,$F72,Q$2:Q$49) -> 0.76555826
F73: gypsum board | G73: =SUMIF($E$2:$E$49,$F73,N$2:N$49) -> 8333.3333 | H73: =SUMIF($E$2:$E$49,$F73,Q$2:Q$49) -> 0.88248791
F74: aluminum | G74: =SUMIF($E$2:$E$49,$F74,N$2:N$49) -> 5064.1 | H74: =SUMIF($E$2:$E$49,$F74,Q$2:Q$49) -> 0.53628084
F75: organic mat, asphalt coating | G75: =SUMIF($E$2:$E$49,$F75,N$2:N$49) -> 2513.5 | H75: =SUMIF($E$2:$E$49,$F75,Q$2:Q$49) -> 0.266176

Sheet Ammunition & explosives storage
A1: Archetype/Typology | B1: Asset | C1: Asset description | D1: Assembly | E1: Material Category | F1: Material | G1: Qty | H1: Size | I1: UOM | J1: thickness (ft) | K1: width (ft) | L1: density | M1: UOM | N1: Mass (lbs) | O1: Building Area | P1: Functional Unit | Q1: Mass per Functional Unit (lbs/ft2) | R1: data confidence level | S1: Source of data | T1: assumptions
A2: Ammunition & Explosives Storage Magazine | B2: FOOTING | C2: STRIP FOOTINGS | D2: concrete | E2: concrete | F2: concrete | G2: 1 | H2: 220 | I2: LF | J2: 0.66666667 | K2: 1.5 | L2: 150 | M2: (lb/ft3) | N2: =L2*K2*J2*H2 -> 33000 | O2: 2378 | P2: ft2 | Q2: =N2/O2 -> 13.877208 | R2: 4 | S2: IBC 1809.8 Plain concrete footings | T2: The edge thickness of plain concrete footings supporting walls of other than light-frame construction shall not be less than 8"
S3: UFC 3-220-01 1808.2: | T3: continuous footings shall be 18" wide or 8" wider than the supported wall, whichever is greater
S4: UFC 3-220-01 1809.4: | T4: The minimum depth of footings below the finished ground surface shall be 457 mm (18 inches).
D5: reinforcement | E5: steel | F5: carbon steel | L5: 5.25 | M5: (lb/ft3) | N5: =L5*K2*J2*H2 -> 1155 | Q5: =N5/$O$2 -> 0.48570227 | R5: 4 | S5: https://help.oneclicklca.com/en/articles/275888-average-quantities-of-reinforcement-in-concrete | T5: reinforcement averages in footings ~5.25 lbs/ft3
B6: SLAB | C6: PLAIN/REINFORCED | D6: concrete | E6: concrete | F6: concrete | G6: 1 | H6: 2300 | I6: SF | J6: 0.5 | K6: - | L6: 150 | M6: (lb/ft3) | N6: =L6*J6*H6 -> 172500 | Q6: =N6/$O$2 -> 72.53995 | R6: 4 | S6: iNFADS specified 10" heavy duty slab
D7: reinforcement | E7: steel | F7: carbon steel | L7: 6 | M7: (lb/ft3) | N7: =L7*J6*H6 -> 6900 | Q7: =N7/$O$2 -> 2.901598 | R7: 4 | S7: engineering judgement, https://www.omnicalculator.com/construction/concrete-weight: | T7: slab of concrete = 150 lbs/cubic ft; reinforced conrete = 156 lbs/cubic ft
B8: ROOF CONSTRUCTION | C8: CIP CONCRETE CAP | D8: concrete slab | E8: concrete | F8: concrete | G8: 1 | H8: 5000 | I8: SF | J8: 1 | K8: - | L8: 150 | M8: (lb/ft3) | N8: =L8*J8*H8 -> 750000 | Q8: =N8/$O$2 -> 315.39108 | R8: 5 | S8: iNFADS | T8: assume 12" thick because other similar buildings in the same archetype specify 12" thick concrete arch
D9: reinforcement | E9: steel | F9: carbon steel | J9: - | K9: - | L9: 6 | M9: (lb/ft3) | N9: =L9*H8 -> 30000 | Q9: =N9/$O$2 -> 12.615643 | R9: 3 | S9: https://www.concretebuildings.org/tiltup/faq.html#:~:text=The%20minimum%20thickness%20for%20commercial,to%202.5%20psf%20of%20reinforcing). | T9: 1.3 to 2.5 psf of reinforcing for precast concrete walls... Assume same for CIP concrete walls
B10: EXTERIOR WALLS | C10: CIP CONCRETE HEAD WALL | D10: concrete | E10: concrete | F10: concrete | G10: 1 | H10: 360 | I10: SF | J10: 1 | K10: - | L10: 150 | M10: (lb/ft3) | N10: =H10*L10*J10 -> 54000 | Q10: =N10/$O$2 -> 22.708158 | R10: 5 | S10: iNFADS | T10: assume 12" thick because other similar buildings in the same archetype specify 12" thick concrete arch
S11: IBC 1403.6 | T11: Exterior walls of concrete construction shall be designed and constructed in accordance with Chapter 19.
S12: WBDG building envelope design guide | T12: CIP concrete walls derive their thermal performance characteristics primarily from the amount of isolation placed in the cavity or within the backup wall; most common moisture protection system is a barrier system incorporating an adequate joint seal
S13: https://www.concretebuildings.org/tiltup/faq.html#:~:text=The%20minimum%20thickness%20for%20commercial,to%202.5%20psf%20of%20reinforcing). | T13: 1.3 to 2.5 psf of reinforcing for precast concrete walls... Assume same for CIP concrete walls
D14: reinforcement | E14: steel | F14: carbon steel | J14: - | K14: - | L14: 1.9 | M14: (lb/ft2) | N14: =L14*H10 -> 684 | Q14: =N14/$O$2 -> 0.28763667 | R14: 3 | S14: ICC TABLE 722.2.1.1MINIMUM EQUIVALENT THICKNESS OF CAST-IN-PLACE OR PRECAST CONCRETE WALLS, LOAD-BEARING OR NONLOAD-BEARING | T14: Minimum slab thickness based on fier-resistance rating... 2 hrs = 5, 3 hrs = 6.2, 4 hrs = 7
C15: CIP CONCRETE | D15: concrete | E15: concrete | F15: concrete | G15: 1 | H15: 3400 | I15: SF | J15: 1 | K15: - | L15: 150 | M15: (lb/ft3) | N15: =H15*L15*J15 -> 510000 | Q15: =N15/$O$2 -> 214.46594 | R15: 5 | S15: iNFADS | T15: assume 12" thick because other similar buildings in the same archetype specify 12" thick concrete arch
S16: IBC 1403.6 | T16: Exterior walls of concrete construction shall be designed and constructed in accordance with Chapter 19.
S17: WBDG building envelope design guide | T17: CIP concrete walls derive their thermal performance characteristics primarily from the amount of isolation placed in the cavity or within the backup wall; most common moisture protection system is a barrier system incorporating an adequate joint seal
S18: https://www.concretebuildings.org/tiltup/faq.html#:~:text=The%20minimum%20thickness%20for%20commercial,to%202.5%20psf%20of%20reinforcing). | T18: 1.3 to 2.5 psf of reinforcing for precast concrete walls... Assume same for CIP concrete walls
D19: reinforcement | E19: steel | F19: carbon steel | J19: - | K19: - | L19: 1.9 | M19: (lb/ft2) | N19: =L19*H15 -> 6460 | Q19: =N19/$O$2 -> 2.7165685 | R19: 3 | S19: ICC TABLE 722.2.1.1MINIMUM EQUIVALENT THICKNESS OF CAST-IN-PLACE OR PRECAST CONCRETE WALLS, LOAD-BEARING OR NONLOAD-BEARING | T19: Minimum slab thickness based on fier-resistance rating... 2 hrs = 5, 3 hrs = 6.2, 4 hrs = 7
B20: DOORS, EXTERIOR METAL DOORS | C20: BLAST RESISTANT DOORS | D20: blast resistant door (steel) | E20: - | F20: - | G20: 2 | H20: 48 | I20: SF | J20: - | K20: - | L20: - | M20: lbs/door | N20: =H20*G20 -> 96 | Q20: =N20/O2 -> 0.040370059 | R20: 4 | S20: https://mannleeco.com/standard-door-size/ | T20: standard door size for commercial buildings and residential houses is 36x80"
F23: Materials | G23: Mass (lbs) | H23: MIC (lbs/ft2)
F24: concrete | G24: =SUMIF($F$2:$F$20,$F24,N$2:N$20) -> 1519500 | H24: =SUMIF($F$2:$F$20,$F24,Q$2:Q$20) -> 638.98234
F25: carbon steel | G25: =SUMIF($F$2:$F$20,$F25,N$2:N$20) -> 45199 | H25: =SUMIF($F$2:$F$20,$F25,Q$2:Q$20) -> 19.007149
F28: Materials Category | G28: Mass (lbs) | H28: MIC (lbs/ft2)
F29: concrete | G29: =SUMIF($E$2:$E$20,$F29,N$2:N$20) -> 1519500 | H29: =SUMIF($E$2:$E$20,$F29,Q$2:Q$20) -> 638.98234
F30: steel | G30: =SUMIF($E$2:$E$20,$F30,N$2:N$20) -> 45199 | H30: =SUMIF($E$2:$E$20,$F30,Q$2:Q$20) -> 19.007149

Sheet Aircraft maintenance hangar
A1: Archetype/Typology | B1: Asset | C1: Asset description | D1: Assembly | E1: Material Category | F1: Material | G1: Qty | H1: Size | I1: UOM | J1: thickness (ft) | K1: width (ft) | L1: density | M1: UOM | N1: Mass (lbs) | O1: Building Area | P1: Functional Unit | Q1: Mass per Functional Unit (lbs/ft2) | R1: data confidence level | S1: Source of data | T1: assumptions
A2: Aircraft maintenance hangar | B2: FOOTING | C2: STRIP FOOTINGS | D2: concrete | E2: concrete | F2: concrete | G2: 1 | H2: 2100 | I2: LF | J2: 0.66666667 | K2: 1.5 | L2: 150 | M2: (lb/ft3) | N2: =L2*K2*J2*H2 -> 315000 | O2: 114651 | P2: ft2 | Q2: =N2/O2 -> 2.7474684 | R2: 4 | S2: UFC 3-220-01 1808.2: | T2: continuous footings shall be 18" wide or 8" wider than the supported wall, whichever is greater
S3: IBC Table 1809.7: | T3: Prescriptive footings supporting walls of light-frame construction: 2 floors -> 6" thick footing
D4: reinforcement | E4: steel | F4: carbon steel | L4: 5.25 | M4: (lb/ft3) | N4: =L4*K2*J2*H2 -> 11025 | Q4: =N4/$O$2 -> 0.096161394 | R4: 4 | S4: engineering judgement, https://www.omnicalculator.com/construction/concrete-weight: | T4: slab of concrete = 150 lbs/cubic ft; reinforced conrete = 156 lbs/cubic ft
B5: SLAB | C5: PLAIN/REINFORCED | D5: concrete | E5: concrete | F5: concrete | G5: 1 | H5: 106100 | I5: SF | J5: 0.66666667 | K5: - | L5: 150 | M5: (lb/ft3) | N5: =L5*J5*H5 -> 10610000 | Q5: =N5/$O$2 -> 92.541714 | R5: 5 | S5: iNFADS specified 10" heavy duty slab
D6: reinforcement | E6: steel | F6: carbon steel | L6: 6 | M6: (lb/ft3) | N6: =L6*J5*H5 -> 424400 | Q6: =N6/$O$2 -> 3.7016685 | R6: 5 | S6: engineering judgement, https://www.omnicalculator.com/construction/concrete-weight: | T6: slab of concrete = 150 lbs/cubic ft; reinforced conrete = 156 lbs/cubic ft
B7: FLOOR CONSTRUCTION | C7: LIGHT GAUGE STEEL FLOOR SYSTEM | D7: girders | E7: steel | F7: hot-rolled structural steel | G7: 93 | H7: 21200 | I7: SF | J7: W8x40 | K7: 25 | L7: 40 | M7: lb/linear ft | N7: =L7*K7*G7 -> 93000 | Q7: =N7/$O$2 -> 0.81115734 | R7: 2 | S7: infads | T7: building is 180 ft long and 80 ft wide
S8: https://vulcraft.com/learning/designing-lecture/Roof%20Design%20with%20Joists%20and%20Joist%20Girders.pdf | T8: k-series joist most common for roof construction
S9: https://constructionmentor.net/open-web-steel-joists/ | T9: select 28k10 for 50' span; girder spacing 6'-8"
S10: https://vulcraft.com/catalogs/JoistGirder/Standard_Weights-Joist-Girders.pdf | T10: with a 40' span (1 columns; 80' length),6 joist spaces @ 6.67' spacing, 40" girder depth, 12 kips ASD -> joist girder weighs 36 lbs/linear ft
D11: light gauge joists | E11: steel | F11: cold-formed structural steel | G11: 1020 | J11: 600S300-68 | K11: 10 | L11: 3.09 | M11: lbs/linear ft | N11: =L11*G11*K11 -> 31518 | Q11: =N11/$O$2 -> 0.27490384 | R11: 2 | S11: https://www.canam.com/en/blog/why-are-open-web-steel-joists-the-most-advantageous-option-when-building-a-warehouse/#:~:text=It%20is%20no%20coincidence%20that,joists%20offer%20various%20other%20advantages. | T11: open web steel joists most common option for warehouses
S12: https://vulcraft.com/catalogs/JoistGirder/Load_Tables_ASD_K-Series.pdf | T12: 28k10 for 50' span
S13: American National Standard SJI 100 standard ASD load tables | T13: 28k10 weighs 11.8 lbs/ft
S14: drawing | T14: 44 joists if 6.67' spacing
D15: columns | E15: steel | F15: hot-rolled structural steel | G15: 120 | J15: W8x31 | K15: 14.666667 | L15: 31 | M15: lb/linear ft | N15: =L15*K15*G15 -> 54560 | Q15: =N15/O2 -> 0.47587897 | R15: 1 | S15: AISC Steel construction manual Table 4-1 | T15: W8x31
S16: INFADS | T16: column height = 44/3
D17: Floor deck | E17: steel | F17: cold-formed structural steel | G17: 1 | J17: 0.0033333333 | K17: - | L17: 1.656 | M17: (lb/ft2) | N17: =L17*H7 -> 35107.2 | Q17: =N17/$O$2 -> 0.30620928 | R17: 2 | S17: UFGS Section 05 30 00 page 11, 2.1 | T17: Minumum metal thickness should be 0.014" for form decks and .0295" for roof and composite decks. However, for corrosive exposures, consider 0.0358" minimum thickness.
S18: https://www.riversidesheetmetal.net/sheet-metal/gauge-and-weight-chart/ | T18: Weight of 20 gauge steel
S19: https://blog.metaldeck.com/what-gauge-metal-deck-common-thicknesses | T19: on the West Coast you will typically find that for 1.5” Type B and 3” Type N, your options are: 22 Gauge, 20 Gauge, 18 Gauge and 16 Gauge. 1.5” Type B is a short to medium span panel and you will find that it is available in 22, 20, 18 & 16 gauge. For 3” Type N, which is a deeper panel that can span longer distances, 22 Gauge is not a common gauge. The more common gauges for 3” Type N metal deck are 20, 18 and 16 gauge. Type N is used when a stronger panel is needed, which is why the heavier gauges are normally specified.
D20: concrete topping | E20: concrete | F20: concrete | J20: 0.27083333 | K20: - | L20: 150 | M20: (lb/ft3) | N20: =L20*J20*H7 -> 861250 | Q20: =N20/O2 -> 7.5119275 | S20: https://www.aisc.org/architecture-center/engineering-basics/preliminary-beam-girder-and-column-size-tables/ | T20: assume 3.23" concrete topping
D21: reinforcement | E21: steel | F21: carbon steel | J21: 0.27083333 | K21: - | L21: 6 | M21: (lb/ft3) | N21: =L21*J21*H7 -> 34450 | Q21: =N21/O2 -> 0.3004771 | S21: engineering judgement, https://www.omnicalculator.com/construction/concrete-weight: | T21: slab of concrete = 150 lbs/cubic ft; reinforced conrete = 156 lbs/cubic ft
B22: ROOF CONSTRUCTION | C22: STEEL DECK, BEAMS, AND BAR JOISTS | D22: Joist girders | E22: steel | F22: cold-formed structural steel | G22: 17 | H22: 106100 | I22: SF | J22: - | K22: 120 | L22: 66 | M22: lb/linear ft | N22: =L22*K22*G22 -> 134640 | Q22: =N22/$O$2 -> 1.1743465 | R22: 2 | S22: infads | T22: building is 180 ft long and 80 ft wide
S23: https://vulcraft.com/learning/designing-lecture/Roof%20Design%20with%20Joists%20and%20Joist%20Girders.pdf | T23: k-series joist most common for roof construction
S24: https://constructionmentor.net/open-web-steel-joists/ | T24: select 28k10 for 50' span; girder spacing 6'-8"
S25: https://vulcraft.com/catalogs/JoistGirder/Standard_Weights-Joist-Girders.pdf | T25: with a 40' span (1 columns; 80' length),6 joist spaces @ 6.67' spacing, 40" girder depth, 12 kips ASD -> joist girder weighs 36 lbs/linear ft
D26: Joists | E26: steel | F26: cold-formed structural steel | G26: 336 | J26: 24k7 | K26: 40 | L26: 9 | M26: lbs/linear ft | N26: =L26*G26/2*K26+G26/2*50*L26 -> 136080 | Q26: =N26/$O$2 -> 1.1869064 | R26: 2 | S26: https://www.canam.com/en/blog/why-are-open-web-steel-joists-the-most-advantageous-option-when-building-a-warehouse/#:~:text=It%20is%20no%20coincidence%20that,joists%20offer%20various%20other%20advantages. | T26: open web steel joists most common option for warehouses
S27: https://vulcraft.com/catalogs/JoistGirder/Load_Tables_ASD_K-Series.pdf | T27: 28k10 for 50' span
S28: American National Standard SJI 100 standard ASD load tables | T28: 28k10 weighs 11.8 lbs/ft
S29: drawing | T29: 44 joists if 6.67' spacing
D30: Columns | E30: steel | F30: hot-rolled structural steel | G30: 19 | J30: W14x370 | K30: 44 | L30: 370 | M30: lbs/linear ft | N30: =L30*K30*G30 -> 309320 | Q30: =N30/O2 -> 2.6979268
D32: roof deck | E32: steel | F32: cold-formed galvanized steel | G32: 1 | J32: 0.0033333333 | K32: - | L32: 1.656 | M32: (lb/ft2) | N32: =L32*H22 -> 175701.6 | Q32: =N32/$O$2 -> 1.5324908 | R32: 4 | S32: UFGS Section 05 30 00 page 11, 2.1 | T32: Minumum metal thickness should be 0.014" for form decks and .0295" for roof and composite decks. However, for corrosive exposures, consider 0.0358" minimum thickness.
S33: https://tilt-up.org/tilt-uptoday/wp-content/uploads/2021/04/S1-2500-2.jpg | T33: typical roof deck is 22 gauge for warehouses
S34: https://www.mkmetal.net/steel/roofing-siding#:~:text=Steel%20Corrugated%20Roofing%20&%20Siding%20Panels,off%20to%20their%20desired%20length. | T34: roof decks and siding panels are cold-formed
S35: https://www.riversidesheetmetal.net/sheet-metal/gauge-and-weight-chart/ | T35: Weight of 20 gauge steel
B36: ROOF CONSTRUCTION | C36: METAL STRUCTURAL FRAME ROOF CONSTRUCTION | D36: steel cantilever masts | E36: steel | F36: cold-formed structural steel | G36: 14 | H36: 1330 | I36: LF | J36: 24x24x1/2 | K36: - | L36: 156.28 | M36: lbs/linear ft | N36: =L36*H36 -> 207852.4 | Q36: =N36/$O$2 -> 1.812914 | R36: 3 | S36: https://www.extraspace.com/blog/self-storage/average-car-dimensions/ | T36: average car width is 5.8 ft... Used to scale sketchandcalc image with width of steel member
S37: sketchandcalc | T37: steel member is 2' wide
S38: google earth | T38: appears to be a square hollow section (SHS)
S39: https://www.engineeringtoolbox.com/square-hollow-structural-sections-hss-d_1478.html | T39: assume 24x24x1/2" section; weight = 156.28 lbs/ft
B40: EXTERIOR WALLS | C40: CIP CONCRETE | D40: concrete | E40: concrete | F40: concrete | G40: 1 | H40: 4600 | I40: SF | J40: 0.60416667 | K40: - | L40: 150 | M40: (lb/ft3) | N40: =H40*L40*J40 -> 416875 | Q40: =N40/$O$2 -> 3.6360346 | R40: 3 | S40: IBC 1402.2 | T40: A weather resistant exterior wall envelope shall not be required over concrete or masonly walls designed in accordance with chapters 19 and 21, respectively.
S41: IBC 1403.6 | T41: Exterior walls of concrete construction shall be designed and constructed in accordance with Chapter 19.
S42: IBC Table 1404.2 Minimum thickness of weather coverings | T42: glass-fiber reinforced concrete panels; minimum thickness = 0.375"
S43: https://www.concretebuildings.org/tiltup/faq.html#:~:text=The%20minimum%20thickness%20for%20commercial,to%202.5%20psf%20of%20reinforcing). | T43: 7.25" most typical thickness is typical for commercial construction (with 1.3 to 2.5 psf of reinforcing)
D44: reinforcement | E44: steel | F44: carbon steel | J44: - | K44: - | L44: 1.9 | M44: (lb/ft2) | N44: =L44*H40 -> 8740 | Q44: =N44/$O$2 -> 0.076231346 | R44: 3 | S44: ICC TABLE 722.2.1.1MINIMUM EQUIVALENT THICKNESS OF CAST-IN-PLACE OR PRECAST CONCRETE WALLS, LOAD-BEARING OR NONLOAD-BEARING | T44: Minimum slab thickness based on fier-resistance rating... 2 hrs = 5, 3 hrs = 6.2, 4 hrs = 7
C45: CONCRETE BLOCK | D45: CMU block | E45: concrete | F45: CMU | G45: 1 | H45: 15000 | I45: SF | J45: 0.66666667 | K45: - | L45: 150 | M45: (lb/ft3) | N45: =L45*J45*H45 -> 1500000 | Q45: =N45/$O$2 -> 13.083183 | R45: 3 | S45: https://www.bowmancc.com/articles/what-is-cmu-veneer | T45: CMU walls are made of 8” x 8” x 16” hollow concrete blocks laid with mortar. They are almost always reinforced with rebar and the hollow portions are filled with concrete
D46: reinforcement | E46: steel | F46: carbon steel | J46: - | K46: - | L46: 1.9 | M46: (lb/ft2) | N46: =L46*H45 -> 28500 | Q46: =N46/$O$2 -> 0.24858047 | R46: 3 | S46: https://www.concretebuildings.org/tiltup/faq.html#:~:text=The%20minimum%20thickness%20for%20commercial,to%202.5%20psf%20of%20reinforcing). | T46: Assume same reinforcing as CIP concrete wall
C47: METAL SIDING PANEL TRANSITE | D47: transite siding panel | E47: transite | F47: transite | G47: 1 | H47: 40000 | I47: SF | J47: 0.036458333 | K47: - | L47: 4.1 | M47: (lb/ft2) | N47: =L47*H47 -> 164000 | Q47: =N47/$O$2 -> 1.430428 | R47: 3 | S47: https://www.flickr.com/photos/asbestos_pix/7760653306/in/photostream/ | T47: Johns-Manville spec sheet states the transite siding sheets are approximately 4.1 lbs/ft2
D48: insulation | E48: plastic | F48: polyisocyanurate foam board | J48: 0.16666667 | K48: - | L48: 2.5 | M48: (lb/ft3) | N48: =H47*J48*L48 -> 16666.667 | Q48: =N48/$O$2 -> 0.1453687 | R48: 2 | S48: NREL BCL 90.1-1999 Nonres B6 Ext Wall Metal Building | T48: Layer 1: Metal siding, 0.0015 m thick, 7688.86 kg/m3; Layer 2: Wall insulation, 0.0598725 m thick, 265 kg/m3; Layer 3: 1/2" glass mat gypsum board, 784.9 kg/m3
D49: 15 felt moisture protection barrier | E49: organic mat, asphalt coating | F49: #15 FELT | J49: - | K49: - | L49: 0.15 | M49: (lb/ft2) | N49: =L49*H47 -> 6000 | Q49: =N49/$O$2 -> 0.052332732 | R49: 2 | S49: IBC 1403.2 | T49: No fewer than one layer of water-resistive barrier material (no. 15 felt) shall be attached to the studs or sheathing, with flashing as described in section 1404.4
D50: sheathing | E50: gypsum board | F50: glass mat gypsum board | J50: 0.041666667 | K50: - | L50: 50 | M50: (lb/ft3) | N50: =L50*J50*H47 -> 83333.333 | Q50: =N50/$O$2 -> 0.72684349 | R50: 3 | S50: https://therm-all.com/a-guide-to-metal-building-insulation/#:~:text=The%20most%20common%20type%20of,in%20exposed%20metal%20building%20applications. | T50: The most common type of continuous insulation for metal buildings consists of a rigid polyisocyanurate or polyurethane foam core
B51: DOORS, EXTERIOR METAL DOORS | C51: STEEL DOORS | D51: Steel door | E51: - | F51: - | G51: 32 | H51: 21 | I51: SF | J51: - | K51: - | L51: - | M51: lbs/door | N51: =H51*G51 -> 672 | Q51: =N51/$O$2 -> 0.0058612659 | R51: 4 | S51: https://www.metalbuildingdoors.com/steel-walk-doors.html#:~:text=Steel%20Entry%20Doors,assemble%20a%20knock%20down%20door. | T51: standard door size for commercial/industrial buildings 3'x7'
B52: DOORS, EXTERIOR | C52: OVERHEAD ROLL-UP DOORS | D52: Overhead roll-up doors | E52: - | F52: - | G52: 5 | H52: 100 | I52: SF | J52: - | K52: - | L52: - | M52: (lb/ft2) | N52: =H52*G52 -> 500 | Q52: =N52/$O$2 -> 0.004361061 | R52: 2 | S52: google earth; sketchandcalc | T52: doors are 100SF - measured on sketchandcalc
B53: DOORS, EXTERIOR | C53: GLAZED DOORS | D53: Glazed door w/ metal | E53: - | F53: - | G53: 5 | H53: 21 | I53: SF | J53: - | K53: - | L53: - | M53: (lb/ft2) | N53: =H53*G53 -> 105 | Q53: =N53/$O$2 -> 0.0009158228 | R53: 3 | S53: https://www.metalbuildingdoors.com/steel-walk-doors.html#:~:text=Steel%20Entry%20Doors,assemble%20a%20knock%20down%20door. | T53: standard door size for commercial/industrial buildings 3'x7'
B54: DOORS, EXTERIOR | C54: HANGAR DOOR | D54: insulated, hot-rolled sheet steel hangar doors | E54: - | F54: - | G54: - | H54: 17361 | I54: SF | J54: - | K54: - | L54: - | M54: - | N54: =H54 -> 17361 | Q54: =N54/O2 -> 0.15142476 | R54: 5 | S54: UFC 4-211-01 AIRCRAFT MAINTENANCE HANGARS 3-10.2 Horizontal Sliding Steel Hangar Doors | T54: Hangar doors are to be a series of insulated, horizontal sliding leaves with protected, preformed metal or sheet-steel siding. Hangar doors are to be of hot-rolled steel construction
B55: EXTERIOR WINDOWS | C55: STEEL WINDOWS | D55: Steel frame | E55: steel | F55: cold-formed galvanized steel | G55: 12 | H55: 14 | I55: LF | J55: - | K55: - | L55: 2.75 | M55: lb/linear ft | N55: =L55*H55*G55 -> 462 | Q55: =N55/$O$2 -> 0.0040296203 | R55: 3 | S55: https://www.steelwindows.com/swi_pages/specs/specs_coldrolled.asp# | T55: windows from cold rolled steel are defined and categorized as commercial and industrial windows with a minimum combined weight of frame and ventilator of 2.75 lbs per lineal foot
S56: google earth; sketchandcalc | T56: assume same size as aluminum windows (3x4) and seems to be close to average of other steel windows in archetype
D57: Windows (IGU) | E57: Glass | F57: Laminated glass | H57: 12 | I57: SF | J57: 0.020833333 | K57: - | L57: 158 | M57: (lb/ft3) | N57: =L57*J57*H57*G55*2 -> 948 | Q57: =N57/$O$2 -> 0.0082685716 | R57: 3 | S57: UFC 3-101-01 1404.13.2 | T57: Fenestration must meet both code and UFC 4-010-01 requirements.
S58: UFC 3-101-01 1404.13.9 | T58: Exterior windows must have insulated glazing system (outer lite low E with an air space and interior lite meeting the IBC requirements for wind and windborne debris protection, where applicable, and UFC requirements for Antiterrorism protection)
S59: UFC 4-010-01 3-11.1 | T59: For glazing in exterior building elements such as storefronts, doors, windows, curtain walls, clerestories, and skylights provide no less than 1/4 in. (6 mm) nominal polycarbonate or laminated glass. The 1/4 in. (6 mm) laminated glass consists of two nominal 1/8 in. (3 mm) glass panes bonded together with a minimum of a 0.030 in. (0.75 mm) interlayer of a material \1\ that has typically been used in blast resistant window applications. For insulated glass units (IGU), use the polycarbonate or laminated glass for the innermost pane as a minimum
S60: https://syracuseglass.com/E-DOCS/general/EDOCS/Approximate%20Weight%20of%20Architectural%20Flat%20Glass.pdf | T60: window glass density = 158 lb/ft^3
E61: plastic | F61: Polyvinyl Butyral (PVB) interlayer film | J61: 0.0025 | K61: - | L61: 0.17 | M61: (lb/ft2) | N61: =L61*H57*G55*2 -> 48.96 | Q61: =N61/$O$2 -> 0.00042703509 | R61: 3 | S61: https://www.westcoastglass.com/wp-content/uploads/2019/03/GIB-LD-08-0814-Weight-of-Laminated-Architectural-Glass.pdf | T61: PVB interlayer film weight lb/ft2
B62: EXTERIOR WINDOWS | C62: ALUMINUM WINDOWS | D62: Aluminum frame | E62: aluminum | F62: aluminum | G62: 102 | H62: 12 | I62: SF | J62: - | K62: - | L62: 1 | M62: lb/ft2 | N62: =L62*G62*H62 -> 1224 | Q62: =N62/$O$2 -> 0.010675877 | R62: 2 | S62: google earth & sketchandcalc | T62: windows are 4x3
S63: https://www.starlinewindows.com/files/file/5c6de10c550b8/Aluminum-Glass-and-IGU-Design-Guidelines.pdf | T63: to calculate weight, add the glass weight based on your IGU glass thickness + 1 lb/ft2 for the window framing
S64: UFC 3-101-01 1404.13.3 | T64: Aluminum Windows [Addition]: Aluminum windows must be heavy-duty commercial quality systems; conforming to AAMA/WDMA/CSA 101. For window reinforcing purposes, concealed 316L stainless steel or aluminum reinforcing inserts are required. Internal fasteners must be 316L stainless steel. Aluminum windows must have anodized aluminum finish and color to meet the requirements in the applicable installation exterior architectural guidelines.
S65: FC 1-300-09N 6-7.1: | T65: Blast resistant window systems
D66: Windows (IGU) | E66: Glass | F66: Laminated glass | H66: 12 | I66: SF | J66: 0.020833333 | K66: - | L66: 158 | M66: (lb/ft3) | N66: =L66*J66*H66*G62*2 -> 8058 | Q66: =N66/$O$2 -> 0.070282858 | R66: 2 | S66: UFC 3-101-01 1404.13.9 | T66: Exterior windows must have insulated glazing system (outer lite low E with an air space and interior lite meeting the IBC requirements for wind and windborne debris protection, where applicable, and UFC requirements for Antiterrorism protection)
S67: UFC 4-010-01 3-11.1 | T67: For glazing in exterior building elements such as storefronts, doors, windows, curtain walls, clerestories, and skylights provide no less than 1/4 in. (6 mm) nominal polycarbonate or laminated glass. The 1/4 in. (6 mm) laminated glass consists of two nominal 1/8 in. (3 mm) glass panes bonded together with a minimum of a 0.030 in. (0.75 mm) interlayer of a material \1\ that has typically been used in blast resistant window applications. For insulated glass units (IGU), use the polycarbonate or laminated glass for the innermost pane as a minimum
S68: https://syracuseglass.com/E-DOCS/general/EDOCS/Approximate%20Weight%20of%20Architectural%20Flat%20Glass.pdf | T68: window glass density = 158 lb/ft^3
D69: PVB Interlayer film | E69: plastic | F69: Polyvinyl Butyral (PVB) interlayer film | J69: 0.0025 | K69: - | L69: 0.17 | M69: (lb/ft2) | N69: =L69*H66*G62*2 -> 416.16 | Q69: =N69/$O$2 -> 0.0036297983 | R69: 2 | S69: UFC 4-010-01 3-11.1 | T69: For glazing in exterior building elements such as storefronts, doors, windows, curtain walls, clerestories, and skylights provide no less than 1/4 in. (6 mm) nominal polycarbonate or laminated glass. The 1/4 in. (6 mm) laminated glass consists of two nominal 1/8 in. (3 mm) glass panes bonded together with a minimum of a 0.030 in. (0.75 mm) interlayer of a material \1\ that has typically been used in blast resistant window applications. For insulated glass units (IGU), use the polycarbonate or laminated glass for the innermost pane as a minimum
S70: https://www.westcoastglass.com/wp-content/uploads/2019/03/GIB-LD-08-0814-Weight-of-Laminated-Architectural-Glass.pdf | T70: PVB interlayer film weight lb/ft2
B71: ROOF COVERING | C71: ROOFING SINGLE-PLY MEMBRANE | D71: single ply membrane | E71: plastic | F71: TPO | G71: 1 | H71: 103000 | I71: SF | J71: 0.0058333333 | K71: - | L71: 0.35 | M71: (lb/ft2) | N71: =H71*L71 -> 36050 | Q71: =N71/$O$2 -> 0.3144325 | R71: 3 | S71: https://roofonline.com/weight-of-roofing-materials/ | T71: weight of roofing materials (clay tiles, modified bitumen)
S72: https://stoneroof.com/what-you-need-to-know-about-tpo-roofing-commercial-single-ply-roof-projects/#:~:text=WHAT%20IS%20A%20TPO%20ROOFING,of%20TPO%20roofing%20listed%20below. | T72: TPO is one of most popular single ply roofing choices for southern California
S73: UFC 3-110-03 2-8.4 | T73: Thermoplastic systems permitted in DON are PVC and TPO. Both systems have been used successfully for over 15 years. The minumum thickness of weltable thermoplastic membranes shall be 1.52mm for PVC and 72 mil (1.8mm) for TPO.
D74: cover board | E74: gypsum board | F74: glass mat gypsum board | G74: 1 | J74: 0.041666667 | K74: - | L74: 2 | M74: (lb/ft2) | N74: =H71*L74 -> 206000 | Q74: =N74/$O$2 -> 1.7967571 | R74: 3 | S74: UFC 3-110-03 2-6.1 | T74: Coverboards installed directly below the roof membrane shall be used within all roof assembles except single-ply ballasted roof systems.
S75: UFC 3-110-03 2-6.2.1 Types of Cover Boards: | T75: Glass mat silixon-modified gypsum boards
S76: https://www.jm.com/content/dam/jm/global/en/commercial-roofing/Data%20sheets/Cover%20Boards/RS-5594%20DensDeck.pdf | T76: assume 1/2" thick cover board bc sizes are 1/4,1/2, 5/8
D77: insulation | E77: plastic | F77: polyisocyanurate foam board | G77: 2 | J77: 0.125 | K77: - | L77: 2.5 | M77: (lb/ft3) | N77: =L77*H71*J77*G77 -> 64375 | Q77: =N77/$O$2 -> 0.5614866 | R77: 4 | S77: UFC 3 101 01 1404.3.5 | T77: Design low-slop roof assemblies using rigid insulation without a vapor retarder whenver possible
S78: https://www.roofingcontractor.com/articles/99511-how-thick-is-too-thick-when-installing-polyiso-roof-insulation#:~:text=Manufacturers%20produce%20polyiso%20roof%20insulation%20boards%20in,(25.4%20mm)%20to%204.5%20inches%20(114.3%20mm). | T78: Regarding popularity, 2.6-inch (66 mm) thick polyiso roof insulation boards are often specified. Two layers of 2.6-inch thick polyiso insulation deliver a total of R-30, equating to the code-required minimum for above-deck roof insulation for commercial buildings in ASHRAE Climate Zones 4-6 in the United States.
S79: UFC 3-110-03 2-4.2.1 Steel decks: | T79: Two layers of insulation are required. Depending on wind resistance requirements, all layers of insulation may be mechanically fastened or the bottom layer may be mechanically fastened and the top layer adhered. Wood fiberboard may not be in direct contact with steel decks.
S80: UFC 3-110-03 2-5.2.3 | T80: Polyisocyanurate foam board is the most commonly used roof insulation.
B81: ROOF COVERING | C81: PREFORMED METAL | D81: preformed metal roof | E81: aluminum | F81: aluminum | G81: 1 | H81: 3000 | I81: SF | J81: 0.0041666667 | K81: - | L81: 0.569 | M81: (lb/ft2) | N81: =H81*L81 -> 1707 | Q81: =N81/$O$2 -> 0.014888662 | R81: 3 | S81: UFC 3-110-03 5-2.7 | T81: When aluminum substrates are used the minimum required thickness is .032 in.
S82: UFGS Section 07 41 13 Page 19, 2.1.1 | T82: Roll-form aluminum roof panels to the to the specified profile, with fy = [ 30][ 40][ 50][ 80] ksi, [.032][.040][.050] inch thickness and depth as indicated. Do not use less than 18-gauge (1.27 mm) material in humid locations or project locations with Environmental Severity Classifications (ESC) of C3 thru C5. *Naval Base Ventura City is C5 ESC.
S83: https://armstrongmetalcrafts.com/Reference/SheetMetalGaugeWeight.aspx | T83: 18-gauge aluminum weight
D84: #30 felt | E84: organic mat, asphalt coating | F84: #30 felt | G84: 1 | J84: - | K84: - | L84: 0.215 | M84: (lb/ft2) | N84: =H81*L84 -> 645 | Q84: =N84/$O$2 -> 0.0056257686 | R84: 2 | S84: https://roofonline.com/weight-of-roofing-materials/ | T84: felt weight
S85: office building drawing | T85: #30 felt specified in drawing for other building, assume same
D86: plywood | E86: wood | F86: plywood | G86: 1 | J86: 0.052083333 | K86: - | L86: 1.56 | M86: (lb/ft2) | N86: =L86*H81 -> 4680 | Q86: =N86/$O$2 -> 0.040819531 | R86: 2 | S86: https://www.hansenpolebuildings.com/2015/08/standing-seam-steel/#:~:text=Planning%20on%20using%20a%20standing,over%205%2F8%E2%80%9D%20plywood. | T86: use 5/8" thick plywood under standing seam metal roofs
S87: https://www.soundproofingcompany.com/soundproofing_101/building-materials-weights-guide | T87: plywood weigth chart
D88: insulation | E88: plastic | F88: polyisocyanurate foam board | G88: 2 | J88: 0.125 | K88: - | L88: 2.5 | M88: (lb/ft3) | N88: =L88*H81*J88*G88 -> 1875 | Q88: =N88/$O$2 -> 0.016353979 | R88: 3 | S88: UFC 3 101 01 1404.3.5 | T88: Design low-slop roof assemblies using rigid insulation without a vapor retarder whenver possible
S89: https://www.roofingcontractor.com/articles/99511-how-thick-is-too-thick-when-installing-polyiso-roof-insulation#:~:text=Manufacturers%20produce%20polyiso%20roof%20insulation%20boards%20in,(25.4%20mm)%20to%204.5%20inches%20(114.3%20mm). | T89: Regarding popularity, 2.6-inch (66 mm) thick polyiso roof insulation boards are often specified. Two layers of 2.6-inch thick polyiso insulation deliver a total of R-30, equating to the code-required minimum for above-deck roof insulation for commercial buildings in ASHRAE Climate Zones 4-6 in the United States.
S90: UFC 3-110-03 2-4.2.1 Steel decks: | T90: Two layers of insulation are required. Depending on wind resistance requirements, all layers of insulation may be mechanically fastened or the bottom layer may be mechanically fastened and the top layer adhered. Wood fiberboard may not be in direct contact with steel decks.
S91: UFC 3-110-03 2-5.2.3 | T91: Polyisocyanurate foam board is the most commonly used roof insulation.
F94: Materials | G94: Mass (lbs) | H94: MIC (lbs/ft2)
F95: concrete | G95: =SUMIF($F$2:$F$91,$F95,N$2:N$91) -> 12203125 | H95: =SUMIF($F$2:$F$91,$F95,Q$2:Q$91) -> 106.43714
F96: CMU | G96: =SUMIF($F$2:$F$91,$F96,N$2:N$91) -> 1500000 | H96: =SUMIF($F$2:$F$91,$F96,Q$2:Q$91) -> 13.083183
F97: carbon steel | G97: =SUMIF($F$2:$F$91,$F97,N$2:N$91) -> 507115 | H97: =SUMIF($F$2:$F$91,$F97,Q$2:Q$91) -> 4.4231189
F98: hot-rolled structural steel | G98: =SUMIF($F$2:$F$91,$F98,N$2:N$91) -> 456880 | H98: =SUMIF($F$2:$F$91,$F98,Q$2:Q$91) -> 3.9849631
F99: cold-formed structural steel | G99: =SUMIF($F$2:$F$91,$F99,N$2:N$91) -> 545197.6 | H99: =SUMIF($F$2:$F$91,$F99,Q$2:Q$91) -> 4.7552799
F100: transite | G100: =SUMIF($F$2:$F$91,$F100,N$2:N$91) -> 164000 | H100: =SUMIF($F$2:$F$91,$F100,Q$2:Q$91) -> 1.430428
F101: polyisocyanurate foam board | G101: =SUMIF($F$2:$F$91,$F101,N$2:N$91) -> 82916.667 | H101: =SUMIF($F$2:$F$91,$F101,Q$2:Q$91) -> 0.72320928
F102: glass mat gypsum board | G102: =SUMIF($F$2:$F$91,$F102,N$2:N$91) -> 289333.33 | H102: =SUMIF($F$2:$F$91,$F102,Q$2:Q$91) -> 2.5236006
F103: cold-formed galvanized steel | G103: =SUMIF($F$2:$F$91,$F103,N$2:N$91) -> 176163.6 | H103: =SUMIF($F$2:$F$91,$F103,Q$2:Q$91) -> 1.5365204
...

Sheet Armory
A1: Archetype | B1: Asset | C1: Asset description | D1: Assembly | E1: Material Category | F1: Material | G1: Qty | H1: Size | I1: UOM | J1: thickness (ft) | K1: width (ft) | L1: density | M1: UOM | N1: Mass (lbs) | O1: Building Area | P1: Functional Unit | Q1: Mass per Functional Unit (lbs/ft2) | R1: data confidence level | S1: Source of data | T1: assumptions
A2: Armory | B2: FOOTING | C2: STRIP FOOTINGS | D2: concrete | E2: concrete | F2: concrete | G2: 1 | H2: 960 | I2: LF | J2: 0.66666667 | K2: 1.5 | L2: 150 | M2: (lb/ft3) | N2: =L2*K2*J2*H2 -> 144000 | O2: 8047 | P2: GSF | Q2: =N2/O2 -> 17.894868 | R2: 4 | S2: UFC 3-220-01 1808.2: | T2: continuous footings shall be 18" wide or 8" wider than the supported wall, whichever is greater
S3: IBC 1809.8 Plain concrete footings | T3: The edge thickness of plain concrete footings supporting walls of other than light-frame construction shall not be less than 8"
D4: reinforcement | E4: steel | F4: carbon steel | L4: 5.25 | M4: (lb/ft3) | N4: =L4*K2*J2*H2 -> 5040 | Q4: =N4/$O$2 -> 0.62632037 | R4: 4 | S4: https://help.oneclicklca.com/en/articles/275888-average-quantities-of-reinforcement-in-concrete | T4: average reinforcing in concrete
B5: SLAB | C5: PLAIN/REINFORCED | D5: concrete | E5: concrete | F5: concrete | G5: 1 | H5: 8500 | I5: SF | J5: 0.5 | K5: - | L5: 150 | M5: (lb/ft3) | N5: =L5*J5*H5 -> 637500 | Q5: =N5/O2 -> 79.22207 | R5: 5 | S5: WBDG building types: armories | T5: Slabs on Grade: Minimum of 6 inches of concrete reinforced with welded wire fabric 6 x 6 / W10 x W10
D6: reinforcement | E6: steel | F6: carbon steel | L6: 6 | M6: (lb/ft3) | N6: =L6*J5*H5 -> 25500 | Q6: =N6/O2 -> 3.1688828 | R6: 5 | S6: engineering judgement, https://www.omnicalculator.com/construction/concrete-weight: | T6: slab of concrete = 150 lbs/cubic ft; reinforced conrete = 156 lbs/cubic ft
B7: ROOF CONSTRUCTION | C7: STEEL DECK, BEAMS AND BAR JOIST | D7: roof deck | E7: steel | F7: cold-formed, galvanized steel | G7: 1 | H7: 8500 | I7: SF | J7: 0.0033333333 | K7: - | L7: 1.656 | M7: (lb/ft2) | N7: =L7*H7 -> 14076 | Q7: =N7/O2 -> 1.7492233 | R7: 3 | S7: https://www.billraganroofing.com/blog/what-roof-decking | T7: use OSB for roof decks
S8: UFC 3-110-03 2-4.2.3 low-slope roofs | T8: wood-plant and strucutral wood-panel decks were used in the past on many military facilities. Generally, this material may only be used on small buildings or in reroofing when the existing material is in fair or better condition. Use of this material on new buildings must be supported with strong arguments demonstrating that neither steel nor strucutral concrete decks fulfill the specific functional requirments.
S9: https://montanaroofingsolutions.com/blog/roof-sheathing-thickness/ | T9: 7/16" most common OSB roof sheathing thickness
D10: beams | E10: steel | F10: cold-formed, structural steel | G10: 7 | J10: 28G6N12k | K10: 50 | L10: 46 | M10: (lb/ft) | N10: =L10*K10*G10 -> 16100 | Q10: =N10/O2 -> 2.0007456 | R10: 2 | S10: infads | T10: building is 50 ft long and 170 ft wide
S11: VULCRAFT steel joist institute STANDARD WEIGHT TABLES FOR JOIST GIRDERS | T11: 48G10N12k joist girders with 48" depth with 50' span are 46 lbs/linear ft
S12: engineering judgement | T12: assume girders are spaced at 21.25' and span 50'
D13: joists | E13: steel | F13: cold-formed, structural steel | G13: 72 | J13: 18k6 | K13: 21.25 | L13: 5.7 | M13: (lbs/ft) | N13: =L13*K13*G13 -> 8721 | Q13: =N13/O2 -> 1.0837579 | R13: 2 | S13: engineering judgement | T13: open web steel joists used for industrial and commercial buildings with long spans
S14: https://vulcraft.com/catalogs/JoistGirder/Load_Tables_ASD_K-Series.pdf | T14: 12k3 for 21' span; weighs 5.7 lb/ft
S15: drawing | T15: 9 joists if 5' spacing
S16: https://vulcraft.com/learning/designing-lecture/Roof%20Design%20with%20Joists%20and%20Joist%20Girders.pdf | T16: k-series joist most common for roof construction
B17: EXTERIOR WALLS | C17: CONCRETE BLOCK | D17: CMU | E17: concrete | F17: concrete masonry unit | G17: 1 | H17: 8600 | I17: SF | J17: 0.66666667 | K17: - | L17: 150 | M17: (lb/ft3) | N17: =L17*H17*J17 -> 860000 | Q17: =N17/O2 -> 106.87213 | R17: 5 | S17: https://www.bowmancc.com/articles/what-is-cmu-veneer | T17: CMU walls are made of 8” x 8” x 16” hollow concrete blocks laid with mortar. They are almost always reinforced with rebar and the hollow portions are filled with concrete
S18: https://www.concretebuildings.org/tiltup/faq.html#:~:text=The%20minimum%20thickness%20for%20commercial,to%202.5%20psf%20of%20reinforcing). | T18: 7.25" most typical thickness of CIP concrete for commercial construction (with 1.3 to 2.5 psf of reinforcing); assume same reinforcing as CIP concrete wall
D19: Reinforcement | E19: steel | F19: carbon steel | J19: - | K19: - | L19: 1.9 | M19: (lb/ft2) | N19: =L19*H17 -> 16340 | Q19: =N19/O2 -> 2.0305704 | R19: 3 | S19: WBDG armories | T19: Special suport areas -> arms vault/armory rooms -> Minimum of 8 inches of concrete reinforced with a minimum of #4 at 9 inches on center in each direction. Reinforcement shall be in each face and staggered to form a grid approximately 4½ inch square. (DOD 5100.76-M also allows 8-inch filled concrete block reinforced with #4 or 8–inch interlocked brick for DOD facilities.)
B20: EXTERIOR WINDOWS | C20: STEEL WINDOWS | D20: Steel frame | E20: steel | F20: cold-formed, galvanized steel | G20: 6 | H20: 5.5 | I20: SF | J20: - | K20: - | L20: 2.75 | M20: lb/window | N20: =L20*G20*H20 -> 90.75 | Q20: =N20/O2 -> 0.011277495 | R20: 3 | S20: https://www.steelwindows.com/swi_pages/specs/specs_coldrolled.asp# | T20: windows from cold rolled steel are defined and categorized as commercial and industrial windows with a minimum combined weight of frame and ventilator of 2.75 lbs per lineal foot
S21: google earth and sketchandcalc | T21: windows measure 3.5x3' total... 6 inside = 1.75 SF per window
D22: Windows (IGU) | E22: Glass | F22: Laminated glass | H22: 1.75 | I22: SF | J22: 0.020833333 | K22: - | L22: 158 | M22: (lb/ft3) | N22: =L22*J22*H22*G20*2 -> 69.125 | Q22: =N22/O2 -> 0.0085901578 | R22: 3 | S22: UFC 3-101-01 1404.13.2 | T22: Fenestration must meet both code and UFC 4-010-01 requirements.
S23: UFC 3-101-01 1404.13.9 | T23: Exterior windows must have insulated glazing system (outer lite low E with an air space and interior lite meeting the IBC requirements for wind and windborne debris protection, where applicable, and UFC requirements for Antiterrorism protection)
S24: https://syracuseglass.com/E-DOCS/general/EDOCS/Approximate%20Weight%20of%20Architectural%20Flat%20Glass.pdf | T24: window glass density = 158 lb/ft^3
S25: UFC 4-010-01 3-11.1 | T25: For glazing in exterior building elements such as storefronts, doors, windows, curtain walls, clerestories, and skylights provide no less than 1/4 in. (6 mm) nominal polycarbonate or laminated glass. The 1/4 in. (6 mm) laminated glass consists of two nominal 1/8 in. (3 mm) glass panes bonded together with a minimum of a 0.030 in. (0.75 mm) interlayer of a material \1\ that has typically been used in blast resistant window applications. For insulated glass units (IGU), use the polycarbonate or laminated glass for the innermost pane as a minimum
T26: For polycarbonate, provide a glazing frame bite of no less than 1.5 times the polycarbonate thickness. For laminated glass, the laminated pane shall be adhered to its supporting frame using structural silicone sealant or adhesive glazing tape. The structural silicone sealant bite shall be equal to the larger of 3/8-in. (10-mm) or the thickness of the laminated glass to which it adheres. The minimum thickness of the structural silicone bead shall be 3/16-in. (5-mm). The glazing tape bite shall be equal to two times the thickness of the laminated glass to which it adheres. The structural silicone bead or glazing tape shall be applied to both sides of single pane laminated glass but need only be applied to the inboard (protected) side of an IGU. /1/
E27: plastic | F27: Polyvinyl Butyral (PVB) interlayer film | J27: 0.0025 | K27: - | L27: 0.17 | M27: (lb/ft2) | N27: =L27*H22*G20*2 -> 3.57 | Q27: =N27/O2 -> 0.00044364359 | R27: 3 | S27: https://www.westcoastglass.com/wp-content/uploads/2019/03/GIB-LD-08-0814-Weight-of-Laminated-Architectural-Glass.pdf | T27: PVB interlayer film weight lb/ft2
B28: EXTERIOR DOORS | C28: STEEL DOORS | D28: Steel door | E28: - | F28: - | G28: 9 | H28: 21 | I28: SF | J28: - | K28: - | L28: - | M28: lbs/door | N28: =G28*H28 -> 189 | Q28: =N28/$O$2 -> 0.023487014 | R28: 4 | S28: https://www.metalbuildingdoors.com/steel-walk-doors.html#:~:text=Steel%20Entry%20Doors,assemble%20a%20knock%20down%20door. | T28: standard door size for commercial/industrial buildings 3'x7'
B29: EXTERIOR DOORS | C29: STEEL VAULT DOORS | D29: steel vault door | E29: - | F29: - | G29: 5 | H29: 31.807834 | I29: SF | J29: - | K29: - | L29: - | M29: (lbs/door) | N29: =H29*G29 -> 159.03917 | Q29: =N29/O2 -> 0.019763784 | R29: 5 | S29: WBDG armory bulding type | T29: vault doors shall be class 5, federal specification AA-D-600B
S30: https://static.spacecrafted.com/d497dbc3905e424d9d7c1e27052d0633/r/f4e0945859034891a363b027f1dd5c2d/1/Class5_Vault_Doors.pdf | T30: GSA approced Class 5 vault door dimensions = 54-1/8" x 85-5/8"
B31: ROOF COVERING | C31: BUILT-UP ROOF | D31: insulation | E31: plastic | F31: polyisocyanurate foam board | G31: 2 | H31: 8500 | I31: SF | J31: 0.125 | K31: - | L31: 2.5 | M31: (lb/ft2) | N31: =H31*L31*(J31)*G31 -> 5312.5 | Q31: =N31/$O$2 -> 0.66018392 | R31: 3 | S31: UFC 3-110-03 2-4.2.1 Steel decks: | T31: Two layers of insulation are required. Depending on wind resistance requirements, all layers of insulation may be mechanically fastened or the bottom layer may be mechanically fastened and the top layer adhered. Wood fiberboard may not be in direct contact with steel decks.
S32: UFC 3-110-03 2-5.2.3 | T32: Polyisocyanurate foam board is the most commonly used roof insulation.
S33: https://www.roofingcontractor.com/articles/99511-how-thick-is-too-thick-when-installing-polyiso-roof-insulation#:~:text=Manufacturers%20produce%20polyiso%20roof%20insulation%20boards%20in,(25.4%20mm)%20to%204.5%20inches%20(114.3%20mm). | T33: Regarding popularity, 2.6-inch (66 mm) thick polyiso roof insulation boards are often specified. Two layers of 2.6-inch thick polyiso insulation deliver a total of R-30, equating to the code-required minimum for above-deck roof insulation for commercial buildings in ASHRAE Climate Zones 4-6 in the United States.
D34: cover board | E34: gypsum board | F34: glass mat gypsum board | G34: 1 | J34: 0.041666667 | K34: - | L34: 2 | M34: (lb/ft2) | N34: =H31*L34 -> 17000 | Q34: =N34/$O$2 -> 2.1125885 | R34: 2 | S34: UFC 3-110-03 2-6.1 | T34: Coverboards installed directly below the roof membrane shall be used within all roof assembles except single-ply ballasted roof systems.
S35: UFC 3-110-03 2-6.2.1 Types of Cover Boards: | T35: Glass mat silixon-modified gypsum boards
S36: https://www.jm.com/content/dam/jm/global/en/commercial-roofing/Data%20sheets/Cover%20Boards/RS-5594%20DensDeck.pdf | T36: assume coverboard is 1/2" thickness bc sizes are 1/4,1/2, 5/8
D37: membrane | E37: asphalt | F37: asphalt BUR membrane | G37: 1 | J37: - | K37: - | L37: 6.3 | M37: (lb/ft2) | N37: =L37*H31 -> 53550 | Q37: =N37/$O$2 -> 6.6546539 | R37: 5 | S37: UFC 3-110-03 2-8.1 | T37: Asphalt BUR membranes: The most common type of BUR surfacing is aggregate embedded in a bituminous flood coat. The thickness of 400 lb. (180 kg) gravel surfacing per square of roofing is 0.5 to 0.75 in. (12 to 18 mm).
S38: https://eliteroofing.com/roofing-101-which-membrane-option-is-right-for-you/ | T38: assume 4 ply BUR membrane
D39: top surfacing | E39: modified bitumen | F39: granulated modified bitumen cap sheet | G39: 1 | I39: SF | J39: - | K39: - | L39: 1 | M39: (lb/ft3) | N39: =L39*H31 -> 8500 | Q39: =N39/$O$2 -> 1.0562943 | R39: 4 | S39: https://roofonline.com/weight-of-roofing-materials/ | T39: weight of roofing materials
S40: iNFADS | T40: modified bitumen with mineral cap
S41: https://www.homedepot.com/p/GAF-Tri-Ply-APP-Granular-Cap-Sheet-39-625-in-x-32-25-ft-100-sq-ft-net-Membrane-Roll-for-Low-Slope-Roofing-in-White-3688920/100031809 | T41: granulated cap sheet ~ 1 lb
F44: Material | G44: Mass (lbs) | H44: MIC (lbs/ft2)
F45: concrete | G45: =SUMIF($F$2:$F$41,F45,N$2:N$41) -> 781500 | H45: =SUMIF($F$2:$F$41,F45,Q$2:Q$41) -> 97.116938
F46: carbon steel | G46: =SUMIF($F$2:$F$41,F46,N$2:N$41) -> 46880 | H46: =SUMIF($F$2:$F$41,F46,Q$2:Q$41) -> 5.8257736
F47: cold-formed, galvanized steel | G47: =SUMIF($F$2:$F$41,F47,N$2:N$41) -> 14166.75 | H47: =SUMIF($F$2:$F$41,F47,Q$2:Q$41) -> 1.7605008
F48: cold-formed, structural steel | G48: =SUMIF($F$2:$F$41,F48,N$2:N$41) -> 24821 | H48: =SUMIF($F$2:$F$41,F48,Q$2:Q$41) -> 3.0845035
F49: concrete masonry unit | G49: =SUMIF($F$2:$F$41,F49,N$2:N$41) -> 860000 | H49: =SUMIF($F$2:$F$41,F49,Q$2:Q$41) -> 106.87213
F50: Laminated glass | G50: =SUMIF($F$2:$F$41,F50,N$2:N$41) -> 69.125 | H50: =SUMIF($F$2:$F$41,F50,Q$2:Q$41) -> 0.0085901578
F51: Polyvinyl Butyral (PVB) interlayer film | G51: =SUMIF($F$2:$F$41,F51,N$2:N$41) -> 3.57 | H51: =SUMIF($F$2:$F$41,F51,Q$2:Q$41) -> 0.00044364359
F52: polyisocyanurate foam board | G52: =SUMIF($F$2:$F$41,F52,N$2:N$41) -> 5312.5 | H52: =SUMIF($F$2:$F$41,F52,Q$2:Q$41) -> 0.66018392
F53: glass mat gypsum board | G53: =SUMIF($F$2:$F$41,F53,N$2:N$41) -> 17000 | H53: =SUMIF($F$2:$F$41,F53,Q$2:Q$41) -> 2.1125885
F54: asphalt BUR membrane | G54: =SUMIF($F$2:$F$41,F54,N$2:N$41) -> 53550 | H54: =SUMIF($F$2:$F$41,F54,Q$2:Q$41) -> 6.6546539
F55: granulated modified bitumen cap sheet | G55: =SUMIF($F$2:$F$41,F55,N$2:N$41) -> 8500 | H55: =SUMIF($F$2:$F$41,F55,Q$2:Q$41) -> 1.0562943
F58: Materials Category | G58: Mass (lbs) | H58: MIC (lbs/ft2)
F59: concrete | G59: =SUMIF($E$2:$E$41,F59,$N$2:$N$41) -> 1641500 | H59: =SUMIF($E$2:$E$41,F59,Q$2:Q$41) -> 203.98906
F60: steel | G60: =SUMIF($E$2:$E$41,F60,$N$2:$N$41) -> 85867.75 | H60: =SUMIF($E$2:$E$41,F60,Q$2:Q$41) -> 10.670778
F61: Glass | G61: =SUMIF($E$2:$E$41,F61,$N$2:$N$41) -> 69.125 | H61: =SUMIF($E$2:$E$41,F61,Q$2:Q$41) -> 0.0085901578
F62: plastic | G62: =SUMIF($E$2:$E$41,F62,$N$2:$N$41) -> 5316.07 | H62: =SUMIF($E$2:$E$41,F62,Q$2:Q$41) -> 0.66062756
F63: gypsum board | G63: =SUMIF($E$2:$E$41,F63,$N$2:$N$41) -> 17000 | H63: =SUMIF($E$2:$E$41,F63,Q$2:Q$41) -> 2.1125885
F64: asphalt | G64: =SUMIF($E$2:$E$41,F64,$N$2:$N$41) -> 53550 | H64: =SUMIF($E$2:$E$41,F64,Q$2:Q$41) -> 6.6546539
F65: modified bitumen | G65: =SUMIF($E$2:$E$41,F65,$N$2:$N$41) -> 8500 | H65: =SUMIF($E$2:$E$41,F65,Q$2:Q$41) -> 1.0562943

Sheet Communications
A1: Archetype | B1: Asset | C1: Asset description | D1: Assembly | E1: Material Category | F1: Material | G1: Qty | H1: Size | I1: UOM | J1: thickness (ft) | K1: width (ft) | L1: density | M1: UOM | N1: Mass (lbs) | O1: Building Area | P1: Functional Unit | Q1: Mass per Functional Unit (lbs/ft2) | R1: data confidence level | S1: Source of data | T1: assumptions
A2: Communications | B2: FOOTING | C2: STRIP FOOTINGS | D2: concrete | E2: concrete | F2: concrete | G2: 1 | H2: 160 | I2: LF | J2: 0.66666667 | K2: 1.5 | L2: 150 | M2: (lb/ft3) | N2: =L2*K2*J2*H2 -> 24000 | O2: 1172 | P2: GSF | Q2: =N2/O2 -> 20.477816 | R2: 4 | S2: IBC 1809.8 Plain concrete footings | T2: The edge thickness of plain concrete footings supporting walls o fother than light-frame construction shall not be less than 8”
S3: UFC 3-220-01 1808.2: | T3: continuous footings shall be 18" wide or 8" wider than the supported wall, whichever is greater
S4: UFC 3-220-01 1809.4: | T4: The minimum depth of footings below the finished ground surface shall be 457 mm (18 inches).
D5: reinforcement | E5: steel | F5: carbon steel | L5: 5.25 | M5: (lb/ft3) | N5: =L5*K2*J2*H2 -> 840 | Q5: =N5/$O$2 -> 0.71672355 | R5: 4 | S5: https://help.oneclicklca.com/en/articles/275888-average-quantities-of-reinforcement-in-concrete | T5: footing reinforcement ~ 5.25 lbs/ft3
B6: SLAB | C6: PLAIN/REINFORCED | D6: concrete | E6: concrete | F6: concrete | G6: 1 | H6: 1100 | I6: SF | J6: 0.5 | K6: - | L6: 150 | M6: (lb/ft3) | N6: =L6*J6*H6 -> 82500 | Q6: =N6/O2 -> 70.392491 | R6: 5 | S6: engineering judgement, IBC Table 1809.7 | T6: Prescriptive footings supporting walls of light-frame construction: 1 floors -> 6" thick footing
S7: iNFADS | T7: medium duty slab specified
D8: reinforcement | E8: steel | F8: carbon steel | L8: 6 | M8: (lb/ft3) | N8: =L8*J6*H6 -> 3300 | Q8: =N8/O2 -> 2.8156997 | R8: 5 | S8: engineering judgement, https://www.omnicalculator.com/construction/concrete-weight: | T8: slab of concrete = 150 lbs/cubic ft; reinforced conrete = 156 lbs/cubic ft
B9: ROOF CONSTRUCTION | C9: STEEL DECK, BEAMS AND BAR JOIST | D9: roof deck | E9: steel | F9: cold-formed galvanized steel | G9: 1 | H9: 1408 | I9: SF | J9: 0.0033333333 | K9: - | L9: 1.656 | M9: (lb/ft2) | N9: =L9*H9 -> 2331.648 | Q9: =N9/O2 -> 1.9894608 | R9: 3 | S9: https://www.billraganroofing.com/blog/what-roof-decking | T9: use OSB for roof decks
S10: UFC 3-110-03 2-4.2.3 low-slope roofs | T10: wood-plant and strucutral wood-panel decks were used in the past on many military facilities. Generally, this material may only be used on small buildings or in reroofing when the existing material is in fair or better condition. Use of this material on new buildings must be supported with strong arguments demonstrating that neither steel nor strucutral concrete decks fulfill the specific functional requirments.
S11: https://montanaroofingsolutions.com/blog/roof-sheathing-thickness/ | T11: 7/16" most common OSB roof sheathing thickness
D12: purlins | E12: steel | F12: cold-formed structural steel | G12: 28 | J12: 4x2 purlins | K12: 8 | L12: 2.1 | M12: (lb/ft) | N12: =L12*K12*G12 -> 470.4 | Q12: =N12/O2 -> 0.40136519 | R12: 1 | S12: infads | T12: building is 56 ft long and 25 ft wide
S13: https://www.engineersedge.com/civil_engineering/purlin_roof_structure_9898.htm | T13: the spacing of purlins on roofs is usually 4-6 ft... Assume 5
S14: https://www.austrinasteels.com.au/blogs/articles/c-purlin-span-table?srsltid=AfmBOoo_WXd8yMuCNqUWYHGfnq_Nw76AbwhCxG1Jie9DwO5AF5YRu_Q3 | T14: 4" purlin can span 12'
S15: https://www.westernstatesmetalroofing.com/blog/metal-purlins | T15: 4x2 c-purlin common shape & size
S16: https://www.westernstatesmetalroofing.com/blog/metal-purlins | T16: assume 14 gauge
S17: https://www.mbci.com/products/cees-and-zees/?srsltid=AfmBOoppsz5Rp_DBlhE_10hxjN-5OQHeUvAm6IbUh2bNboYusIovBbHx | T17: weight of 14 gauge 4x2 cee purlin = 2.10 lb/LF
D18: beams | E18: steel | F18: hot-rolled structural steel | G18: 6 | J18: W12x26 | K18: 25 | L18: 26 | M18: (lbs/ft) | N18: =L18*K18*G18 -> 3900 | Q18: =N18/O2 -> 3.3276451 | R18: 2 | S18: http://trantor.sheridanc.on.ca/webct/arct4001/Lesson-plans/TASC_BeamsOWSJ.pdf | T18: The most economical span range for conventional steel floor and roof framing is from 25 to 40 ft
S19: AISC Steel construction amual Tables 3-3 And 3-2 | T19: used required moment of inertia and Zx to choose W12x26 for beams
S20: drawing | T20: 6 joists at 8' spacing (not including exterior because resting on concrete walls)
B21: EXTERIOR WALLS | C21: CONCRETE BLOCK | D21: CMU | E21: concrete | F21: concrete masonry unit | G21: 1 | H21: 1500 | I21: SF | J21: 0.66666667 | K21: - | L21: 150 | M21: (lb/ft3) | N21: =L21*H21*J21 -> 150000 | Q21: =N21/O2 -> 127.98635 | R21: 4 | S21: https://www.bowmancc.com/articles/what-is-cmu-veneer | T21: CMU walls are made of 8” x 8” x 16” hollow concrete blocks laid with mortar. They are almost always reinforced with rebar and the hollow portions are filled with concrete
S22: iNFADS | T22: 12" block, stem wall
D23: Reinforcement | E23: steel | F23: carbon steel | J23: - | K23: - | L23: 1.9 | M23: (lb/ft2) | N23: =L23*H21 -> 2850 | Q23: =N23/O2 -> 2.4317406 | R23: 3 | S23: https://www.concretebuildings.org/tiltup/faq.html#:~:text=The%20minimum%20thickness%20for%20commercial,to%202.5%20psf%20of%20reinforcing). | T23: 7.25" most typical thickness of CIP concrete for commercial construction (with 1.3 to 2.5 psf of reinforcing); assume same reinforcing as CIP concrete wall
B24: EXTERIOR WINDOWS | C24: STEEL WINDOWS | D24: Steel frame | E24: steel | F24: cold-formed galvanized steel | G24: 4 | H24: 16 | I24: SF | J24: - | K24: - | L24: 2.75 | M24: lb/window | N24: =L24*G24*H24 -> 176 | Q24: =N24/O2 -> 0.15017065 | R24: 3 | S24: https://www.steelwindows.com/swi_pages/specs/specs_coldrolled.asp# | T24: windows from cold rolled steel are defined and categorized as commercial and industrial windows with a minimum combined weight of frame and ventilator of 2.75 lbs per lineal foot
S25: infads | T25: Similar building w/in archetype specified 4x4 windows, so use those dimensions
D26: Windows (IGU) | E26: Glass | F26: Laminated glass | H26: 16 | I26: SF | J26: 0.020833333 | K26: - | L26: 158 | M26: (lb/ft3) | N26: =L26*J26*H26*G24*2 -> 421.33333 | Q26: =N26/O2 -> 0.35949943 | R26: 3 | S26: UFC 3-101-01 1404.13.2 | T26: Fenestration must meet both code and UFC 4-010-01 requirements.
S27: UFC 3-101-01 1404.13.9 | T27: Exterior windows must have insulated glazing system (outer lite low E with an air space and interior lite meeting the IBC requirements for wind and windborne debris protection, where applicable, and UFC requirements for Antiterrorism protection)
S28: https://syracuseglass.com/E-DOCS/general/EDOCS/Approximate%20Weight%20of%20Architectural%20Flat%20Glass.pdf | T28: window glass density = 158 lb/ft^3
S29: UFC 4-010-01 3-11.1 | T29: For glazing in exterior building elements such as storefronts, doors, windows, curtain walls, clerestories, and skylights provide no less than 1/4 in. (6 mm) nominal polycarbonate or laminated glass. The 1/4 in. (6 mm) laminated glass consists of two nominal 1/8 in. (3 mm) glass panes bonded together with a minimum of a 0.030 in. (0.75 mm) interlayer of a material \1\ that has typically been used in blast resistant window applications. For insulated glass units (IGU), use the polycarbonate or laminated glass for the innermost pane as a minimum
T30: For polycarbonate, provide a glazing frame bite of no less than 1.5 times the polycarbonate thickness. For laminated glass, the laminated pane shall be adhered to its supporting frame using structural silicone sealant or adhesive glazing tape. The structural silicone sealant bite shall be equal to the larger of 3/8-in. (10-mm) or the thickness of the laminated glass to which it adheres. The minimum thickness of the structural silicone bead shall be 3/16-in. (5-mm). The glazing tape bite shall be equal to two times the thickness of the laminated glass to which it adheres. The structural silicone bead or glazing tape shall be applied to both sides of single pane laminated glass but need only be applied to the inboard (protected) side of an IGU. /1/
E31: plastic | F31: Polyvinyl Butyral (PVB) interlayer film | J31: 0.0025 | K31: - | L31: 0.17 | M31: (lb/ft2) | N31: =L31*H26*G24*2 -> 21.76 | Q31: =N31/O2 -> 0.018566553 | R31: 3 | S31: https://www.westcoastglass.com/wp-content/uploads/2019/03/GIB-LD-08-0814-Weight-of-Laminated-Architectural-Glass.pdf | T31: PVB interlayer film weight lb/ft2
B32: EXTERIOR DOORS | C32: STEEL DOORS | D32: Steel door | E32: - | F32: - | G32: 4 | H32: 21 | I32: SF | J32: - | K32: - | L32: - | M32: lbs/door | N32: =G32*H32 -> 84 | Q32: =N32/$O$2 -> 0.071672355 | R32: 4 | S32: https://www.metalbuildingdoors.com/steel-walk-doors.html#:~:text=Steel%20Entry%20Doors,assemble%20a%20knock%20down%20door. | T32: standard door size for commercial/industrial buildings 3'x7'
B33: ROOF COVERING | C33: BUILT-UP ROOF | D33: insulation | E33: plastic | F33: polyisocyanurate foam board | G33: 2 | H33: 1408 | I33: SF | J33: 0.21666667 | K33: - | L33: 2.5 | M33: (lb/ft2) | N33: =H33*L33*J33*G33 -> 1525.3333 | Q33: =N33/$O$2 -> 1.301479 | R33: 3 | S33: UFC 3-110-03 2-4.2.1 Steel decks: | T33: Two layers of insulation are required. Depending on wind resistance requirements, all layers of insulation may be mechanically fastened or the bottom layer may be mechanically fastened and the top layer adhered. Wood fiberboard may not be in direct contact with steel decks.
S34: UFC 3-110-03 2-5.2.3 | T34: Polyisocyanurate foam board is the most commonly used roof insulation.
S35: iNFADS | T35: 1.5" insulation
D36: cover board | E36: gypsum board | F36: glass mat gypsum board | G36: 1 | J36: 0.041666667 | K36: - | L36: 2 | M36: (lb/ft2) | N36: =H33*L36 -> 2816 | Q36: =N36/$O$2 -> 2.4027304 | R36: 1 | S36: UFC 3-110-03 2-6.1 | T36: Coverboards installed directly below the roof membrane shall be used within all roof assembles except single-ply ballasted roof systems.
S37: UFC 3-110-03 2-6.2.1 Types of Cover Boards: | T37: Glass mat silixon-modified gypsum boards
S38: https://www.jm.com/content/dam/jm/global/en/commercial-roofing/Data%20sheets/Cover%20Boards/RS-5594%20DensDeck.pdf | T38: assume coverboard is 1/2" thickness bc sizes are 1/4,1/2, 5/8
D39: membrane | E39: asphalt | F39: asphalt BUR membrane | G39: 1 | J39: - | K39: - | L39: 6.3 | M39: (lb/ft2) | N39: =L39*H33 -> 8870.4 | Q39: =N39/$O$2 -> 7.5686007 | R39: 1 | S39: UFC 3-110-03 2-8.1 | T39: Asphalt BUR membranes: The most common type of BUR surfacing is aggregate embedded in a bituminous flood coat. The thickness of 400 lb. (180 kg) gravel surfacing per square of roofing is 0.5 to 0.75 in. (12 to 18 mm).
S40: https://eliteroofing.com/roofing-101-which-membrane-option-is-right-for-you/ | T40: assume 4 ply BUR membrane
D41: top surfacing | E41: modified bitumen | F41: granulated modified bitumen cap sheet | G41: 1 | I41: SF | J41: - | K41: - | L41: 1 | M41: (lb/ft3) | N41: =L41*H33 -> 1408 | Q41: =N41/$O$2 -> 1.2013652 | R41: 1 | S41: https://roofonline.com/weight-of-roofing-materials/ | T41: weight of roofing materials
S42: iNFADS | T42: modified bitumen with mineral cap
S43: https://www.homedepot.com/p/GAF-Tri-Ply-APP-Granular-Cap-Sheet-39-625-in-x-32-25-ft-100-sq-ft-net-Membrane-Roll-for-Low-Slope-Roofing-in-White-3688920/100031809 | T43: granulated cap sheet ~ 1 lb
F46: Material | G46: Mass (lbs) | H46: MIC (lbs/ft2)
F47: concrete | G47: =SUMIF($F$2:$F$43,F47,N$2:N$43) -> 106500 | H47: =SUMIF($F$2:$F$43,F47,Q$2:Q$43) -> 90.870307
F48: carbon steel | G48: =SUMIF($F$2:$F$43,F48,N$2:N$43) -> 6990 | H48: =SUMIF($F$2:$F$43,F48,Q$2:Q$43) -> 5.9641638
F49: cold-formed structural steel | G49: =SUMIF($F$2:$F$43,F49,N$2:N$43) -> 470.4 | H49: =SUMIF($F$2:$F$43,F49,Q$2:Q$43) -> 0.40136519
F50: hot-rolled structural steel | G50: =SUMIF($F$2:$F$43,F50,N$2:N$43) -> 3900 | H50: =SUMIF($F$2:$F$43,F50,Q$2:Q$43) -> 3.3276451
F51: concrete masonry unit | G51: =SUMIF($F$2:$F$43,F51,N$2:N$43) -> 150000 | H51: =SUMIF($F$2:$F$43,F51,Q$2:Q$43) -> 127.98635
F52: cold-formed galvanized steel | G52: =SUMIF($F$2:$F$43,F52,N$2:N$43) -> 2507.648 | H52: =SUMIF($F$2:$F$43,F52,Q$2:Q$43) -> 2.1396314
F53: Laminated glass | G53: =SUMIF($F$2:$F$43,F53,N$2:N$43) -> 421.33333 | H53: =SUMIF($F$2:$F$43,F53,Q$2:Q$43) -> 0.35949943
F54: Polyvinyl Butyral (PVB) interlayer film | G54: =SUMIF($F$2:$F$43,F54,N$2:N$43) -> 21.76 | H54: =SUMIF($F$2:$F$43,F54,Q$2:Q$43) -> 0.018566553
F55: polyisocyanurate foam board | G55: =SUMIF($F$2:$F$43,F55,N$2:N$43) -> 1525.3333 | H55: =SUMIF($F$2:$F$43,F55,Q$2:Q$43) -> 1.301479
F56: glass mat gypsum board | G56: =SUMIF($F$2:$F$43,F56,N$2:N$43) -> 2816 | H56: =SUMIF($F$2:$F$43,F56,Q$2:Q$43) -> 2.4027304
F57: asphalt BUR membrane | G57: =SUMIF($F$2:$F$43,F57,N$2:N$43) -> 8870.4 | H57: =SUMIF($F$2:$F$43,F57,Q$2:Q$43) -> 7.5686007
F58: granulated modified bitumen cap sheet | G58: =SUMIF($F$2:$F$43,F58,N$2:N$43) -> 1408 | H58: =SUMIF($F$2:$F$43,F58,Q$2:Q$43) -> 1.2013652
F61: Materials category | G61: Mass (lbs) | H61: MIC (lbs/ft2)
F62: concrete | G62: =SUMIF($E$2:$E$43,F62,$N$2:$N$43) -> 256500 | H62: =SUMIF($E$2:$E$43,F62,Q$2:Q$43) -> 218.85666
F63: steel | G63: =SUMIF($E$2:$E$43,F63,$N$2:$N$43) -> 13868.048 | H63: =SUMIF($E$2:$E$43,F63,Q$2:Q$43) -> 11.832805
F64: Glass | G64: =SUMIF($E$2:$E$43,F64,$N$2:$N$43) -> 421.33333 | H64: =SUMIF($E$2:$E$43,F64,Q$2:Q$43) -> 0.35949943
F65: plastic | G65: =SUMIF($E$2:$E$43,F65,$N$2:$N$43) -> 1547.0933 | H65: =SUMIF($E$2:$E$43,F65,Q$2:Q$43) -> 1.3200455
F66: gypsum board | G66: =SUMIF($E$2:$E$43,F66,$N$2:$N$43) -> 2816 | H66: =SUMIF($E$2:$E$43,F66,Q$2:Q$43) -> 2.4027304
F67: asphalt | G67: =SUMIF($E$2:$E$43,F67,$N$2:$N$43) -> 8870.4 | H67: =SUMIF($E$2:$E$43,F67,Q$2:Q$43) -> 7.5686007
F68: modified bitumen | G68: =SUMIF($E$2:$E$43,F68,$N$2:$N$43) -> 1408 | H68: =SUMIF($E$2:$E$43,F68,Q$2:Q$43) -> 1.2013652

Sheet Dining
A1: Archetype/Typology | B1: Asset | C1: Asset description | D1: Assembly | E1: Material Category | F1: Material | G1: Qty | H1: Size | I1: UOM | J1: thickness (ft) | K1: width (ft) | L1: density | M1: UOM | N1: Mass (lbs) | O1: Building Area | P1: Functional Unit | Q1: Mass per Functional Unit (lbs/ft2) | R1: data confidence level | S1: Source of data | T1: assumptions
A2: Dining | B2: FOOTING | C2: STRIP FOOTINGS | D2: concrete | E2: concrete | F2: concrete | G2: 1 | H2: 1300 | I2: LF | J2: 0.66666667 | K2: 1.5 | L2: 150 | M2: (lb/ft3) | N2: =L2*K2*J2*H2 -> 195000 | O2: 41874 | P2: ft2 | Q2: =N2/O2 -> 4.6568276 | R2: 4 | S2: UFC 3-220-01 1808.2: | T2: continuous footings shall be 18" wide or 8" wider than the supported wall, whichever is greater
S3: IBC Table 1809.7: | T3: Prescriptive footings supporting walls of light-frame construction: 2 floors -> 6" thick footing
D4: reinforcement | E4: steel | F4: carbon steel | L4: 5.25 | M4: (lb/ft3) | N4: =L4*K2*J2*H2 -> 6825 | Q4: =N4/$O$2 -> 0.16298897 | R4: 4 | S4: https://help.oneclicklca.com/en/articles/275888-average-quantities-of-reinforcement-in-concrete | T4: average reinforcement in concrete members
B5: SLAB | C5: PLAIN/REINFORCED | D5: concrete | E5: concrete | F5: concrete | G5: 1 | H5: 41150 | I5: SF | J5: 0.5 | K5: - | L5: 150 | M5: (lb/ft3) | N5: =L5*J5*H5 -> 3086250 | Q5: =N5/$O$2 -> 73.703253 | R5: 5 | S5: iNFADS specified 10" heavy duty slab
D6: reinforcement | E6: steel | F6: carbon steel | L6: 6 | M6: (lb/ft3) | N6: =L6*J5*H5 -> 123450 | Q6: =N6/$O$2 -> 2.9481301 | R6: 5 | S6: engineering judgement, https://www.omnicalculator.com/construction/concrete-weight: | T6: slab of concrete = 150 lbs/cubic ft; reinforced conrete = 156 lbs/cubic ft
B7: BASEMENT WALLS | C7: CIP CONCRETE BASEMENT WALLS | D7: concrete | E7: concrete | F7: concrete | G7: 1 | H7: 1731 | I7: LF | J7: 0.625 | K7: 7 | L7: 150 | M7: (lb/ft3) | N7: =L7*K7*J7*H7 -> 1135968.8 | Q7: =N7/O2 -> 27.12826 | R7: 3 | S7: ACI-318-14 Table 11.3.1.1 | T7: Minimum wall thickness for exterior basement and foundation walls = 7.5"
S8: IBC R301.5 | T8: Habitable spaces, hallways and portions of basements containing these spaces shall have a ceiling height of not less than 7'.
D9: reinforcement | E9: steel | F9: carbon steel | L9: 6 | M9: (lb/ft3) | N9: =L9*K7*J7*H7 -> 45438.75 | Q9: =N9/O2 -> 1.0851304 | R9: 2 | S9: https://www.concretebuildings.org/tiltup/faq.html#:~:text=The%20minimum%20thickness%20for%20commercial,to%202.5%20psf%20of%20reinforcing). | T9: 7.25" most typical thickness is typical for commercial construction (with 1.3 to 2.5 psf of reinforcing)
B10: FLOOR CONSTRUCTION | C10: CIP CONCRETE BEAM AND SLAB | D10: concrete slab | E10: concrete | F10: concrete | G10: 1 | H10: 40706 | I10: SF | J10: 0.5 | K10: - | L10: 150 | M10: (lb/ft3) | N10: =L10*J10*H10 -> 3052950 | Q10: =N10/$O$2 -> 72.90801 | R10: 2 | S10: engineering judgement | T10: assumed same thickness as slab
E11: steel | F11: carbon steel | L11: 6 | M11: (lb/ft3) | N11: =L11*J10*H10 -> 122118 | Q11: =N11/$O$2 -> 2.9163204 | R11: 2 | S11: https://help.oneclicklca.com/en/articles/275888-average-quantities-of-reinforcement-in-concrete | T11: average reinforcement in concrete members
D12: concrete beams | E12: concrete | F12: concrete | G12: - | H12: 3530 | I12: LF | J12: 0.83333333 | K12: 1.6666667 | L12: 150 | M12: (lb/ft3) | N12: =H12*J12*K12*L12 -> 735416.67 | Q12: =N12/$O$2 -> 17.562608 | R12: 2 | S12: https://structurepoint.org/pdfs/Two-Way-Concrete-Floor-Slab-with-Beams-Design-Detailing.htm#_Toc479145359 | T12: assume this layout
E13: steel | F13: carbon steel | L13: 19 | M13: (lb/ft3) | N13: =H12*J12*K12*L13 -> 93152.778 | Q13: =N13/$O$2 -> 2.2245971 | R13: 2
D14: concrete columns | E14: concrete | F14: concrete | G14: 79 | H14: 7 | I14: LF | J14: 1 | K14: 1 | L14: 150 | M14: (lb/ft3) | N14: =G14*H14*J14*K14*L14 -> 82950 | Q14: =N14/$O$2 -> 1.9809428 | R14: 2
E15: steel | F15: carbon steel | L15: 20.2 | M15: (lb/ft3) | N15: =G14*H14*J14*K14*L15 -> 11170.6 | Q15: =N15/$O$2 -> 0.26676697 | R15: 2
B16: ROOF CONSTRUCTION | C16: STEEL DECK, BEAMS, AND BAR JOISTS | D16: beams | E16: steel | F16: hot-rolled, structural steel | G16: 2 | H16: 2600 | I16: SF | J16: W18x40 | K16: 40 | L16: 40 | M16: lb/linear ft | N16: =L16*K16*G16 -> 3200 | Q16: =N16/$O$2 -> 0.076419735 | R16: 2 | S16: engineering judgement | T16: assume dimensions 40x65
S17: engineering judgement | T17: assume girders spaced 21.6' apart
S18: http://trantor.sheridanc.on.ca/webct/arct4001/Lesson-plans/TASC_BeamsOWSJ.pdf | T18: assume girders span 20'
S19: office drawings | T19: assume same girder size W18x40
D20: purlins | E20: steel | F20: cold-formed, structural steel | G20: 27 | J20: 8x2-1/2" c - purlins | K20: 21.666667 | L20: 3.27 | M20: lbs/linear ft | N20: =L20*K20*G20 -> 1912.95 | Q20: =N20/$O$2 -> 0.045683479 | R20: 2 | S20: https://www.engineersedge.com/civil_engineering/purlin_roof_structure_9898.htm | T20: the spacing of purlins on roofs is usually 4-6 ft... Assume 5
S21: https://www.austrinasteels.com.au/blogs/articles/c-purlin-span-table?srsltid=AfmBOoo_WXd8yMuCNqUWYHGfnq_Nw76AbwhCxG1Jie9DwO5AF5YRu_Q3 | T21: 8" purlin can span 22'
S22: https://wheelermetals.com/store/products/d/17438/8-inch-x-two-and-one-half-inch-Cee-Purlin | T22: 8x2.5" c-purlin common shape & size
S23: https://www.westernstatesmetalroofing.com/blog/metal-purlins | T23: assume 14 gauge
S24: https://www.mbci.com/products/cees-and-zees/?srsltid=AfmBOoppsz5Rp_DBlhE_10hxjN-5OQHeUvAm6IbUh2bNboYusIovBbHx | T24: weight of 14 gauge 4x2 cee purlin = 3.27 lb/LF
D25: roof deck | E25: steel | F25: cold-formed, galvanized steel | G25: 1 | J25: 0.0033333333 | K25: - | L25: 1.656 | M25: (lb/ft2) | N25: =L25*H16 -> 4305.6 | Q25: =N25/$O$2 -> 0.10282275 | R25: 4 | S25: UFGS Section 05 30 00 page 11, 2.1 | T25: Minumum metal thickness should be 0.014" for form decks and .0295" for roof and composite decks. However, for corrosive exposures, consider 0.0358" minimum thickness.
S26: https://www.riversidesheetmetal.net/sheet-metal/gauge-and-weight-chart/ | T26: Weight of 20 gauge steel
S27: https://blog.metaldeck.com/what-gauge-metal-deck-common-thicknesses | T27: on the West Coast you will typically find that for 1.5” Type B and 3” Type N, your options are: 22 Gauge, 20 Gauge, 18 Gauge and 16 Gauge. 1.5” Type B is a short to medium span panel and you will find that it is available in 22, 20, 18 & 16 gauge. For 3” Type N, which is a deeper panel that can span longer distances, 22 Gauge is not a common gauge. The more common gauges for 3” Type N metal deck are 20, 18 and 16 gauge. Type N is used when a stronger panel is needed, which is why the heavier gauges are normally specified.
C28: CIP CONCRETE BEAM AND SLAB | D28: concrete deck | E28: concrete | F28: concrete | G28: 1 | H28: 42000 | I28: SF | J28: 0.5 | K28: - | L28: 150 | M28: (lb/ft3) | N28: =L28*J28*H28 -> 3150000 | Q28: =N28/$O$2 -> 75.225677 | R28: 2 | S28: engineering judgement | T28: assumed same thickness as slab
E29: steel | F29: carbon steel | L29: 6 | M29: (lb/ft3) | N29: =L29*J28*H28 -> 126000 | Q29: =N29/$O$2 -> 3.0090271 | R29: 2 | S29: https://help.oneclicklca.com/en/articles/275888-average-quantities-of-reinforcement-in-concrete | T29: average reinforcement in concrete members
D30: concrete beams | E30: concrete | F30: concrete | G30: - | H30: 3530 | I30: LF | J30: 0.83333333 | K30: 1.6666667 | L30: 150 | M30: (lb/ft3) | N30: =H30*J30*K30*L30 -> 735416.67 | Q30: =N30/$O$2 -> 17.562608 | R30: 2 | S30: https://structurepoint.org/pdfs/Two-Way-Concrete-Floor-Slab-with-Beams-Design-Detailing.htm#_Toc479145359 | T30: assume this layout
E31: steel | F31: carbon steel | L31: 19 | M31: (lb/ft3) | N31: =H30*J30*K30*L31 -> 93152.778 | Q31: =N31/$O$2 -> 2.2245971 | R31: 2
D32: concrete columns | E32: concrete | F32: concrete | G32: 79 | H32: 18 | I32: LF | J32: 1 | K32: 1 | L32: 150 | M32: (lb/ft3) | N32: =G32*H32*J32*K32*L32 -> 213300 | Q32: =N32/$O$2 -> 5.093853 | R32: 2
E33: steel | F33: carbon steel | L33: 20.2 | M33: (lb/ft3) | N33: =G32*H32*J32*K32*L33 -> 28724.4 | Q33: =N33/$O$2 -> 0.6859722 | R33: 2 | S33: infads | T33: building is 18' tall, assume 18' columns
B34: EXTERIOR WALLS | C34: CIP CONCRETE | D34: concrete | E34: concrete | F34: concrete | G34: 1 | H34: 21000 | I34: SF | J34: 0.60416667 | K34: - | L34: 150 | M34: (lb/ft3) | N34: =H34*L34*J34 -> 1903125 | Q34: =N34/$O$2 -> 45.448847 | R34: 3 | S34: IBC 1402.2 | T34: A weather resistant exterior wall envelope shall not be required over concrete or masonly walls designed in accordance with chapters 19 and 21, respectively.
S35: IBC 1403.6 | T35: Exterior walls of concrete construction shall be designed and constructed in accordance with Chapter 19.
S36: IBC Table 1404.2 Minimum thickness of weather coverings | T36: glass-fiber reinforced concrete panels; minimum thickness = 0.375"
S37: https://www.concretebuildings.org/tiltup/faq.html#:~:text=The%20minimum%20thickness%20for%20commercial,to%202.5%20psf%20of%20reinforcing). | T37: 7.25" most typical thickness is typical for commercial construction (with 1.3 to 2.5 psf of reinforcing)
D38: reinforcement | E38: steel | F38: carbon steel | J38: - | K38: - | L38: 1.9 | M38: (lb/ft2) | N38: =L38*H34 -> 39900 | Q38: =N38/$O$2 -> 0.95285858 | R38: 3 | S38: ICC TABLE 722.2.1.1MINIMUM EQUIVALENT THICKNESS OF CAST-IN-PLACE OR PRECAST CONCRETE WALLS, LOAD-BEARING OR NONLOAD-BEARING | T38: Minimum slab thickness based on fier-resistance rating... 2 hrs = 5, 3 hrs = 6.2, 4 hrs = 7
C39: CONCRETE BLOCK | D39: CMU block | E39: concrete | F39: concrete masonry units | G39: 1 | H39: 1600 | I39: SF | J39: 0.66666667 | K39: - | L39: 150 | M39: (lb/ft3) | N39: =L39*J39*H39 -> 160000 | Q39: =N39/$O$2 -> 3.8209868 | R39: 3 | S39: https://www.bowmancc.com/articles/what-is-cmu-veneer | T39: CMU walls are made of 8” x 8” x 16” hollow concrete blocks laid with mortar. They are almost always reinforced with rebar and the hollow portions are filled with concrete
D40: reinforcement | E40: steel | F40: carbon steel | J40: - | K40: - | L40: 1.9 | M40: (lb/ft2) | N40: =L40*H39 -> 3040 | Q40: =N40/$O$2 -> 0.072598749 | R40: 3 | S40: https://www.concretebuildings.org/tiltup/faq.html#:~:text=The%20minimum%20thickness%20for%20commercial,to%202.5%20psf%20of%20reinforcing). | T40: Assume same reinforcing as CIP concrete wall
B41: DOORS, EXTERIOR METAL DOORS | C41: STEEL DOORS | D41: Steel door | E41: - | F41: - | G41: 10 | H41: 21 | I41: SF | J41: - | K41: - | L41: - | M41: lbs/door | N41: =H41*G41 -> 210 | Q41: =N41/$O$2 -> 0.0050150451 | R41: 4 | S41: https://www.metalbuildingdoors.com/steel-walk-doors.html#:~:text=Steel%20Entry%20Doors,assemble%20a%20knock%20down%20door. | T41: standard door size for commercial/industrial buildings 3'x7'
B42: DOORS, EXTERIOR | C42: GLAZED DOORS | D42: Glazed storefront door | E42: - | F42: - | G42: 8 | H42: 21 | I42: SF | J42: - | K42: - | L42: - | M42: (lb/ft2) | N42: =H42*G42 -> 168 | Q42: =N42/$O$2 -> 0.0040120361 | R42: 3 | S42: https://www.metalbuildingdoors.com/steel-walk-doors.html#:~:text=Steel%20Entry%20Doors,assemble%20a%20knock%20down%20door. | T42: standard door size for commercial/industrial buildings 3'x7'
B43: DOORS, EXTERIOR | C43: WOOD DOOR | D43: Wood door | E43: - | F43: - | G43: 11 | H43: 21 | I43: SF | J43: - | K43: - | L43: - | M43: - | N43: =H43*G43 -> 231 | Q43: =N43/O2 -> 0.0055165496 | R43: 4 | S43: https://www.metalbuildingdoors.com/steel-walk-doors.html#:~:text=Steel%20Entry%20Doors,assemble%20a%20knock%20down%20door. | T43: standard door size for commercial/industrial buildings 3'x7'
B44: EXTERIOR WINDOWS | C44: STEEL WINDOWS | D44: Steel frame | E44: steel | F44: cold-formed, galvanized steel | G44: 275 | H44: 9.5 | I44: LF | J44: - | K44: - | L44: 2.75 | M44: lb/linear ft | N44: =L44*H44*G44 -> 7184.375 | Q44: =N44/$O$2 -> 0.17157126 | R44: 3 | S44: https://www.steelwindows.com/swi_pages/specs/specs_coldrolled.asp# | T44: windows from cold rolled steel are defined and categorized as commercial and industrial windows with a minimum combined weight of frame and ventilator of 2.75 lbs per lineal foot
S45: https://gealanwindows.com/blog/standard-window-sizes-in-the-us/ | T45: casement window standard sizes in US... Looks most like 41x16" in google earth and from sketchandcalc measurements
D46: Windows (IGU) | E46: Glass | F46: Laminated glass | H46: 4.5555556 | I46: SF | J46: 0.020833333 | K46: - | L46: 158 | M46: (lb/ft3) | N46: =L46*J46*H46*G44*2 -> 8247.4537 | Q46: =N46/$O$2 -> 0.19695882 | R46: 3 | S46: UFC 3-101-01 1404.13.2 | T46: Fenestration must meet both code and UFC 4-010-01 requirements.
S47: UFC 3-101-01 1404.13.9 | T47: Exterior windows must have insulated glazing system (outer lite low E with an air space and interior lite meeting the IBC requirements for wind and windborne debris protection, where applicable, and UFC requirements for Antiterrorism protection)
S48: UFC 4-010-01 3-11.1 | T48: For glazing in exterior building elements such as storefronts, doors, windows, curtain walls, clerestories, and skylights provide no less than 1/4 in. (6 mm) nominal polycarbonate or laminated glass. The 1/4 in. (6 mm) laminated glass consists of two nominal 1/8 in. (3 mm) glass panes bonded together with a minimum of a 0.030 in. (0.75 mm) interlayer of a material \1\ that has typically been used in blast resistant window applications. For insulated glass units (IGU), use the polycarbonate or laminated glass for the innermost pane as a minimum
S49: https://syracuseglass.com/E-DOCS/general/EDOCS/Approximate%20Weight%20of%20Architectural%20Flat%20Glass.pdf | T49: window glass density = 158 lb/ft^3
E50: plastic | F50: Polyvinyl Butyral (PVB) interlayer film | J50: 0.0025 | K50: - | L50: 0.17 | M50: (lb/ft2) | N50: =L50*H46*G44*2 -> 425.94444 | Q50: =N50/$O$2 -> 0.010172051 | R50: 3 | S50: https://www.westcoastglass.com/wp-content/uploads/2019/03/GIB-LD-08-0814-Weight-of-Laminated-Architectural-Glass.pdf | T50: PVB interlayer film weight lb/ft2
B51: ROOF COVERING | C51: ROOFING SINGLE-PLY MEMBRANE | D51: single ply membrane | E51: plastic | F51: TPO | G51: 1 | H51: 42000 | I51: SF | J51: 0.0058333333 | K51: - | L51: 0.35 | M51: (lb/ft2) | N51: =H51*L51 -> 14700 | Q51: =N51/$O$2 -> 0.35105316 | R51: 3 | S51: https://roofonline.com/weight-of-roofing-materials/ | T51: weight of roofing materials (clay tiles, modified bitumen)
S52: https://stoneroof.com/what-you-need-to-know-about-tpo-roofing-commercial-single-ply-roof-projects/#:~:text=WHAT%20IS%20A%20TPO%20ROOFING,of%20TPO%20roofing%20listed%20below. | T52: TPO is one of most popular single ply roofing choices for southern California
S53: UFC 3-110-03 2-8.4 | T53: Thermoplastic systems permitted in DON are PVC and TPO. Both systems have been used successfully for over 15 years. The minumum thickness of weltable thermoplastic membranes shall be 1.52mm for PVC and 72 mil (1.8mm) for TPO.
D54: cover board | E54: gypsum board | F54: glass mat gypsum board | G54: 1 | J54: 0.041666667 | K54: - | L54: 2 | M54: (lb/ft2) | N54: =H51*L54 -> 84000 | Q54: =N54/$O$2 -> 2.0060181 | R54: 3 | S54: UFC 3-110-03 2-6.1 | T54: Coverboards installed directly below the roof membrane shall be used within all roof assembles except single-ply ballasted roof systems.
S55: UFC 3-110-03 2-6.2.1 Types of Cover Boards: | T55: Glass mat silixon-modified gypsum boards
S56: https://www.jm.com/content/dam/jm/global/en/commercial-roofing/Data%20sheets/Cover%20Boards/RS-5594%20DensDeck.pdf | T56: assume 1/2" thick cover board bc sizes are 1/4,1/2, 5/8
D57: insulation | E57: plastic | F57: polyisocyanurate foam board | G57: 2 | J57: 0.125 | K57: - | L57: 2.5 | M57: (lb/ft3) | N57: =L57*H51*(J57)*G57 -> 26250 | Q57: =N57/$O$2 -> 0.62688064 | R57: 3 | S57: UFC 3 101 01 1404.3.5 | T57: Design low-slop roof assemblies using rigid insulation without a vapor retarder whenver possible
S58: NREL BCL 90.1-2004 nonres 3C roof | T58: Insulation R-15ci -> polysio thickness = 2.5"… choose is 1.5"
S59: UFC 3-110-03 2-4.2.1 Steel decks: | T59: Two layers of insulation are required. Depending on wind resistance requirements, all layers of insulation may be mechanically fastened or the bottom layer may be mechanically fastened and the top layer adhered. Wood fiberboard may not be in direct contact with steel decks.
S60: UFC 3-110-03 2-5.2.3 | T60: Polyisocyanurate foam board is the most commonly used roof insulation.
F63: Materials | G63: Mass (lbs) | H63: MIC (lbs/ft2)
F64: concrete | G64: =SUMIF($F$2:$F$60,$F64,N$2:N$60) -> 14290377 | H64: =SUMIF($F$2:$F$60,$F64,Q$2:Q$60) -> 341.27089
F65: carbon steel | G65: =SUMIF($F$2:$F$60,$F65,N$2:N$60) -> 692972.31 | H65: =SUMIF($F$2:$F$60,$F65,Q$2:Q$60) -> 16.548988
F66: hot-rolled, structural steel | G66: =SUMIF($F$2:$F$60,$F66,N$2:N$60) -> 3200 | H66: =SUMIF($F$2:$F$60,$F66,Q$2:Q$60) -> 0.076419735
F67: cold-formed, structural steel | G67: =SUMIF($F$2:$F$60,$F67,N$2:N$60) -> 1912.95 | H67: =SUMIF($F$2:$F$60,$F67,Q$2:Q$60) -> 0.045683479
F68: cold-formed, galvanized steel | G68: =SUMIF($F$2:$F$60,$F68,N$2:N$60) -> 11489.975 | H68: =SUMIF($F$2:$F$60,$F68,Q$2:Q$60) -> 0.27439402
F69: Laminated glass | G69: =SUMIF($F$2:$F$60,$F69,N$2:N$60) -> 8247.4537 | H69: =SUMIF($F$2:$F$60,$F69,Q$2:Q$60) -> 0.19695882
F70: Polyvinyl Butyral (PVB) interlayer film | G70: =SUMIF($F$2:$F$60,$F70,N$2:N$60) -> 425.94444 | H70: =SUMIF($F$2:$F$60,$F70,Q$2:Q$60) -> 0.010172051
F71: TPO | G71: =SUMIF($F$2:$F$60,$F71,N$2:N$60) -> 14700 | H71: =SUMIF($F$2:$F$60,$F71,Q$2:Q$60) -> 0.35105316
F72: glass mat gypsum board | G72: =SUMIF($F$2:$F$60,$F72,N$2:N$60) -> 84000 | H72: =SUMIF($F$2:$F$60,$F72,Q$2:Q$60) -> 2.0060181
F73: polyisocyanurate foam board | G73: =SUMIF($F$2:$F$60,$F73,N$2:N$60) -> 26250 | H73: =SUMIF($F$2:$F$60,$F73,Q$2:Q$60) -> 0.62688064
F74: concrete masonry units | G74: =SUMIF($F$2:$F$60,$F74,N$2:N$60) -> 160000 | H74: =SUMIF($F$2:$F$60,$F74,Q$2:Q$60) -> 3.8209868
F81: Materials category | G81: Mass (lbs) | H81: MIC (lbs/ft2)
F82: concrete | G82: =SUMIF($E$2:$E$60,$F82,N$2:N$60) -> 14450377 | H82: =SUMIF($E$2:$E$60,$F82,Q$2:Q$60) -> 345.09187
F83: steel | G83: =SUMIF($E$2:$E$60,$F83,N$2:N$60) -> 709575.23 | H83: =SUMIF($E$2:$E$60,$F83,Q$2:Q$60) -> 16.945485
F84: Glass | G84: =SUMIF($E$2:$E$60,$F84,N$2:N$60) -> 8247.4537 | H84: =SUMIF($E$2:$E$60,$F84,Q$2:Q$60) -> 0.19695882
F85: plastic | G85: =SUMIF($E$2:$E$60,$F85,N$2:N$60) -> 41375.944 | H85: =SUMIF($E$2:$E$60,$F85,Q$2:Q$60) -> 0.98810585
F86: gypsum board | G86: =SUMIF($E$2:$E$60,$F86,N$2:N$60) -> 84000 | H86: =SUMIF($E$2:$E$60,$F86,Q$2:Q$60) -> 2.0060181

Sheet Family housing
A1: Archetype/Typology | B1: Asset | C1: Asset description | D1: Assembly | E1: Material Category | F1: Material | G1: Qty | H1: Size | I1: UOM | J1: thickness (ft) | K1: width (ft) | L1: density | M1: UOM | N1: Mass (lbs) | O1: Building Area | P1: Functional Unit | Q1: Mass per Functional Unit (lbs/ft2) | R1: data confidence level | S1: Source of data | T1: assumptions
A2: FAMILY HOUSING | B2: SLAB | C2: PLAIN/REINFORCED | D2: concrete | E2: concrete | F2: concrete | G2: 1 | H2: 2245 | I2: SF | J2: =6/12 -> 0.5 | K2: - | L2: 150 | M2: (lb/ft3) | N2: =L2*J2*H2 -> 168375 | O2: 2736 | P2: GSF | Q2: =N2/O2 -> 61.54057 | R2: 4 | S2: engineering judgement, IBC Table 1809.7
D3: reinforcement | E3: steel | F3: carbon steel | L3: 6 | M3: (lb/ft3) | N3: =L3*J2*H2 -> 6735 | Q3: =N3/O2 -> 2.4616228 | R3: 4 | S3: engineering judgement, https://www.omnicalculator.com/construction/concrete-weight: | T3: slab of concrete = 150 lbs/cubic ft; reinforced conrete = 156 lbs/cubic ft
B4: ROOF CONSTRUCTION | C4: WOOD DECK AND RAFTERS | D4: roof deck | E4: wood | F4: wood (OSB) | G4: 1 | H4: 2245 | I4: SF | J4: 0.036458333 | K4: - | L4: 1.44 | M4: (lb/ft2) | N4: =L4*H4 -> 3232.8 | Q4: =N4/O2 -> 1.1815789 | R4: 5 | S4: https://www.billraganroofing.com/blog/what-roof-decking | T4: use OSB for roof decks
S5: https://montanaroofingsolutions.com/blog/roof-sheathing-thickness/ | T5: 7/16" most common OSB roof sheathing thickness
S6: https://roofobservations.com/weight-of-plywood-and-osb/ | T6: OSB weight calculator
S7: https://alsyedconstruction.com/rafters-in-construction-in-usa/#:~:text=Rafter%20Spacing%20and%20Load%20Considerations%20*%2016,snow%20zones%20or%20with%20heavy%20roofing%20systems. | T7: 16" spacing is standard in most residential applications
D8: rafters | E8: wood | F8: softwood | G8: 304 | J8: 2x6, 2x8 | K8: 10, 14, 16.5 | L8: 1.83, 2.42 | M8: lb/ft | N8: 7830.576 | Q8: =N8/O2 -> 2.8620526 | R8: 3 | S8: AWC STJR wood joist and rafters span options calculator (https://awc.org/calculators/span-options-calculator-for-wood-joists-and-rafters/) | T8: for DFL, No.1, 14', 16.5', 10' span; 16" o.c. Spacing, and standard live load, dead load, and deflection = (24) 2x8 DLF No.2, (60) 2x8 DFL No.1, (47) 2x6 DFL No. 2
S9: https://roofobservations.com/2x10-lumber-weight/#2x10-lumber-weight-calculator | T9: 2x10 douglas fir, 21' weight per rafter
S10: UFC 3-110-03 2-4.2.3 low-slope roofs | T10: wood-plant and strucutral wood-panel decks were used in the past on many military facilities. Generally, this material may only be used on small buildings or in reroofing when the existing material is in fair or better condition. Use of this material on new buildings must be supported with strong arguments demonstrating that neither steel nor strucutral concrete decks fulfill the specific functional requirments.
D11: ceiling joists | E11: wood | F11: softwood | G11: 152 | J11: 2x8, 2X10 | K11: 20, 33, 28 | L11: - | M11: lb/ft | N11: 12534.096 | Q11: =N11/O2 -> 4.5811754 | R11: 2 | S11: AWC STJR wood joist and rafters span options calculator (https://awc.org/calculators/span-options-calculator-for-wood-joists-and-rafters/) | T11: ceiling joist w/ 15 ft span and 16" spacing -> 2x8s
D12: stick framing | E12: wood | F12: softwood | G12: 293.25 | J12: 2x6 | K12: 10 | L12: 1.833 | M12: lb/ft | N12: =L12*K12*G12 -> 5375.2725 | Q12: =N12/O2 -> 1.9646464 | R12: 2 | S12: https://www.hansenpolebuildings.com/2020/08/stick-framing/ | T12: stick framing usually 2x4 or 2x6s -> assume 2x6 for exterior walls
B13: STUCCO WALLS | C13: STUCCO WALL | D13: Stucco | E13: stucco | F13: Stucco | G13: 1 | H13: 3592 | I13: SF | J13: =1/12 -> 0.083333333 | K13: - | L13: 11 | M13: (lb/ft2) | N13: =H13*L13 -> 39512 | Q13: =N13/O2 -> 14.44152 | R13: 5 | S13: UFGS SECTION 09 24 23 3.8, page 12 | T13: Stucco must be applied in three coats to a thickness of not less than 1 inch as measured from the back plane of metal reinforcement
S14: chrome-extension://efaidnbmnnnibpcajpcglclefindmkaj/https://www.tccmaterials.com/wp-content/uploads/2020/06/TechNote-PortlandCementPlaster.pdf | T14: THREE-COAT STUCCO is the traditional installation method, this system begins with a base or “scratch” coat of Portland cement-based mortar applied at between ⅜-½ in. thickness over expanded metal lath or galvanized stucco netting that has been secured to the exterior sheathing with a moisture protection barrier between the lath and sheathing. Next, a “brown” coat of mortar of approximately ⅜ in. is applied over the “scratch” coat. These two base coats are hand-applied or machine sprayed (pump grade). The third coat, the finish coat, is often pigmented for color and applied by smooth trowel, hand-textured, floated to a sand finish, or sprayed. The three-coat stucco system total thickness is approximately ⅞ in., and weighs 10-12 lb. per sq. ft.
D15: 15 felt moisture protection barrier | E15: organic mat, asphalt coating | F15: #15 FELT | J15: - | K15: - | L15: =15/100 -> 0.15 | M15: (lb/ft2) | N15: =L15*H13 -> 538.8 | Q15: =N15/O2 -> 0.19692982 | R15: 3 | S15: IBC 1403.2: | T15: No fewer than one layer of water-resistive barrier material (no. 15 felt) shall be attached to the studs or sheathing, with flashing as described in section 1404.4
D16: sheathing board | E16: gypsum board | F16: glass mat gypsum board | J16: =0.5/12 -> 0.041666667 | K16: - | L16: 1.9 | M16: (lb/ft2) | N16: =L16*H13 -> 6824.8 | Q16: =N16/O2 -> 2.4944444 | R16: 4 | S16: https://www.buildgp.com/product/densglass-sheathing | T16: manufacturer spec for weight
S17: NREL BCL 90.1-2004 Nonres 3C Ext Wall Mass | T17: 1/2" gypsum
S18: engineering judgement | T18: assembly is from the studs out
B19: EXTERIOR ALUMINUM WINDOWS | C19: ALUMINUM WINDOWS | D19: Framing | E19: Aluminum | F19: Aluminum | G19: 7 | H19: 10.5 | I19: SF | J19: =0.07/12 -> 0.0058333333 | K19: - | L19: 1 | M19: (lb/ft2) | N19: =L19*H19*G19 -> 73.5 | Q19: =N19/O2 -> 0.026864035 | R19: 1 | S19: https://www.starlinewindows.com/files/file/5c6de10c550b8/Aluminum-Glass-and-IGU-Design-Guidelines.pdf | T19: to calculate weight, add the glass weight based on your IGU glass thickness + 1 lb/ft2 for the window framing
S20: UFC 3-101-01 1404.13.3 | T20: Aluminum Windows [Addition]: Aluminum windows must be heavy-duty commercial quality systems; conforming to AAMA/WDMA/CSA 101. For window reinforcing purposes, concealed 316L stainless steel or aluminum reinforcing inserts are required. Internal fasteners must be 316L stainless steel. Aluminum windows must have anodized aluminum finish and color to meet the requirements in the applicable installation exterior architectural guidelines.
S21: FC 1-300-09N 6-7.1: | T21: Blast resistant window systems
S22: UFC 3-101-01 1404.13.2 | T22: Fenestration must meet both code and UFC 4-010-01 requirements.
D23: Windows (IGU) | E23: Laminated glass | F23: Laminated glass | J23: =1/4/12 -> 0.020833333 | K23: - | L23: 158 | M23: (lb/ft3) | N23: =L23*J23*H19*G19*2 -> 483.875 | Q23: =N23/O2 -> 0.1768549 | R23: 2 | S23: UFC 3-101-01 1404.13.9 | T23: Exterior windows must have insulated glazing system (outer lite low E with an air space and interior lite meeting the IBC requirements for wind and windborne debris protection, where applicable, and UFC requirements for Antiterrorism protection)
S24: UFC 4-010-01 3-11.1 | T24: For glazing in exterior building elements such as storefronts, doors, windows, curtain walls, clerestories, and skylights provide no less than 1/4 in. (6 mm) nominal polycarbonate or laminated glass. The 1/4 in. (6 mm) laminated glass consists of two nominal 1/8 in. (3 mm) glass panes bonded together with a minimum of a 0.030 in. (0.75 mm) interlayer of a material \1\ that has typically been used in blast resistant window applications. For insulated glass units (IGU), use the polycarbonate or laminated glass for the innermost pane as a minimum
T25: For polycarbonate, provide a glazing frame bite of no less than 1.5 times the polycarbonate thickness. For laminated glass, the laminated pane shall be adhered to its supporting frame using structural silicone sealant or adhesive glazing tape. The structural silicone sealant bite shall be equal to the larger of 3/8-in. (10-mm) or the thickness of the laminated glass to which it adheres. The minimum thickness of the structural silicone bead shall be 3/16-in. (5-mm). The glazing tape bite shall be equal to two times the thickness of the laminated glass to which it adheres. The structural silicone bead or glazing tape shall be applied to both sides of single pane laminated glass but need only be applied to the inboard (protected) side of an IGU. /1/
S26: https://www.westcoastglass.com/wp-content/uploads/2019/03/GIB-LD-08-0814-Weight-of-Laminated-Architectural-Glass.pdf | T26: PVB interlayer film weight lb/ft2
S27: https://syracuseglass.com/E-DOCS/general/EDOCS/Approximate%20Weight%20of%20Architectural%20Flat%20Glass.pdf | T27: window glass density = 158 lb/ft^3
E28: plastic | F28: Polyvinyl Butyral (PVB) interlayer film | J28: =0.03/12 -> 0.0025 | K28: - | L28: 0.17 | M28: (lb/ft2) | N28: =L28*H19*G19*2 -> 24.99 | Q28: =N28/O2 -> 0.0091337719 | R28: 2 | S28: https://www.dow.com/en-us/market/mkt-building-construction/silicone-construction-calculators.html | T28: calculated the amount of sealant = 0.09L from bite = 3/8" & thickness = 3/16" in UFC & 10% waste (https://www.tremcosealants.com/blog/how-to-use-sealant-calculators-to-estimate-product-needs#:~:text=Inefficiency%20Factor%2D%20also%20referred%20to,5%25%20for%20highly%20experienced%20applicators.)
B29: ROOF COVERING | C29: SHINGLES | D29: asphalt shingles | E29: asphalt | F29: asphalt shingles | G29: 1 | H29: 2245 | I29: SF | J29: - | K29: - | L29: 1.95 | M29: (lb/ft2) | N29: =H29*L29 -> 4377.75 | Q29: =N29/O2 -> 1.6000548 | R29: 5 | S29: WBDG building envelope design guide | T29: Asphalt shingles are available with either fiberglass or organic reinforcement. Fiberglass-reinforced shingles provide greater fire resistance and are therefore recommended.
S30: https://roofonline.com/weight-of-roofing-materials/ | T30: shingle weight... Assumed "3-tab"
D31: #30 felt | E31: organic mat, asphalt coating | F31: #30 felt | G31: 2 | J31: - | K31: - | L31: 0.215 | M31: (lb/ft2) | N31: =L31*H29*G31 -> 965.35 | Q31: =N31/O2 -> 0.3528326 | R31: 5 | S31: https://roofonline.com/weight-of-roofing-materials/ | T31: felt weight
S32: google earth | T32: looks like probably less than a roof slope of 4:12; therefore from UFCs use 2 layers of underlayment
S33: UFC 3-100-03 3-3-4.4 Asphalt Shingle Underlayments | T33: The use of underlayment requires a continuous substrate to support the underlayment material. The underlayment shall be a minimum 30-lb, non-perforated organic asphalt saturated roofing felt. The underlayment shalol be applied over the entire roof deck and the self-adhering underlayment before or during the application of shingles. On roofs with a slope less than 4:12, apply 2 layers of underlayment with staggered side laps.
S34: https://bayvalleyroofing.com/blog/what-size-plywood-for-roofing/ | T34: The recommended thickness for your roof depends on the materials you are using and the roof’s slope. For example, an ideal thickness for roofing plywood is at least 5/8 inches for a standard asphalt shingles roof
D35: Plywood sheathing | E35: wood | F35: plywood | G35: 0 | J35: 0.052083333 | L35: 1.56 | M35: (lb/ft2) | N35: =L35*H29*G35 -> 0 | Q35: =N35/O2 -> 0 | R35: 2 | S35: https://www.soundproofingcompany.com/soundproofing_101/building-materials-weights-guide | T35: plywood weight chart
F38: Material | G38: Mass (lbs) | H38: MIC (lbs/ft2)
F39: concrete | G39: =SUMIF($F$2:$F$35,$F39,N$2:N$35) -> 168375 | H39: =SUMIF($F$2:$F$35,$F39,Q$2:Q$35) -> 61.54057
F40: carbon steel | G40: =SUMIF($F$2:$F$35,$F40,N$2:N$35) -> 6735 | H40: =SUMIF($F$2:$F$35,$F40,Q$2:Q$35) -> 2.4616228
F41: wood (OSB) | G41: =SUMIF($F$2:$F$35,$F41,N$2:N$35) -> 3232.8 | H41: =SUMIF($F$2:$F$35,$F41,Q$2:Q$35) -> 1.1815789
F42: softwood | G42: =SUMIF($F$2:$F$35,$F42,N$2:N$35) -> 25739.944 | H42: =SUMIF($F$2:$F$35,$F42,Q$2:Q$35) -> 9.4078745
F43: Stucco | G43: =SUMIF($F$2:$F$35,$F43,N$2:N$35) -> 39512 | H43: =SUMIF($F$2:$F$35,$F43,Q$2:Q$35) -> 14.44152
F44: #15 FELT | G44: =SUMIF($F$2:$F$35,$F44,N$2:N$35) -> 538.8 | H44: =SUMIF($F$2:$F$35,$F44,Q$2:Q$35) -> 0.19692982
F45: glass mat gypsum board | G45: =SUMIF($F$2:$F$35,$F45,N$2:N$35) -> 6824.8 | H45: =SUMIF($F$2:$F$35,$F45,Q$2:Q$35) -> 2.4944444
F46: Aluminum | G46: =SUMIF($F$2:$F$35,$F46,N$2:N$35) -> 73.5 | H46: =SUMIF($F$2:$F$35,$F46,Q$2:Q$35) -> 0.026864035
F47: Laminated glass | G47: =SUMIF($F$2:$F$35,$F47,N$2:N$35) -> 483.875 | H47: =SUMIF($F$2:$F$35,$F47,Q$2:Q$35) -> 0.1768549
F48: Polyvinyl Butyral (PVB) interlayer film | G48: =SUMIF($F$2:$F$35,$F48,N$2:N$35) -> 24.99 | H48: =SUMIF($F$2:$F$35,$F48,Q$2:Q$35) -> 0.0091337719
F49: asphalt shingles | G49: =SUMIF($F$2:$F$35,$F49,N$2:N$35) -> 4377.75 | H49: =SUMIF($F$2:$F$35,$F49,Q$2:Q$35) -> 1.6000548
F50: #30 felt | G50: =SUMIF($F$2:$F$35,$F50,N$2:N$35) -> 965.35 | H50: =SUMIF($F$2:$F$35,$F50,Q$2:Q$35) -> 0.3528326
F51: plywood | G51: =SUMIF($F$2:$F$35,$F51,N$2:N$35) -> 0 | H51: =SUMIF($F$2:$F$35,$F51,Q$2:Q$35) -> 0
F55: Material Category | G55: Mass (lbs) | H55: MIC (lbs/ft2)
F56: concrete | G56: =SUMIF($E$2:$E$35,$F56,N$2:N$35) -> 168375 | H56: =SUMIF($E$2:$E$35,$F56,Q$2:Q$35) -> 61.54057
F57: steel | G57: =SUMIF($E$2:$E$35,$F57,N$2:N$35) -> 6735 | H57: =SUMIF($E$2:$E$35,$F57,Q$2:Q$35) -> 2.4616228
F58: wood | G58: =SUMIF($E$2:$E$35,$F58,N$2:N$35) -> 28972.745 | H58: =SUMIF($E$2:$E$35,$F58,Q$2:Q$35) -> 10.589453
F59: stucco | G59: =SUMIF($E$2:$E$35,$F59,N$2:N$35) -> 39512 | H59: =SUMIF($E$2:$E$35,$F59,Q$2:Q$35) -> 14.44152
F60: organic mat, asphalt coating | G60: =SUMIF($E$2:$E$35,$F60,N$2:N$35) -> 1504.15 | H60: =SUMIF($E$2:$E$35,$F60,Q$2:Q$35) -> 0.54976243
F61: gypsum board | G61: =SUMIF($E$2:$E$35,$F61,N$2:N$35) -> 6824.8 | H61: =SUMIF($E$2:$E$35,$F61,Q$2:Q$35) -> 2.4944444
F62: Aluminum | G62: =SUMIF($E$2:$E$35,$F62,N$2:N$35) -> 73.5 | H62: =SUMIF($E$2:$E$35,$F62,Q$2:Q$35) -> 0.026864035
F63: Laminated glass | G63: =SUMIF($E$2:$E$35,$F63,N$2:N$35) -> 483.875 | H63: =SUMIF($E$2:$E$35,$F63,Q$2:Q$35) -> 0.1768549
F64: plastic | G64: =SUMIF($E$2:$E$35,$F64,N$2:N$35) -> 24.99 | H64: =SUMIF($E$2:$E$35,$F64,Q$2:Q$35) -> 0.0091337719
F65: asphalt | G65: =SUMIF($E$2:$E$35,$F65,N$2:N$35) -> 4377.75 | H65: =SUMIF($E$2:$E$35,$F65,Q$2:Q$35) -> 1.6000548

Sheet Family service center
A1: Archetype/Typology | B1: Asset | C1: Asset description | D1: Assembly | E1: Material Category | F1: Material | G1: Qty | H1: Size | I1: UOM | J1: thickness (ft) | K1: width (ft) | L1: density | M1: UOM | N1: Mass (lbs) | O1: Building Area | P1: Functional Unit | Q1: Mass per Functional Unit (lbs/ft2) | R1: data confidence level | S1: Source of data | T1: assumptions
A2: Family service center | B2: FOOTING | C2: STRIP FOOTINGS | D2: concrete | E2: concrete | F2: concrete | G2: 1 | H2: 470 | I2: LF | J2: 0.5 | K2: 1.5 | L2: 150 | M2: (lb/ft3) | N2: =L2*K2*J2*H2 -> 52875 | O2: 10903 | P2: ft2 | Q2: =N2/O2 -> 4.8495827 | R2: 4 | S2: UFC 3-220-01 1808.2: | T2: continuous footings shall be 18" wide or 8" wider than the supported wall, whichever is greater
S3: IBC Table 1809.7: | T3: Prescriptive footings supporting walls of light-frame construction: 3 floors -> 8" thick footing
D4: reinforcement | E4: steel | F4: carbon steel | L4: 5.25 | M4: (lb/ft3) | N4: =L4*K2*J2*H2 -> 1850.625 | Q4: =N4/$O$2 -> 0.16973539 | R4: 4 | S4: engineering judgement, https://www.omnicalculator.com/construction/concrete-weight: | T4: slab of concrete = 150 lbs/cubic ft; reinforced conrete = 156 lbs/cubic ft
B5: SLAB | C5: PLAIN/REINFORCED | D5: concrete | E5: concrete | F5: concrete | G5: 1 | H5: 11400 | I5: SF | J5: 0.5 | K5: - | L5: 150 | M5: (lb/ft3) | N5: =L5*J5*H5 -> 855000 | Q5: =N5/$O$2 -> 78.418784 | R5: 5 | S5: engineering judgement, IBC Table 1809.7
D6: reinforcement | E6: steel | F6: carbon steel | L6: 6 | M6: (lb/ft3) | N6: =L6*J5*H5 -> 34200 | Q6: =N6/$O$2 -> 3.1367514 | R6: 5 | S6: engineering judgement, https://www.omnicalculator.com/construction/concrete-weight: | T6: slab of concrete = 150 lbs/cubic ft; reinforced conrete = 156 lbs/cubic ft
B7: ROOF CONSTRUCTION | C7: WOOD DECK AND RAFTERS | D7: Deck | E7: wood | F7: OSB | G7: 1 | H7: 11700 | I7: SF | J7: 0.036458333 | K7: - | L7: 1.44 | M7: (lb/ft2) | N7: =L7*H7 -> 16848 | Q7: =N7/$O$2 -> 1.5452628 | R7: 3 | S7: https://www.billraganroofing.com/blog/what-roof-decking | T7: use OSB for roof decks
S8: UFC 3-110-03 2-4.2.3 low-slope roofs | T8: wood-plant and strucutral wood-panel decks were used in the past on many military facilities. Generally, this material may only be used on small buildings or in reroofing when the existing material is in fair or better condition. Use of this material on new buildings must be supported with strong arguments demonstrating that neither steel nor strucutral concrete decks fulfill the specific functional requirments.
S9: https://montanaroofingsolutions.com/blog/roof-sheathing-thickness/ | T9: 7/16" most common OSB roof sheathing thickness
S10: https://roofobservations.com/weight-of-plywood-and-osb/ | T10: OSB weight calculator
D11: Rafters | E11: wood | F11: softwood | G11: 161 | J11: - | K11: - | L11: 3.5 | M11: (lb/ft) | N11: 19218 | Q11: =N11/$O$2 -> 1.7626341 | R11: 3 | S11: infads | T11: building is 125 ft long and 95 ft wide
S12: https://rmadocs.venturacounty.gov/images/pdf/bs/handouts/B-91.pdf | T12: use DFL #2 rafters
S13: https://alsyedconstruction.com/rafter-boards-in-construction-usa-essential-guide-for-builders-and-homeowners/#:~:text=The%20most%20common%20material%20for%20rafter%20boards%20in,strength%20needed%20for%20residential%20and%20light%20commercial%20buildings. | T13: more rafter assumptions
S14: https://roofobservations.com/2x10-lumber-weight/#2x10-lumber-weight-calculator | T14: 2x10 douglas fir, 21' weight per rafter
S15: https://pallyroofing.com/all-about-rafter-spacing-for-metal-roofs/ | T15: Steeper roofs often use wider spacing between rafters because the load is distributed more efficiently; Commercial Buildings: Depending on the roof design and load requirements, commercial roofs may use wider spacing, such as 24 inches in the center. They often accommodate larger spans and higher loads.
S16: google earth | T16: horizontal spans are 32',36',32', 33'
S17: IBC 2306.1.1 Joists and Rafters | T17: the design of rafter spans is permitted to be in accordance with the AWC STJR
S18: AWC STJR wood joist and rafters span options calculator (https://awc.org/calculators/span-options-calculator-for-wood-joists-and-rafters/) | T18: for DFL, No.2, 16' span, 18' span, 16' span, 17' span (1 purlin halfway), 24" o.c. Spacing, and standard live load, dead load, and deflection = (3) 2x10, (1) 2x12 DLF No.2 @ 24" o.c. Spacing -> assume all 2x10
D19: stick wall framing | E19: wood | F19: softwood | G19: 349.5 | J19: 2x6 | K19: 29 | L19: 1.833 | M19: (lb/ft) | N19: =L19*K19*G19 -> 18578.371 | Q19: =N19/O2 -> 1.7039688 | R19: 2 | S19: engineering judgement | T19: assume rafters sit on bearing walls of stick frame construction
S20: https://www.hansenpolebuildings.com/2020/08/stick-framing/ | T20: stick framing usually 2x4 or 2x6s -> assume 2x6 for exterior walls
B21: PATIO ROOF CONSTRUCTION | C21: WOOD DECK | D21: Deck | E21: wood | F21: OSB | G21: 1 | H21: 1500 | I21: SF | J21: 0.036458333 | K21: - | L21: 1.44 | M21: (lb/ft2) | N21: =L21*H21 -> 2160 | Q21: =N21/$O$2 -> 0.19811061 | R21: 3 | S21: https://www.billraganroofing.com/blog/what-roof-decking | T21: use OSB for roof decks
S22: https://montanaroofingsolutions.com/blog/roof-sheathing-thickness/ | T22: 7/16" most common OSB roof sheathing thickness
S23: https://roofobservations.com/weight-of-plywood-and-osb/ | T23: OSB weight calculator
S24: UFC 3-110-03 2-4.2.3 low-slope roofs | T24: wood-plant and strucutral wood-panel decks were used in the past on many military facilities. Generally, this material may only be used on small buildings or in reroofing when the existing material is in fair or better condition. Use of this material on new buildings must be supported with strong arguments demonstrating that neither steel nor strucutral concrete decks fulfill the specific functional requirments.
C25: WOOD RAFTERS | D25: Rafters | E25: wood | F25: softwood | G25: 60 | J25: 2x6 | K25: 10 | L25: 1.833 | M25: (lb/ft) | N25: =L25*K25*G25 -> 1099.8 | Q25: =N25/$O$2 -> 0.10087132 | R25: 2 | S25: google earth | T25: patio is 17' wide and 120' long
S26: https://rmadocs.venturacounty.gov/images/pdf/bs/handouts/B-91.pdf | T26: use DFL #2 rafters
S27: https://alsyedconstruction.com/rafter-boards-in-construction-usa-essential-guide-for-builders-and-homeowners/#:~:text=The%20most%20common%20material%20for%20rafter%20boards%20in,strength%20needed%20for%20residential%20and%20light%20commercial%20buildings. | T27: more rafter assumptions
S28: https://roofobservations.com/2x10-lumber-weight/#2x10-lumber-weight-calculator | T28: 2x6 douglas fir = 1.83 lbs/ft
S29: https://www.vintagewoodworks.com/roofstructure.html#:~:text=Rafters%20are%20typically%20spaced%2016,for%20every%2012%22%20it%20travels. | T29: Rafters are typically spaced 16" or 24" apart along the length of the porch
S30: google earth | T30: horizontal span is 10'
S31: IBC 2306.1.1 Joists and Rafters | T31: the design of rafter spans is permitted to be in accordance with the AWC STJR
S32: https://www.ci.port-hueneme.ca.us/DocumentCenter/View/3430/Patio-Cover-Attached | T32: DFL #2 rafters spaced at 24" -> use 2x8 for 10' span
C33: BEAMS | D33: beams | E33: wood | F33: softwood | G33: 10 | J33: 2x8 | K33: 12 | L33: 2.42 | M33: lb/ft | N33: =L33*K33*G33 -> 290.4 | Q33: =N33/$O$2 -> 0.026634871 | R33: 1 | S33: https://www.ci.port-hueneme.ca.us/DocumentCenter/View/3430/Patio-Cover-Attached | T33: DFL #2 rafters spaced at 24" -> 2x8 beam spans 12'; 4x4 post minimum
C34: POSTS | D34: posts | E34: wood | F34: softwood | G34: 11 | J34: 2-2x4 | K34: 10 | L34: 2.334 | M34: lb/ft | N34: =L34*K34*G34 -> 256.74 | Q34: =N34/O2 -> 0.023547647 | R34: 1 | S34: engineering judgement | T34: assume posts are 10' tall
S35: https://roofobservations.com/2x4-lumber-weight/ | T35: 2x4 DFL weighs 1.167 lb/ft
B36: EXTERIOR WALLS | C36: STUCCO | D36: Stucco | E36: stucco | F36: stucco | G36: 1 | H36: 4500 | I36: SF | J36: 0.083333333 | K36: - | L36: 11 | M36: (lb/ft2) | N36: =L36*H36 -> 49500 | Q36: =N36/$O$2 -> 4.5400349 | R36: 5 | S36: UFGS SECTION 09 24 23 3.8, page 12 | T36: Stucco must be applied in three coats to a thickness of not less than 1 inch as measured from the back plane of metal reinforcement
S37: chrome-extension://efaidnbmnnnibpcajpcglclefindmkaj/https://www.tccmaterials.com/wp-content/uploads/2020/06/TechNote-PortlandCementPlaster.pdf | T37: THREE-COAT STUCCO is the traditional installation method, this system begins with a base or “scratch” coat of Portland cement-based mortar applied at between ⅜-½ in. thickness over expanded metal lath or galvanized stucco netting that has been secured to the exterior sheathing with a moisture protection barrier between the lath and sheathing. Next, a “brown” coat of mortar of approximately ⅜ in. is applied over the “scratch” coat. These two base coats are hand-applied or machine sprayed (pump grade). The third coat, the finish coat, is often pigmented for color and applied by smooth trowel, hand-textured, floated to a sand finish, or sprayed. The three-coat stucco system total thickness is approximately ⅞ in., and weighs 10-12 lb. per sq. ft.
D38: moisture protection barrier | E38: organic mat, asphalt coating | F38: #15 FELT | J38: - | K38: - | L38: 0.15 | M38: (lb/ft2) | N38: =L38*H36 -> 675 | Q38: =N38/$O$2 -> 0.061909566 | R38: 3 | S38: IBC 1403.2: | T38: No fewer than one layer of water-resistive barrier material (no. 15 felt) shall be attached to the studs or sheathing, with flashing as described in section 1404.4
D39: sheathing | E39: gypsum board | F39: glass mat gypsum board | J39: 0.041666667 | K39: - | L39: 1.9 | M39: (lb/ft2) | N39: =L39*H36 -> 8550 | Q39: =N39/$O$2 -> 0.78418784 | R39: 3 | S39: https://www.buildgp.com/product/densglass-sheathing | T39: manufacturer spec for weight
S40: NREL BCL 90.1-2004 Nonres 3C Ext Wall Mass | T40: 1/2" gypsum
S41: engineering judgement | T41: assembly is from the studs out
B42: EXTERIOR DOORS | C42: GLAZED DOORS (STOREFRONT TYPE): METAL SWING | D42: Storefront door | E42: - | F42: - | G42: 2 | H42: 21 | I42: SF | J42: - | K42: - | L42: - | M42: lbs/door | N42: =H42*G42 -> 42 | Q42: =N42/$O$2 -> 0.0038521508 | R42: 4 | S42: https://www.cdfdistributors.com/what-are-the-average-dimensions-of-a-commercial-door/ | T42: average commercial door dimensions
B43: EXTERIOR DOORS | C43: STEEL DOORS | D43: Steel door | E43: - | F43: - | G43: 21 | H43: 21 | I43: SF | J43: - | K43: - | L43: - | M43: lbs/door | N43: =H43*G43 -> 441 | Q43: =N43/$O$2 -> 0.040447583 | R43: 4 | S43: https://mannleeco.com/standard-door-size/ | T43: standard door size for commercial buildings and residential houses is 36x80"
B44: EXTERIOR WINDOWS | C44: ALUMINUM WINDOWS | D44: Aluminum frame | E44: aluminum | F44: aluminum | G44: 21 | H44: 25 | I44: SF | J44: - | K44: - | L44: 1 | M44: lb/window | N44: =L44*G44*H44 -> 525 | Q44: =N44/$O$2 -> 0.048151885 | R44: 2 | S44: sketchandcalc | T44: window size
S45: https://www.starlinewindows.com/files/file/5c6de10c550b8/Aluminum-Glass-and-IGU-Design-Guidelines.pdf | T45: to calculate weight, add the glass weight based on your IGU glass thickness + 1 lb/ft2 for the window framing
S46: UFC 3-101-01 1404.13.3 | T46: Aluminum Windows [Addition]: Aluminum windows must be heavy-duty commercial quality systems; conforming to AAMA/WDMA/CSA 101. For window reinforcing purposes, concealed 316L stainless steel or aluminum reinforcing inserts are required. Internal fasteners must be 316L stainless steel. Aluminum windows must have anodized aluminum finish and color to meet the requirements in the applicable installation exterior architectural guidelines.
S47: FC 1-300-09N 6-7.1: | T47: Blast resistant window systems
D48: Windows (IGU) | E48: Glass | F48: Laminated glass | H48: 25 | I48: SF | J48: 0.020833333 | K48: - | L48: 158 | M48: (lb/ft3) | N48: =L48*J48*H48*G44*2 -> 3456.25 | Q48: =N48/$O$2 -> 0.31699991 | R48: 2 | S48: sketchandcalc | T48: window sizes taken from similar building in same archetype, because not available for this building
S49: UFC 3-101-01 1404.13.9 | T49: Exterior windows must have insulated glazing system (outer lite low E with an air space and interior lite meeting the IBC requirements for wind and windborne debris protection, where applicable, and UFC requirements for Antiterrorism protection)
S50: UFC 4-010-01 3-11.1 | T50: For glazing in exterior building elements such as storefronts, doors, windows, curtain walls, clerestories, and skylights provide no less than 1/4 in. (6 mm) nominal polycarbonate or laminated glass. The 1/4 in. (6 mm) laminated glass consists of two nominal 1/8 in. (3 mm) glass panes bonded together with a minimum of a 0.030 in. (0.75 mm) interlayer of a material \1\ that has typically been used in blast resistant window applications. For insulated glass units (IGU), use the polycarbonate or laminated glass for the innermost pane as a minimum
S51: https://syracuseglass.com/E-DOCS/general/EDOCS/Approximate%20Weight%20of%20Architectural%20Flat%20Glass.pdf | T51: window glass density = 158 lb/ft^3
D52: PVB Interlayer film | E52: plastic | F52: Polyvinyl Butyral (PVB) interlayer film | J52: 0.0025 | K52: - | L52: 0.17 | M52: (lb/ft2) | N52: =L52*H48*G44*2 -> 178.5 | Q52: =N52/$O$2 -> 0.016371641 | R52: 2 | S52: UFC 4-010-01 3-11.1 | T52: For glazing in exterior building elements such as storefronts, doors, windows, curtain walls, clerestories, and skylights provide no less than 1/4 in. (6 mm) nominal polycarbonate or laminated glass. The 1/4 in. (6 mm) laminated glass consists of two nominal 1/8 in. (3 mm) glass panes bonded together with a minimum of a 0.030 in. (0.75 mm) interlayer of a material \1\ that has typically been used in blast resistant window applications. For insulated glass units (IGU), use the polycarbonate or laminated glass for the innermost pane as a minimum
S53: https://www.westcoastglass.com/wp-content/uploads/2019/03/GIB-LD-08-0814-Weight-of-Laminated-Architectural-Glass.pdf | T53: PVB interlayer film weight lb/ft2
B54: STOREFRONT WINDOW | C54: CURTAIN WALL PANELS | D54: Curtain wall panels (IGU) | E54: Glass | F54: laminated glass | G54: 2 | H54: 200 | I54: SF | J54: 0.020833333 | K54: - | L54: 158 | M54: (lb/ft3) | N54: =L54*J54*H54*G54 -> 1316.6667 | Q54: =N54/$O$2 -> 0.12076187 | R54: 5 | S54: UFGS 08 44 00 page 5 | T54: Curtain-wall systems may be classified by visual characteristics as follows: 1. Mullion type has dominant vertical lines. Vertical mullions are usually 45 millimeter 1-3/4 inches or more wide and usually extend 100 millimeter 4 inches or more beyond the exterior face of the curtain wall. Mullions are usually not more than 1525 millimeter 5 feet on center.
S55: UFC 4-010-01 3-11.1 | T55: For glazing in exterior building elements such as storefronts, doors, windows, curtain walls, clerestories, and skylights provide no less than 1/4 in. (6 mm) nominal polycarbonate or laminated glass. The 1/4 in. (6 mm) laminated glass consists of two nominal 1/8 in. (3 mm) glass panes bonded together with a minimum of a 0.030 in. (0.75 mm) interlayer of a material \1\ that has typically been used in blast resistant window applications. For insulated glass units (IGU), use the polycarbonate or laminated glass for the innermost pane as a minimum
S56: UFC 3-101-01 1404.13.9 | T56: Exterior windows must have insulated glazing system (outer lite low E with an air space and interior lite meeting the IBC requirements for wind and windborne debris protection, where applicable, and UFC requirements for Antiterrorism protection)
E57: plastic | F57: Polyvinyl Butyral (PVB) interlayer film | J57: 0.0025 | K57: - | L57: 0.17 | M57: (lb/ft2) | N57: =L57*H54*G54 -> 68 | Q57: =N57/$O$2 -> 0.0062368156 | R57: 5 | S57: https://www.westcoastglass.com/wp-content/uploads/2019/03/GIB-LD-08-0814-Weight-of-Laminated-Architectural-Glass.pdf | T57: PVB interlayer film weight lb/ft2
D58: aluminum mullions | E58: aluminum | F58: aluminum | G58: 5 | J58: 0.33333333 | K58: 0.14583333 | L58: 169 | M58: (lb/ft3) | N58: 410.76389 | Q58: =N58/$O$2 -> 0.037674391 | R58: 2 | S58: google earth | T58: assume dimensions 30x10, 5' on center = 6 mullions, 10' long
S59: https://www.karaymetals.com/metals-density-table | T59: aluminum density
B60: ROOF COVERING | C60: BUILT-UP ROOF | D60: insulation | E60: plastic | F60: polyisocyanurate foam board | G60: 2 | H60: 6100 | I60: SF | J60: 0.125 | K60: - | L60: 2.5 | M60: (lb/ft2) | N60: =H60*L60*(J60)*G60 -> 3812.5 | Q60: =N60/$O$2 -> 0.3496744 | R60: 3 | S60: UFC 3-110-03 2-4.2.1 Steel decks: | T60: Two layers of insulation are required. Depending on wind resistance requirements, all layers of insulation may be mechanically fastened or the bottom layer may be mechanically fastened and the top layer adhered. Wood fiberboard may not be in direct contact with steel decks.
S61: UFC 3-110-03 2-5.2.3 | T61: Polyisocyanurate foam board is the most commonly used roof insulation.
S62: https://www.roofingcontractor.com/articles/99511-how-thick-is-too-thick-when-installing-polyiso-roof-insulation#:~:text=Manufacturers%20produce%20polyiso%20roof%20insulation%20boards%20in,(25.4%20mm)%20to%204.5%20inches%20(114.3%20mm). | T62: Regarding popularity, 2.6-inch (66 mm) thick polyiso roof insulation boards are often specified. Two layers of 2.6-inch thick polyiso insulation deliver a total of R-30, equating to the code-required minimum for above-deck roof insulation for commercial buildings in ASHRAE Climate Zones 4-6 in the United States.
D63: cover board | E63: gypsum board | F63: glass mat gypsum board | G63: 1 | J63: 0.041666667 | K63: - | L63: 2 | M63: (lb/ft2) | N63: =H60*L63 -> 12200 | Q63: =N63/$O$2 -> 1.1189581 | R63: 3 | S63: UFC 3-110-03 2-6.1 | T63: Coverboards installed directly below the roof membrane shall be used within all roof assembles except single-ply ballasted roof systems.
S64: UFC 3-110-03 2-6.2.1 Types of Cover Boards: | T64: Glass mat silixon-modified gypsum boards
S65: https://www.jm.com/content/dam/jm/global/en/commercial-roofing/Data%20sheets/Cover%20Boards/RS-5594%20DensDeck.pdf | T65: assume coverboard is 1/2" thickness bc sizes are 1/4,1/2, 5/8
D66: membrane | E66: asphalt | F66: asphalt BUR membrane | G66: 1 | J66: - | K66: - | L66: 6.3 | M66: (lb/ft2) | N66: =L66*H60 -> 38430 | Q66: =N66/$O$2 -> 3.524718 | R66: 5 | S66: UFC 3-110-03 2-8.1 | T66: Asphalt BUR membranes: The most common type of BUR surfacing is aggregate embedded in a bituminous flood coat. The thickness of 400 lb. (180 kg) gravel surfacing per square of roofing is 0.5 to 0.75 in. (12 to 18 mm).
S67: https://eliteroofing.com/roofing-101-which-membrane-option-is-right-for-you/ | T67: assume 4 ply BUR membrane
D68: top surfacing | E68: modified bitumen | F68: granulated modified bitumen cap sheet | G68: 1 | I68: SF | J68: - | K68: - | L68: 1 | M68: (lb/ft3) | N68: =L68*H60 -> 6100 | Q68: =N68/$O$2 -> 0.55947904 | R68: 4 | S68: https://roofonline.com/weight-of-roofing-materials/ | T68: weight of roofing materials
S69: UFC 3-110-03 2-8.1.4.1 | T69: The allowable types of top surfacing for BUR membranes are granulated modified bitumen cap sheet and aggregate
S70: https://www.homedepot.com/p/GAF-Tri-Ply-APP-Granular-Cap-Sheet-39-625-in-x-32-25-ft-100-sq-ft-net-Membrane-Roll-for-Low-Slope-Roofing-in-White-3688920/100031809 | T70: granulated cap sheet ~ 1 lb
B71: ROOFING METAL | C71: PREFORMED METAL | D71: preformed metal | E71: aluminum | F71: aluminum | G71: 1 | H71: 11700 | I71: SF | J71: =0.05/12 -> 0.0041666667 | K71: - | L71: 0.569 | M71: (lb/ft2) | N71: =H71*L71 -> 6657.3 | Q71: =N71/$N$2 -> 0.12590638 | R71: 4 | S71: UFC 3-110-03 5-2.7 | T71: When aluminum substrates are used the minimum required thickness is .032 in.
S72: UFGS Section 07 41 13 Page 19, 2.1.1 | T72: Roll-form aluminum roof panels to the to the specified profile, with fy = [ 30][ 40][ 50][ 80] ksi, [.032][.040][.050] inch thickness and depth as indicated. Do not use less than 18-gauge (1.27 mm) material in humid locations or project locations with Environmental Severity Classifications (ESC) of C3 thru C5. *Naval Base Ventura City is C5 ESC.
S73: https://armstrongmetalcrafts.com/reference/SheetMetalGaugeWeight.aspx | T73: weight from manufacturer specs
D74: water resistive barrier | E74: organic mat, asphalt coating | F74: #30 felt | G74: 1 | J74: - | K74: - | L74: 0.215 | M74: (lb/ft2) | N74: =L74*H71 -> 2515.5 | Q74: =N74/$N$2 -> 0.047574468 | R74: 3 | S74: drawings for different DoD building | T74: specified #30 felt
S75: https://roofonline.com/weight-of-roofing-materials/ | T75: felt weight
D76: roof deck | E76: wood | F76: plywood | G76: 1 | J76: =5/8/12 -> 0.052083333 | K76: - | L76: 1.56 | M76: (lb/ft2) | N76: =L76*H71 -> 18252 | Q76: =N76/$N$2 -> 0.34519149 | R76: 3 | S76: https://www.hansenpolebuildings.com/2015/08/standing-seam-steel/#:~:text=Planning%20on%20using%20a%20standing,over%205%2F8%E2%80%9D%20plywood. | T76: use 5/8" thick plywood under standing seam metal roofs
S77: https://www.soundproofingcompany.com/soundproofing_101/building-materials-weights-guide | T77: plywood weigth chart
S78: drawings for different DoD building | T78: assembly
D79: insulation | E79: plastic | F79: polyisocyanurate foam board | G79: 2 | J79: 0.125 | K79: - | L79: 2.5 | M79: (lb/ft3) | N79: =L79*H71*J79*G79 -> 7312.5 | Q79: =N79/$O$2 -> 0.67068697 | R79: 3 | S79: UFC 3 101 01 1404.3.5 | T79: Design low-slop roof assemblies using rigid insulation without a vapor retarder whenver possible
S80: NREL BCL 90.1-2004 nonres 3C roof | T80: Insulation R-15ci -> polysio thickness = 2.5"… choose is 1.5"
S81: UFC 3-110-03 2-4.2.1 Steel decks: | T81: Two layers of insulation are required. Depending on wind resistance requirements, all layers of insulation may be mechanically fastened or the bottom layer may be mechanically fastened and the top layer adhered. Wood fiberboard may not be in direct contact with steel decks.
S82: UFC 3-110-03 2-5.2.3 | T82: Polyisocyanurate foam board is the most commonly used roof insulation.
F85: Materials | G85: Mass (lbs) | H85: MIC (lbs/ft2)
F86: carbon steel | G86: =SUMIF($F$2:$F$82,F86,N$2:N$82) -> 36050.625 | H86: =SUMIF($F$2:$F$82,F86,Q$2:Q$82) -> 3.3064867
F87: concrete | G87: =SUMIF($F$2:$F$82,F87,N$2:N$82) -> 907875 | H87: =SUMIF($F$2:$F$82,F87,Q$2:Q$82) -> 83.268367
F88: softwood | G88: =SUMIF($F$2:$F$82,F88,N$2:N$82) -> 39443.311 | H88: =SUMIF($F$2:$F$82,F88,Q$2:Q$82) -> 3.6176567
F89: OSB | G89: =SUMIF($F$2:$F$82,F89,N$2:N$82) -> 19008 | H89: =SUMIF($F$2:$F$82,F89,Q$2:Q$82) -> 1.7433734
F90: stucco | G90: =SUMIF($F$2:$F$82,F90,N$2:N$82) -> 49500 | H90: =SUMIF($F$2:$F$82,F90,Q$2:Q$82) -> 4.5400349
F91: #15 felt | G91: =SUMIF($F$2:$F$82,F91,N$2:N$82) -> 675 | H91: =SUMIF($F$2:$F$82,F91,Q$2:Q$82) -> 0.061909566
F92: glass mat gypsum board | G92: =SUMIF($F$2:$F$82,F92,N$2:N$82) -> 20750 | H92: =SUMIF($F$2:$F$82,F92,Q$2:Q$82) -> 1.9031459
F93: aluminum | G93: =SUMIF($F$2:$F$82,F93,N$2:N$82) -> 7593.0639 | H93: =SUMIF($F$2:$F$82,F93,Q$2:Q$82) -> 0.21173266
F94: laminated glass | G94: =SUMIF($F$2:$F$82,F94,N$2:N$82) -> 4772.9167 | H94: =SUMIF($F$2:$F$82,F94,Q$2:Q$82) -> 0.43776178
F95: Polyvinyl Butyral (PVB) interlayer film | G95: =SUMIF($F$2:$F$82,F95,N$2:N$82) -> 246.5 | H95: =SUMIF($F$2:$F$82,F95,Q$2:Q$82) -> 0.022608456
F96: polyisocyanurate foam board | G96: =SUMIF($F$2:$F$82,F96,N$2:N$82) -> 11125 | H96: =SUMIF($F$2:$F$82,F96,Q$2:Q$82) -> 1.0203614
F97: asphalt BUR membrane | G97: =SUMIF($F$2:$F$82,F97,N$2:N$82) -> 38430 | H97: =SUMIF($F$2:$F$82,F97,Q$2:Q$82) -> 3.524718
... F100: plywood | G100: =SUMIF($F$2:$F$82,F100,N$2:N$82) -> 18252 | H100: =SUMIF($F$2:$F$82,F100,Q$2:Q$82) -> 0.34519149
F104: Material Category | G104: Mass (lbs) | H104: MIC (lbs/ft2)
F105: steel | G105: =SUMIF($E$2:$E$82,F105,$N$2:$N$82) -> 36050.625 | H105: =SUMIF($E$2:$E$82,F105,Q$2:Q$82) -> 3.3064867
F106: concrete | G106: =SUMIF($E$2:$E$82,F106,$N$2:$N$82) -> 907875 | H106: =SUMIF($E$2:$E$82,F106,Q$2:Q$82) -> 83.268367
F107: wood | G107: =SUMIF($E$2:$E$82,F107,$N$2:$N$82) -> 76703.311 | H107: =SUMIF($E$2:$E$82,F107,Q$2:Q$82) -> 5.7062216
...

Sheet Fire station
A1: Archetype/Typology | B1: Asset | C1: Asset description | D1: Assembly | E1: Material Category | F1: Material | G1: Qty | H1: Size | I1: UOM | J1: thickness (ft) | K1: width (ft) | L1: density | M1: UOM | N1: Mass (lbs) | O1: Building Area | P1: Functional Unit | Q1: Mass per Functional Unit (lbs/ft2) | R1: data confidence level | S1: Source of data | T1: assumptions
A2: Fire Station | B2: FOOTING | C2: STRIP FOOTINGS | D2: concrete | E2: concrete | F2: concrete | G2: 1 | H2: 410 | I2: LF | J2: 0.5 | K2: 1.5 | L2: 150 | M2: (lb/ft3) | N2: =L2*K2*J2*H2 -> 46125 | O2: 8670 | P2: ft2 | Q2: =N2/O2 -> 5.3200692 | R2: 4 | S2: UFC 3-220-01 1808.2: | T2: continuous footings shall be 18" wide or 8" wider than the supported wall, whichever is greater
S3: IBC Table 1809.7: | T3: Prescriptive footings supporting walls of light-frame construction: 3 floors -> 8" thick footing
D4: reinforcement | E4: steel | F4: carbon steel | L4: 5.25 | M4: (lb/ft3) | N4: =L4*K2*J2*H2 -> 1614.375 | Q4: =N4/$O$2 -> 0.18620242 | R4: 4 | S4: https://help.oneclicklca.com/en/articles/275888-average-quantities-of-reinforcement-in-concrete | T4: average reinforcement for concrete members
B5: SLAB | C5: PLAIN/REINFORCED | D5: concrete | E5: concrete | F5: concrete | G5: 1 | H5: 8750 | I5: SF | J5: 0.58333333 | K5: - | L5: 150 | M5: (lb/ft3) | N5: =L5*J5*H5 -> 765625 | Q5: =N5/$O$2 -> 88.307382 | R5: 5 | S5: engineering judgement, IBC Table 1809.7
D6: reinforcement | E6: steel | F6: carbon steel | L6: 6 | M6: (lb/ft3) | N6: =L6*J5*H5 -> 30625 | Q6: =N6/$O$2 -> 3.5322953 | R6: 5 | S6: engineering judgement, https://www.omnicalculator.com/construction/concrete-weight: | T6: slab of concrete = 150 lbs/cubic ft; reinforced conrete = 156 lbs/cubic ft
B7: ROOF CONSTRUCTION | C7: WOOD DECK, BEAMS, AND RAFTERS | D7: Deck | E7: wood | F7: OSB | G7: 1 | H7: 8850 | I7: SF | J7: 0.036458333 | K7: - | L7: 1.44 | M7: (lb/ft2) | N7: =L7*H7 -> 12744 | Q7: =N7/$O$2 -> 1.4698962 | R7: 3 | S7: https://www.billraganroofing.com/blog/what-roof-decking | T7: use OSB for roof decks
S8: UFC 3-110-03 2-4.2.3 low-slope roofs | T8: wood-plant and strucutral wood-panel decks were used in the past on many military facilities. Generally, this material may only be used on small buildings or in reroofing when the existing material is in fair or better condition. Use of this material on new buildings must be supported with strong arguments demonstrating that neither steel nor strucutral concrete decks fulfill the specific functional requirments.
S9: https://montanaroofingsolutions.com/blog/roof-sheathing-thickness/ | T9: 7/16" most common OSB roof sheathing thickness
S10: https://roofobservations.com/weight-of-plywood-and-osb/ | T10: OSB weight calculator
D11: Rafters | E11: wood | F11: softwood | G11: 144 | J11: 2X12 | K11: 18 | L11: 3.75 | M11: (lb/ft) | N11: =L11*K11*G11 -> 9720 | Q11: =N11/$O$2 -> 1.1211073 | R11: 2 | S11: INFADS | T11: building is 110 ft long and 80 ft wide
S12: https://rmadocs.venturacounty.gov/images/pdf/bs/handouts/B-91.pdf | T12: use DFL #2 rafters
S13: https://alsyedconstruction.com/rafter-boards-in-construction-usa-essential-guide-for-builders-and-homeowners/#:~:text=The%20most%20common%20material%20for%20rafter%20boards%20in,strength%20needed%20for%20residential%20and%20light%20commercial%20buildings. | T13: more rafter assumptions
S14: https://roofobservations.com/2x12-lumber-weight/ | T14: 2x12 douglas fir, 3.75
S15: https://pallyroofing.com/all-about-rafter-spacing-for-metal-roofs/ | T15: Steeper roofs often use wider spacing between rafters because the load is distributed more efficiently; Commercial Buildings: so use 16" OC spacing since flat roof
S16: https://www.d2rdesign.com/post/the-ultimate-flat-roof-calculator-guide?srsltid=AfmBOorVyK6m2mzBccAc0smV-KLrCr6cRntgA7ZZ9zPfZ1nU-p457Q-e | T16: assume stick-framed flat roof because of multiple roof elevations
S17: engineering judgement | T17: 2nd roof is 72x70
S18: IBCC Table 2308.7.2(2) | T18: 16" rafter spacing, DFL #2, 2x12 can span 25'
D19: Built-up beams | E19: wood | F19: softwood | G19: 35 | J19: 3-2x12 | K19: 10 | L19: 11.25 | M19: (lbs/ft) | N19: =L19*K19*G19 -> 3937.5 | Q19: =N19/O2 -> 0.45415225 | R19: 1 | S19: engineering judgement | T19: assume built-up beam is 3-2x12s
D20: Howe truss | E20: wood | F20: softwood | G20: 36 | J20: =48/12 -> 4 | K20: 55 | L20: 743 | M20: lbs/truss | N20: =L20*G20 -> 26748 | Q20: =N20/O2 -> 3.0851211 | R20: 1 | S20: UFC 4-730-10 3-2.2 | T20: Where the length of the apparatus bay is sized to accommodate one vehicle parked in each stall, provide clear spans with no intermediate columns. With the approval of the fire chief, where the length of the apparatus bay is sized to accommodate two or more behicles parked end-to-end in each stall, a single row of interior columns perpendicular to the stalls is permitted.
S21: engineering judgement | T21: assume parallel chord roof truss for the apparatus bay (55x70')
S22: https://rangertruss.com/blog/importance-of-truss-spacing-best-practices/#:~:text=Truss%20Spacing%20for%20Roof%20Types%20*%20Gable,based%20on%20the%20design%20and%20load%20considerations. | T22: flat roofs often have 24" spacing between trusses
S23: https://www.cascade-mfg-co.com/files/media/rooftrussspanchart.pdf | T23: flatt truss span table: 20 PSF live load, 3x6 top chord & 2x6 bottom chord, 48" deep flat roof truss can span 58'
S24: https://roofobservations.com/2x6-lumber-weight/ | T24: 2x6 weights = 1.833 lbs/ft
S25: engineering judgement | T25: calculation to estimate weight of truss = 1.833*2*55+54*4*1.833+14*5.66*1.833
D26: posts | E26: wood | F26: softwood | G26: 18 | J26: 6x6 | K26: 17 | L26: 5.499 | M26: lbs/ft | N26: =L26*K26*G26 -> 1682.694 | Q26: =N26/O2 -> 0.19408235 | R26: 1 | S26: IBC Table 2304.11 | T26: Roof lods only comuns are minimum 6x6"
D27: stick frame exterior construction | E27: wood | F27: softwood | G27: 280 | J27: 2x6 | K27: 17 | L27: 1.833 | M27: lbs/ft | N27: =L27*K27*G27 -> 8725.08 | Q27: =N27/O2 -> 1.0063529 | R27: 3 | S27: engineering judgement | T27: assume rafters sit on bearing walls of stick frame construction
S28: https://www.hansenpolebuildings.com/2020/08/stick-framing/ | T28: stick framing usually 2x4 or 2x6s -> assume 2x6 for exterior walls
S29: iNFADS | T29: building is 17' tall
B30: EXTERIOR WALLS | C30: STUCCO | D30: Stucco | E30: stucco | F30: stucco | G30: 1 | H30: 4000 | I30: SF | J30: 0.083333333 | K30: - | L30: 11 | M30: (lb/ft2) | N30: =L30*H30 -> 44000 | Q30: =N30/$O$2 -> 5.0749712 | R30: 5 | S30: UFGS SECTION 09 24 23 3.8, page 12 | T30: Stucco must be applied in three coats to a thickness of not less than 1 inch as measured from the back plane of metal reinforcement
