Workbook
Name Absc_graph: INDIRECT(#REF!)
Name Absc_graph: INDIRECT(#REF!)
Name Absc_graph: INDIRECT(#REF!)
Name Absc_graph: INDIRECT(#REF!)
Name Absc_graph: INDIRECT(#REF!)
Name Absc_graph: INDIRECT(#REF!)
Name Absc_graph: INDIRECT(#REF!)
Name Absc_graph: INDIRECT(#REF!)
Name Absc_graph: INDIRECT(#REF!)
Name Absc_graph: INDIRECT('[1]33'!$R$57)
Name Companies: #REF!
Name Companies: #REF!
Name Companies: #REF!
Name Companies: #REF!
Name Companies: #REF!
Name Companies: #REF!
Name Companies: #REF!
Name Companies: #REF!
Name Companies: #REF!
Name Companies: [1]MD!$D$2:$D$66
Name Countries: #REF!
Name Countries: #REF!
Name Countries: #REF!
Name Countries: #REF!
Name Countries: #REF!
Name Countries: #REF!
Name Countries: #REF!
Name Countries: #REF!
Name Countries: #REF!
Name Countries: [1]MD!#REF!
Name Indicators: #REF!
Name Indicators: #REF!
Name Indicators: #REF!
Name Indicators: #REF!
Name Indicators: #REF!
Name Indicators: #REF!
Name Indicators: #REF!
Name Indicators: #REF!
Name Indicators: #REF!
Name Indicators: [1]MD!$F$2:$F$3
Name IQ_CH: 110000
Name IQ_CQ: 5000
Name IQ_CY: 10000
Name IQ_DAILY: 500000
Name IQ_FH: 100000
Name IQ_FQ: 500
Name IQ_FY: 1000
Name IQ_LTM: 2000
Name IQ_MONTH: 15000
Name IQ_NTM: 6000
Name IQ_WEEK: 50000
Name IQ_YTD: 3000
Name Net_Generation_by_State__Type_1: #REF!
Name Net_Generation_by_State__Type_1: #REF!
Name Net_Generation_by_State__Type_1: #REF!
Name Net_Generation_by_State__Type_1: #REF!
Name Net_Generation_by_State__Type_1: #REF!
Name Net_Generation_by_State__Type_1: #REF!
Name Net_Generation_by_State__Type_1: #REF!
Name Net_Generation_by_State__Type_1: #REF!

Sheet Cover Sheet
A1: Supplementary Data for
A2: Mapping supplementary cementitious material resource potential for concrete decarbonization in the United States
A3: Josefine A. Olsson, Kelli A. Knight, Nica Campbell, Thomas P. Hendrickson, Sabbie A. Miller
A4: All units are metric
A6: This spreadsheet includes:
A7: 1. Cement demand (kt) | B7: Future cement demand per state (for RMC only).
A8: 2. Concrete demand | B8: Future concrete demand per state (RMC only)
A9: 3. Aggregate demand | B9: Includes natural fine, crushed fine, natural coarse, and crushed coarse aggregates
A10: 4. Fly ash demand | B10: Future baseline fly ash demand
A11: 5. Slag demand | B11: Future baseline slag demand
A12: 6. Concrete waste | B12: Future baseline concrete taken out of service
A13: 7a. Fly ash supply | B13: Lower limit: Fly ash production from coal electricity generation per state
A14: 7b. Fly ash supply | B14: Upper limit: Fly ash production from coal electricity generation per state
A15: 8a. Slag supply | B15: Lower limit: Blast furnace slag production per state
A16: 8b. Slag supply | B16: Upper limit: Blast furnace slag production per state
A17: 9a. Recovered fly ash supply | B17: Availability of recoverable fly ash for: high recovery rate (75%) and high utilization rate (40% cement substitution)
A18: 9b. Recovered fly ash supply | B18: Availability of recoverable fly ash for: high recovery rate (75%) and low utilization rate (20% cement substitution)
A19: 9c. Recovered fly ash supply | B19: Availability of recoverable fly ash for: low recovery rate (50%) and low utilization rate (20% cement substitution)
A20: 10. Natural pozzolans
A22: Supplementary tabs
A23: S1 | B23: Future cement demand per state (for RMC only) broken down by application
A24: S2 | B24: Electricity generation by coal per state
A25: S3 | B25: Coal consumption for electricity generation per state
A26: S4 | B26: Blast furnace capacity
A27: S5 | B27: Pig iron production per state
A28: S6 | B28: Estimated recovered coal ash from landfill
A29: S7 | B29: Estimated recovered coal ash from ponds
A30: S8 | B30: Cement plant capacities in California
A31: S9 | B31: Scenarios for permitting and adoption of natural pozzolans in CA
A32: S10 | B32: Permitted aggregate supply in CA

Sheet S10
A1: CGS
A2: Total CA | B2: Reserves (MMT) | C2: Demand (MMT) | D2: Remaining
A3: 10 or Fewer Years | B3: 142 | C3: 1390 | D3: -1248
A4: 11 to 20 Years | B4: 674 | C4: 2024 | D4: -1350
A5: 21 to 30 Years | B5: 224 | C5: 374 | D5: -150
A6: 31 to 40 Years | B6: 804 | C6: 1160 | D6: -356
A7: 41 to 50 Years | B7: 217 | C7: 234 | D7: -17
A8: More Than 50 Years | B8: 5133 | C8: 2810 | D8: 2323
A11: Near NBVC | B11: Reserves (MMT) | C11: Demand (MMT) | D11: Site name | E11: Remaining
A12: 10 or Fewer Years | B12: 9 | C12: 754 | D12: San Fernando Valley-Saugus Newhall P-C Region | E12: -745
A13: 11 to 20 Years | B13: 48 | C13: 163 | D13: Claremont-Upland P-C Region | E13: -115
A14: 11 to 20 Years | B14: 120 | C14: 537 | D14: Palmdale P-C Region | E14: -417
A15: 11 to 20 Years | B15: 240 | C15: 512 | D15: San Gabriel Valley P-C Region | E15: -272
A16: 11 to 20 Years | B16: 57 | C16: 177 | D16: San Luis Obispo-Santa Barbara P-C Region | E16: -120
A17: 41 to 50 Years | B17: 104 | C17: 106 | D17: Western Ventura-Simi P-C Region | E17: -2
A18: More Than 50 Years
A20: Aggregate Study Area | B20: Permitted Reserves (Million Tons) | C20: 50-Year Demand (Million Tons) | D20: Years of Permitted Reserves Remaining
A21: San Bernardino P-C Region | B21: 133 | C21: 636 | D21: 10 or Fewer Years
A22: San Fernando Valley-Saugus Newhall P-C Region | B22: 9 | C22: 754 | D22: 10 or Fewer Years | E22: Near NBVC
A23: Claremont-Upland P-C Region | B23: 48 | C23: 163 | D23: 11 to 20 Years | E23: Near NBVC
A24: Glenn County | B24: 15 | C24: 57 | D24: 11 to 20 Years
A25: Palmdale P-C Region | B25: 120 | C25: 537 | D25: 11 to 20 Years | E25: Near NBVC
A26: San Gabriel Valley P-C Region | B26: 240 | C26: 512 | D26: 11 to 20 Years | E26: Near NBVC
A27: San Luis Obispo-Santa Barbara P-C Region | B27: 57 | C27: 177 | D27: 11 to 20 Years | E27: Near NBVC
A28: Stanislaus County | B28: 27 | C28: 99 | D28: 11 to 20 Years
A29: Stockton-Lodi P-C Region | B29: 167 | C29: 479 | D29: 11 to 20 Years
A30: Western San Diego County P-C Region | B30: 224 | C30: 374 | D30: 21 to 30 Years
A31: Merced County | B31: 87 | C31: 156 | D31: 31 to 40 Years
A32: Monterey Bay P-C Region | B32: 187 | C32: 283 | D32: 31 to 40 Years
A33: Shasta County | B33: 52 | C33: 70 | D33: 31 to 40 Years
A34: South San Francisco P-C Region | B34: 478 | C34: 651 | D34: 31 to 40 Years
A35: Tehama County | B35: 27 | C35: 28 | D35: 41 to 50 Years
A36: Tulare County | B36: 86 | C36: 100 | D36: 41 to 50 Years
A37: Western Ventura-Simi P-C Region | B37: 104 | C37: 106 | D37: 41 to 50 Years | E37: Near NBVC
A38: Bakersfield P-C Region | B38: 1690 | C38: 207 | D38: More Than 50 Years
A39: Barstow-Victorville P-C Region | B39: 118 | C39: 101 | D39: More Than 50 Years
A40: Fresno P-C Region | B40: 530 | C40: 227 | D40: More Than 50 Years
A41: Greater Sacramento Area | B41: 1480 | C41: 1026 | D41: More Than 50 Years
A42: North San Francisco P-C Region | B42: 279 | C42: 239 | D42: More Than 50 Years
A43: Palm Springs P-C Region | B43: 175 | C43: 174 | D43: More Than 50 Years
A44: Temescal Valley-Orange County P-C Region | B44: 861 | C44: 836 | D44: More Than 50 Years

Sheet 1. Cement demand
A1: Projected cement demand per US state (thousand metric tons)
B3: 2025 | C3: 2026 | D3: 2027 | E3: 2028 | F3: 2029 | G3: 2030 | H3: 2031 | I3: 2032 | J3: 2033 | K3: 2034 | L3: 2035 | M3: 2036 | N3: 2037 | O3: 2038 | P3: 2039 | Q3: 2040 | R3: 2041 | S3: 2042 | T3: 2043 | U3: 2044 | V3: 2045 | W3: 2046 | X3: 2047 | Y3: 2048 | Z3: 2049 | AA3: 2050
A4: USA | B4: =SUM(B5:B54) -> 92473.259 | C4: =SUM(C5:C54) -> 93795.408 | D4: =SUM(D5:D54) -> 95102.691 | E4: =SUM(E5:E54) -> 96417.308 | F4: =SUM(F5:F54) -> 97714.569 | G4: =SUM(G5:G54) -> 99017.207 | H4: =SUM(H5:H54) -> 100284.53 | I4: =SUM(I5:I54) -> 101555.07 | ... AA4: =SUM(AA5:AA54) -> 136220.53
A5: Alabama | B5: ='[3]Inflow Cement results'!CR13 -> 1503.3815 | C5: ='[3]Inflow Cement results'!CS13 -> 1518.4852 | D5: ='[3]Inflow Cement results'!CT13 -> 1532.5721 | E5: ='[3]Inflow Cement results'!CU13 -> 1545.9234 | F5: ='[3]Inflow Cement results'!CV13 -> 1558.0761 | G5: ='[3]Inflow Cement results'!CW13 -> 1569.3196 | H5: ='[3]Inflow Cement results'!CX13 -> 1578.9393 | I5: ='[3]Inflow Cement results'!CY13 -> 1587.4805 | ... AA5: ='[3]Inflow Cement results'!DQ13 -> 1826.2209
A6: Alaska | B6: ='[3]Inflow Cement results'!CR18 -> 403.6755 | C6: ='[3]Inflow Cement results'!CS18 -> 407.71724 | D6: ='[3]Inflow Cement results'!CT18 -> 411.42032 | E6: ='[3]Inflow Cement results'!CU18 -> 414.88512 | F6: ='[3]Inflow Cement results'!CV18 -> 417.94785 | G6: ='[3]Inflow Cement results'!CW18 -> 420.71533 | H6: ='[3]Inflow Cement results'!CX18 -> 422.94084 | I6: ='[3]Inflow Cement results'!CY18 -> 424.82624 | ... AA6: ='[3]Inflow Cement results'!DQ18 -> 501.35277
A7: Arizona | B7: ='[3]Inflow Cement results'!CR23 -> 2766.1272 | C7: ='[3]Inflow Cement results'!CS23 -> 2836.2636 | D7: ='[3]Inflow Cement results'!CT23 -> 2907.4807 | E7: ='[3]Inflow Cement results'!CU23 -> 2980.3573 | F7: ='[3]Inflow Cement results'!CV23 -> 3054.0707 | G7: ='[3]Inflow Cement results'!CW23 -> 3129.1561 | H7: ='[3]Inflow Cement results'!CX23 -> 3204.2355 | I7: ='[3]Inflow Cement results'!CY23 -> 3280.2121 | ... AA7: ='[3]Inflow Cement results'!DQ23 -> 4272.1525
A8: Arkansas | B8: ='[3]Inflow Cement results'!CR28 -> 1021.5074 | C8: ='[3]Inflow Cement results'!CS28 -> 1032.5086 | D8: ='[3]Inflow Cement results'!CT28 -> 1043.2192 | E8: ='[3]Inflow Cement results'!CU28 -> 1053.8556 | F8: ='[3]Inflow Cement results'!CV28 -> 1064.1543 | G8: ='[3]Inflow Cement results'!CW28 -> 1074.3273 | H8: ='[3]Inflow Cement results'!CX28 -> 1083.9408 | I8: ='[3]Inflow Cement results'!CY28 -> 1093.3599 | ... AA8: ='[3]Inflow Cement results'!DQ28 -> 1411.3096
A9: California | B9: ='[3]Inflow Cement results'!CR33 -> 9881.9279 | C9: ='[3]Inflow Cement results'!CS33 -> 9974.2405 | D9: ='[3]Inflow Cement results'!CT33 -> 10063.082 | E9: ='[3]Inflow Cement results'!CU33 -> 10150.599 | F9: ='[3]Inflow Cement results'!CV33 -> 10234.23 | G9: ='[3]Inflow Cement results'!CW33 -> 10316.203 | H9: ='[3]Inflow Cement results'!CX33 -> 10392.369 | I9: ='[3]Inflow Cement results'!CY33 -> 10466.594 | ... AA9: ='[3]Inflow Cement results'!DQ33 -> 13423.151
A10: Colorado | B10: ='[3]Inflow Cement results'!CR38 -> 2000.3335 | C10: ='[3]Inflow Cement results'!CS38 -> 2027.1342 | D10: ='[3]Inflow Cement results'!CT38 -> 2052.682 | E10: ='[3]Inflow Cement results'!CU38 -> 2077.3613 | F10: ='[3]Inflow Cement results'!CV38 -> 2100.5342 | G10: ='[3]Inflow Cement results'!CW38 -> 2122.6052 | H10: ='[3]Inflow Cement results'!CX38 -> 2142.5949 | I10: ='[3]Inflow Cement results'!CY38 -> 2161.2695 | ... AA10: ='[3]Inflow Cement results'!DQ38 -> 2680.2208
A11: Connecticut | B11: ='[3]Inflow Cement results'!CR43 -> 571.6539 | C11: ='[3]Inflow Cement results'!CS43 -> 578.44423 | D11: ='[3]Inflow Cement results'!CT43 -> 584.84183 | E11: ='[3]Inflow Cement results'!CU43 -> 590.9765 | F11: ='[3]Inflow Cement results'!CV43 -> 596.64894 | G11: ='[3]Inflow Cement results'!CW43 -> 601.99167 | H11: ='[3]Inflow Cement results'!CX43 -> 606.69566 | I11: ='[3]Inflow Cement results'!CY43 -> 611.00442 | ... AA11: ='[3]Inflow Cement results'!DQ43 -> 757.22357
A12: Delaware | B12: ='[3]Inflow Cement results'!CR48 -> 212.67944 | C12: ='[3]Inflow Cement results'!CS48 -> 215.40367 | D12: ='[3]Inflow Cement results'!CT48 -> 218.01341 | E12: ='[3]Inflow Cement results'!CU48 -> 220.54881 | F12: ='[3]Inflow Cement results'!CV48 -> 222.93373 | G12: ='[3]Inflow Cement results'!CW48 -> 225.20344 | H12: ='[3]Inflow Cement results'!CX48 -> 227.2375 | I12: ='[3]Inflow Cement results'!CY48 -> 229.10352 | ... AA12: ='[3]Inflow Cement results'!DQ48 -> 263.84203
A13: Florida | B13: ='[3]Inflow Cement results'!CR58 -> 7350.083 | C13: ='[3]Inflow Cement results'!CS58 -> 7590.1717 | D13: ='[3]Inflow Cement results'!CT58 -> 7840.5314 | E13: ='[3]Inflow Cement results'!CU58 -> 8103.4479 | F13: ='[3]Inflow Cement results'!CV58 -> 8377.655 | G13: ='[3]Inflow Cement results'!CW58 -> 8665.4654 | H13: ='[3]Inflow Cement results'!CX58 -> 8964.3054 | I13: ='[3]Inflow Cement results'!CY58 -> 9277.5894 | ... AA13: ='[3]Inflow Cement results'!DQ58 -> 15944.633
A14: Georgia | B14: ='[3]Inflow Cement results'!CR63 -> 3719.6974 | C14: ='[3]Inflow Cement results'!CS63 -> 3756.3353 | D14: ='[3]Inflow Cement results'!CT63 -> 3790.6279 | E14: ='[3]Inflow Cement results'!CU63 -> 3823.3078 | F14: ='[3]Inflow Cement results'!CV63 -> 3853.4073 | G14: ='[3]Inflow Cement results'!CW63 -> 3881.6558 | H14: ='[3]Inflow Cement results'!CX63 -> 3906.4723 | I14: ='[3]Inflow Cement results'!CY63 -> 3929.13 | ... AA14: ='[3]Inflow Cement results'!DQ63 -> 4214.9613
A15: Hawaii | B15: ='[3]Inflow Cement results'!CR68 -> 372.54766 | C15: ='[3]Inflow Cement results'!CS68 -> 375.90703 | D15: ='[3]Inflow Cement results'!CT68 -> 378.9824 | E15: ='[3]Inflow Cement results'!CU68 -> 381.84565 | F15: ='[3]Inflow Cement results'!CV68 -> 384.38763 | G15: ='[3]Inflow Cement results'!CW68 -> 386.68471 | H15: ='[3]Inflow Cement results'!CX68 -> 388.56882 | I15: ='[3]Inflow Cement results'!CY68 -> 390.18156 | ... AA15: ='[3]Inflow Cement results'!DQ68 -> 444.15445
A16: Idaho | B16: ='[3]Inflow Cement results'!CR73 -> 621.60453 | C16: ='[3]Inflow Cement results'!CS73 -> 641.97715 | D16: ='[3]Inflow Cement results'!CT73 -> 663.23492 | E16: ='[3]Inflow Cement results'!CU73 -> 685.57871 | F16: ='[3]Inflow Cement results'!CV73 -> 708.93439 | G16: ='[3]Inflow Cement results'!CW73 -> 733.52399 | H16: ='[3]Inflow Cement results'!CX73 -> 759.19202 | I16: ='[3]Inflow Cement results'!CY73 -> 786.27851 | ... AA16: ='[3]Inflow Cement results'!DQ73 -> 1654.095
A17: Illinois | B17: ='[3]Inflow Cement results'!CR78 -> 3567.7064 | C17: ='[3]Inflow Cement results'!CS78 -> 3602.7466 | D17: ='[3]Inflow Cement results'!CT78 -> 3636.0893 | E17: ='[3]Inflow Cement results'!CU78 -> 3668.4165 | F17: ='[3]Inflow Cement results'!CV78 -> 3698.6933 | G17: ='[3]Inflow Cement results'!CW78 -> 3727.5975 | H17: ='[3]Inflow Cement results'!CX78 -> 3753.498 | I17: ='[3]Inflow Cement results'!CY78 -> 3777.6404 | ... AA17: ='[3]Inflow Cement results'!DQ78 -> 4551.6591
A18: Indiana | B18: ='[3]Inflow Cement results'!CR83 -> 2014.2594 | C18: ='[3]Inflow Cement results'!CS83 -> 2032.693 | D18: ='[3]Inflow Cement results'!CT83 -> 2049.7117 | E18: ='[3]Inflow Cement results'!CU83 -> 2065.7086 | F18: ='[3]Inflow Cement results'!CV83 -> 2080.0555 | G18: ='[3]Inflow Cement results'!CW83 -> 2093.1505 | H18: ='[3]Inflow Cement results'!CX83 -> 2104.014 | I18: ='[3]Inflow Cement results'!CY83 -> 2113.3844 | ... AA18: ='[3]Inflow Cement results'!DQ83 -> 2394.3192
A19: Iowa | B19: ='[3]Inflow Cement results'!CR88 -> 1409.7054 | C19: ='[3]Inflow Cement results'!CS88 -> 1419.0773 | D19: ='[3]Inflow Cement results'!CT88 -> 1427.681 | E19: ='[3]Inflow Cement results'!CU88 -> 1435.8804 | F19: ='[3]Inflow Cement results'!CV88 -> 1443.2436 | G19: ='[3]Inflow Cement results'!CW88 -> 1450.1377 | H19: ='[3]Inflow Cement results'!CX88 -> 1455.8622 | I19: ='[3]Inflow Cement results'!CY88 -> 1461.045 | ... AA19: ='[3]Inflow Cement results'!DQ88 -> 1741.9925
A20: Kansas | B20: ='[3]Inflow Cement results'!CR93 -> 1246.1798 | C20: ='[3]Inflow Cement results'!CS93 -> 1255.4785 | D20: ='[3]Inflow Cement results'!CT93 -> 1263.9286 | E20: ='[3]Inflow Cement results'!CU93 -> 1271.8196 | F20: ='[3]Inflow Cement results'!CV93 -> 1278.7529 | G20: ='[3]Inflow Cement results'!CW93 -> 1285.0208 | H20: ='[3]Inflow Cement results'!CX93 -> 1289.9959 | I20: ='[3]Inflow Cement results'!CY93 -> 1294.201 | ... AA20: ='[3]Inflow Cement results'!DQ93 -> 1470.8365
A21: Kentucky | B21: ='[3]Inflow Cement results'!CR98 -> 1299.5806 | C21: ='[3]Inflow Cement results'!CS98 -> 1312.6483 | D21: ='[3]Inflow Cement results'!CT98 -> 1325.0393 | E21: ='[3]Inflow Cement results'!CU98 -> 1337.0051 | F21: ='[3]Inflow Cement results'!CV98 -> 1348.1672 | G21: ='[3]Inflow Cement results'!CW98 -> 1358.7777 | H21: ='[3]Inflow Cement results'!CX98 -> 1368.2389 | I21: ='[3]Inflow Cement results'!CY98 -> 1377.0103 | ... AA21: ='[3]Inflow Cement results'!DQ98 -> 1640.5699
A22: Louisiana | B22: ='[3]Inflow Cement results'!CR103 -> 1767.7194 | C22: ='[3]Inflow Cement results'!CS103 -> 1780.4983 | D22: ='[3]Inflow Cement results'!CT103 -> 1792.532 | E22: ='[3]Inflow Cement results'!CU103 -> 1804.2069 | F22: ='[3]Inflow Cement results'!CV103 -> 1814.9954 | G22: ='[3]Inflow Cement results'!CW103 -> 1825.264 | H22: ='[3]Inflow Cement results'!CX103 -> 1834.1609 | I22: ='[3]Inflow Cement results'!CY103 -> 1842.3395 | ... AA22: ='[3]Inflow Cement results'!DQ103 -> 2231.515
A23: Maine | B23: ='[3]Inflow Cement results'!CR108 -> 208.47815 | C23: ='[3]Inflow Cement results'!CS108 -> 212.1488 | D23: ='[3]Inflow Cement results'!CT108 -> 215.78048 | E23: ='[3]Inflow Cement results'!CU108 -> 219.40581 | F23: ='[3]Inflow Cement results'!CV108 -> 222.9686 | G23: ='[3]Inflow Cement results'!CW108 -> 226.49864 | H23: ='[3]Inflow Cement results'!CX108 -> 229.90661 | I23: ='[3]Inflow Cement results'!CY108 -> 233.24921 | ... AA23: ='[3]Inflow Cement results'!DQ108 -> 320.4225
A24: Maryland | B24: ='[3]Inflow Cement results'!CR113 -> 1415.3855 | C24: ='[3]Inflow Cement results'!CS113 -> 1437.4523 | D24: ='[3]Inflow Cement results'!CT113 -> 1458.8242 | E24: ='[3]Inflow Cement results'!CU113 -> 1479.7245 | F24: ='[3]Inflow Cement results'!CV113 -> 1499.741 | G24: ='[3]Inflow Cement results'!CW113 -> 1519.1002 | H24: ='[3]Inflow Cement results'!CX113 -> 1537.1671 | I24: ='[3]Inflow Cement results'!CY113 -> 1554.3867 | ... AA24: ='[3]Inflow Cement results'!DQ113 -> 1998.9315
A25: Massachusetts | B25: ='[3]Inflow Cement results'!CR118 -> 1010.8739 | C25: ='[3]Inflow Cement results'!CS118 -> 1025.391 | D25: ='[3]Inflow Cement results'!CT118 -> 1039.5076 | E25: ='[3]Inflow Cement results'!CU118 -> 1053.4778 | F25: ='[3]Inflow Cement results'!CV118 -> 1066.9978 | G25: ='[3]Inflow Cement results'!CW118 -> 1080.3327 | H25: ='[3]Inflow Cement results'!CX118 -> 1092.9913 | I25: ='[3]Inflow Cement results'!CY118 -> 1105.4249 | ... AA25: ='[3]Inflow Cement results'!DQ118 -> 1490.6194
A26: Michigan | B26: ='[3]Inflow Cement results'!CR123 -> 2753.6055 | C26: ='[3]Inflow Cement results'!CS123 -> 2780.6912 | D26: ='[3]Inflow Cement results'!CT123 -> 2806.1404 | E26: ='[3]Inflow Cement results'!CU123 -> 2830.5111 | F26: ='[3]Inflow Cement results'!CV123 -> 2853.011 | G26: ='[3]Inflow Cement results'!CW123 -> 2874.2045 | H26: ='[3]Inflow Cement results'!CX123 -> 2892.8288 | I26: ='[3]Inflow Cement results'!CY123 -> 2909.8809 | ... AA26: ='[3]Inflow Cement results'!DQ123 -> 3308.2579
A27: Minnesota | B27: ='[3]Inflow Cement results'!CR128 -> 1602.0219 | C27: ='[3]Inflow Cement results'!CS128 -> 1618.3883 | D27: ='[3]Inflow Cement results'!CT128 -> 1634.0823 | E27: ='[3]Inflow Cement results'!CU128 -> 1649.4631 | F27: ='[3]Inflow Cement results'!CV128 -> 1664.0539 | G27: ='[3]Inflow Cement results'!CW128 -> 1678.2125 | H27: ='[3]Inflow Cement results'!CX128 -> 1691.1719 | I27: ='[3]Inflow Cement results'!CY128 -> 1703.5572 | ... AA27: ='[3]Inflow Cement results'!DQ128 -> 2087.2437
A28: Mississippi | B28: ='[3]Inflow Cement results'!CR133 -> 866.44659 | C28: ='[3]Inflow Cement results'!CS133 -> 873.71029 | D28: ='[3]Inflow Cement results'!CT133 -> 880.42548 | E28: ='[3]Inflow Cement results'!CU133 -> 886.77516 | F28: ='[3]Inflow Cement results'!CV133 -> 892.49372 | G28: ='[3]Inflow Cement results'!CW133 -> 897.76442 | H28: ='[3]Inflow Cement results'!CX133 -> 902.16847 | I28: ='[3]Inflow Cement results'!CY133 -> 906.03708 | ... AA28: ='[3]Inflow Cement results'!DQ133 -> 1044.5539
A29: Missouri | B29: ='[3]Inflow Cement results'!CR138 -> 1717.383 | C29: ='[3]Inflow Cement results'!CS138 -> 1750.6823 | D29: ='[3]Inflow Cement results'!CT138 -> 1782.215 | E29: ='[3]Inflow Cement results'!CU138 -> 1812.4906 | F29: ='[3]Inflow Cement results'!CV138 -> 1840.9448 | G29: ='[3]Inflow Cement results'!CW138 -> 1868.0751 | H29: ='[3]Inflow Cement results'!CX138 -> 1892.9543 | I29: ='[3]Inflow Cement results'!CY138 -> 1916.4178 | ... AA29: ='[3]Inflow Cement results'!DQ138 -> 2405.9851
A30: Montana | B30: ='[3]Inflow Cement results'!CR143 -> 330.10497 | C30: ='[3]Inflow Cement results'!CS143 -> 336.14505 | D30: ='[3]Inflow Cement results'!CT143 -> 342.52004 | E30: ='[3]Inflow Cement results'!CU143 -> 349.35539 | F30: ='[3]Inflow Cement results'!CV143 -> 356.62478 | G30: ='[3]Inflow Cement results'!CW143 -> 364.46578 | H30: ='[3]Inflow Cement results'!CX143 -> 372.80865 | I30: ='[3]Inflow Cement results'!CY143 -> 381.85457 | ... AA30: ='[3]Inflow Cement results'!DQ143 -> 736.03786
A31: Nebraska | B31: ='[3]Inflow Cement results'!CR148 -> 954.45466 | C31: ='[3]Inflow Cement results'!CS148 -> 960.62931 | D31: ='[3]Inflow Cement results'!CT148 -> 966.2287 | E31: ='[3]Inflow Cement results'!CU148 -> 971.48941 | F31: ='[3]Inflow Cement results'!CV148 -> 976.10672 | G31: ='[3]Inflow Cement results'!CW148 -> 980.32298 | H31: ='[3]Inflow Cement results'!CX148 -> 983.65786 | I31: ='[3]Inflow Cement results'!CY148 -> 986.54167 | ... AA31: ='[3]Inflow Cement results'!DQ148 -> 1177.4845
A32: Nevada | B32: ='[3]Inflow Cement results'!CR153 -> 1314.5079 | C32: ='[3]Inflow Cement results'!CS153 -> 1326.3226 | D32: ='[3]Inflow Cement results'!CT153 -> 1337.045 | E32: ='[3]Inflow Cement results'!CU153 -> 1347.0097 | F32: ='[3]Inflow Cement results'!CV153 -> 1355.7307 | G32: ='[3]Inflow Cement results'!CW153 -> 1363.5599 | H32: ='[3]Inflow Cement results'!CX153 -> 1369.748 | I32: ='[3]Inflow Cement results'!CY153 -> 1374.9327 | ... AA32: ='[3]Inflow Cement results'!DQ153 -> 1577.2761
A33: New Hampshire | B33: ='[3]Inflow Cement results'!CR158 -> 244.32164 | C33: ='[3]Inflow Cement results'!CS158 -> 247.21204 | D33: ='[3]Inflow Cement results'!CT158 -> 249.95776 | E33: ='[3]Inflow Cement results'!CU158 -> 252.60372 | F33: ='[3]Inflow Cement results'!CV158 -> 255.06586 | G33: ='[3]Inflow Cement results'!CW158 -> 257.38542 | H33: ='[3]Inflow Cement results'!CX158 -> 259.43141 | I33: ='[3]Inflow Cement results'!CY158 -> 261.28411 | ... AA33: ='[3]Inflow Cement results'!DQ158 -> 305.84558
A34: New Jersey | B34: ='[3]Inflow Cement results'!CR163 -> 1391.5156 | C34: ='[3]Inflow Cement results'!CS163 -> 1410.1015 | D34: ='[3]Inflow Cement results'!CT163 -> 1428.0525 | E34: ='[3]Inflow Cement results'!CU163 -> 1445.6959 | F34: ='[3]Inflow Cement results'!CV163 -> 1462.5827 | G34: ='[3]Inflow Cement results'!CW163 -> 1479.0505 | H34: ='[3]Inflow Cement results'!CX163 -> 1494.3912 | I34: ='[3]Inflow Cement results'!CY163 -> 1509.2053 | ... AA34: ='[3]Inflow Cement results'!DQ163 -> 1990.6657
A35: New Mexico | B35: ='[3]Inflow Cement results'!CR168 -> 733.28451 | C35: ='[3]Inflow Cement results'!CS168 -> 740.04874 | D35: ='[3]Inflow Cement results'!CT168 -> 746.34449 | E35: ='[3]Inflow Cement results'!CU168 -> 752.31923 | F35: ='[3]Inflow Cement results'!CV168 -> 757.75354 | G35: ='[3]Inflow Cement results'!CW168 -> 762.79403 | H35: ='[3]Inflow Cement results'!CX168 -> 767.09312 | I35: ='[3]Inflow Cement results'!CY168 -> 770.91534 | ... AA35: ='[3]Inflow Cement results'!DQ168 -> 871.71721
A36: New York | B36: ='[3]Inflow Cement results'!CR173 -> 2457.7321 | C36: ='[3]Inflow Cement results'!CS173 -> 2490.7938 | D36: ='[3]Inflow Cement results'!CT173 -> 2523.2358 | E36: ='[3]Inflow Cement results'!CU173 -> 2555.6518 | F36: ='[3]Inflow Cement results'!CV173 -> 2587.3349 | G36: ='[3]Inflow Cement results'!CW173 -> 2618.894 | H36: ='[3]Inflow Cement results'!CX173 -> 2649.186 | I36: ='[3]Inflow Cement results'!CY173 -> 2679.2619 | ... AA36: ='[3]Inflow Cement results'!DQ173 -> 3765.6244
A37: North Carolina | B37: ='[3]Inflow Cement results'!CR178 -> 2782.4329 | C37: ='[3]Inflow Cement results'!CS178 -> 2817.5132 | D37: ='[3]Inflow Cement results'!CT178 -> 2850.935 | E37: ='[3]Inflow Cement results'!CU178 -> 2883.1666 | F37: ='[3]Inflow Cement results'!CV178 -> 2913.3848 | G37: ='[3]Inflow Cement results'!CW178 -> 2942.051 | H37: ='[3]Inflow Cement results'!CX178 -> 2967.8748 | I37: ='[3]Inflow Cement results'!CY178 -> 2991.7332 | ... AA37: ='[3]Inflow Cement results'!DQ178 -> 3539.3686
A38: North Dakota | B38: ='[3]Inflow Cement results'!CR183 -> 322.94577 | C38: ='[3]Inflow Cement results'!CS183 -> 324.67718 | D38: ='[3]Inflow Cement results'!CT183 -> 326.21186 | E38: ='[3]Inflow Cement results'!CU183 -> 327.63161 | F38: ='[3]Inflow Cement results'!CV183 -> 328.81491 | G38: ='[3]Inflow Cement results'!CW183 -> 329.84262 | H38: ='[3]Inflow Cement results'!CX183 -> 330.5246 | I38: ='[3]Inflow Cement results'!CY183 -> 331.00928 | ... AA38: ='[3]Inflow Cement results'!DQ183 -> 411.36937
A39: Ohio | B39: ='[3]Inflow Cement results'!CR188 -> 3554.0395 | C39: ='[3]Inflow Cement results'!CS188 -> 3585.5184 | D39: ='[3]Inflow Cement results'!CT188 -> 3614.7951 | E39: ='[3]Inflow Cement results'!CU188 -> 3642.5698 | F39: ='[3]Inflow Cement results'!CV188 -> 3667.7381 | G39: ='[3]Inflow Cement results'!CW188 -> 3690.9889 | H39: ='[3]Inflow Cement results'!CX188 -> 3710.5886 | I39: ='[3]Inflow Cement results'!CY188 -> 3727.8056 | ... AA39: ='[3]Inflow Cement results'!DQ188 -> 4207.6664
A40: Oklahoma | B40: ='[3]Inflow Cement results'!CR193 -> 1258.0567 | C40: ='[3]Inflow Cement results'!CS193 -> 1270.1331 | D40: ='[3]Inflow Cement results'!CT193 -> 1281.5401 | E40: ='[3]Inflow Cement results'!CU193 -> 1292.5637 | F40: ='[3]Inflow Cement results'!CV193 -> 1302.8119 | G40: ='[3]Inflow Cement results'!CW193 -> 1312.5776 | H40: ='[3]Inflow Cement results'!CX193 -> 1321.2413 | I40: ='[3]Inflow Cement results'!CY193 -> 1329.328 | ... AA40: ='[3]Inflow Cement results'!DQ193 -> 1677.804
A41: Oregon | B41: ='[3]Inflow Cement results'!CR198 -> 948.79443 | C41: ='[3]Inflow Cement results'!CS198 -> 960.28051 | D41: ='[3]Inflow Cement results'!CT198 -> 971.13271 | E41: ='[3]Inflow Cement results'!CU198 -> 981.53911 | F41: ='[3]Inflow Cement results'!CV198 -> 991.1666 | G41: ='[3]Inflow Cement results'!CW198 -> 1000.2023 | H41: ='[3]Inflow Cement results'!CX198 -> 1008.1369 | I41: ='[3]Inflow Cement results'!CY198 -> 1015.3315 | ... AA41: ='[3]Inflow Cement results'!DQ198 -> 1191.3021
A42: Pennsylvania | B42: ='[3]Inflow Cement results'!CR203 -> 2686.9085 | C42: ='[3]Inflow Cement results'!CS203 -> 2711.4678 | D42: ='[3]Inflow Cement results'!CT203 -> 2734.3573 | E42: ='[3]Inflow Cement results'!CU203 -> 2756.1621 | F42: ='[3]Inflow Cement results'!CV203 -> 2776.0151 | G42: ='[3]Inflow Cement results'!CW203 -> 2794.4918 | H42: ='[3]Inflow Cement results'!CX203 -> 2810.2229 | I42: ='[3]Inflow Cement results'!CY203 -> 2824.2464 | ... AA42: ='[3]Inflow Cement results'!DQ203 -> 3254.4546
A43: Rhode Island | B43: ='[3]Inflow Cement results'!CR208 -> 117.84057 | C43: ='[3]Inflow Cement results'!CS208 -> 119.79053 | D43: ='[3]Inflow Cement results'!CT208 -> 121.71244 | E43: ='[3]Inflow Cement results'!CU208 -> 123.63632 | F43: ='[3]Inflow Cement results'!CV208 -> 125.52654 | G43: ='[3]Inflow Cement results'!CW208 -> 127.41604 | H43: ='[3]Inflow Cement results'!CX208 -> 129.24918 | I43: ='[3]Inflow Cement results'!CY208 -> 131.08389 | ... AA43: ='[3]Inflow Cement results'!DQ208 -> 198.64349
A44: South Carolina | B44: ='[3]Inflow Cement results'!CR213 -> 1497.2669 | C44: ='[3]Inflow Cement results'!CS213 -> 1524.9797 | D44: ='[3]Inflow Cement results'!CT213 -> 1552.3479 | E44: ='[3]Inflow Cement results'!CU213 -> 1579.6304 | F44: ='[3]Inflow Cement results'!CV213 -> 1606.414 | G44: ='[3]Inflow Cement results'!CW213 -> 1632.9649 | H44: ='[3]Inflow Cement results'!CX213 -> 1658.6333 | I44: ='[3]Inflow Cement results'!CY213 -> 1683.9155 | ... AA44: ='[3]Inflow Cement results'!DQ213 -> 2361.6171
A45: South Dakota | B45: ='[3]Inflow Cement results'!CR218 -> 306.06651 | C45: ='[3]Inflow Cement results'!CS218 -> 308.97437 | D45: ='[3]Inflow Cement results'!CT218 -> 311.7954 | E45: ='[3]Inflow Cement results'!CU218 -> 314.62958 | F45: ='[3]Inflow Cement results'!CV218 -> 317.38222 | G45: ='[3]Inflow Cement results'!CW218 -> 320.16045 | H45: ='[3]Inflow Cement results'!CX218 -> 322.80892 | I45: ='[3]Inflow Cement results'!CY218 -> 325.50559 | ... AA45: ='[3]Inflow Cement results'!DQ218 -> 475.66253
A46: Tennessee | B46: ='[3]Inflow Cement results'!CR223 -> 2094.5689 | C46: ='[3]Inflow Cement results'!CS223 -> 2122.0633 | D46: ='[3]Inflow Cement results'!CT223 -> 2148.1477 | E46: ='[3]Inflow Cement results'!CU223 -> 2173.1853 | F46: ='[3]Inflow Cement results'!CV223 -> 2196.5315 | G46: ='[3]Inflow Cement results'!CW223 -> 2218.5504 | H46: ='[3]Inflow Cement results'!CX223 -> 2238.2422 | I46: ='[3]Inflow Cement results'!CY223 -> 2256.303 | ... AA46: ='[3]Inflow Cement results'!DQ223 -> 2649.4778
A47: Texas | B47: ='[3]Inflow Cement results'!CR228 -> 9876.7591 | C47: ='[3]Inflow Cement results'!CS228 -> 10078.18 | D47: ='[3]Inflow Cement results'!CT228 -> 10288.793 | E47: ='[3]Inflow Cement results'!CU228 -> 10512.562 | F47: ='[3]Inflow Cement results'!CV228 -> 10748.004 | G47: ='[3]Inflow Cement results'!CW228 -> 10999.429 | H47: ='[3]Inflow Cement results'!CX228 -> 11263.714 | I47: ='[3]Inflow Cement results'!CY228 -> 11547.28 | ... AA47: ='[3]Inflow Cement results'!DQ228 -> 20237.587
A48: Utah | B48: ='[3]Inflow Cement results'!CR233 -> 1379.4817 | C48: ='[3]Inflow Cement results'!CS233 -> 1411.8452 | D48: ='[3]Inflow Cement results'!CT233 -> 1444.8189 | E48: ='[3]Inflow Cement results'!CU233 -> 1478.7629 | F48: ='[3]Inflow Cement results'!CV233 -> 1513.4329 | G48: ='[3]Inflow Cement results'!CW233 -> 1549.2115 | H48: ='[3]Inflow Cement results'!CX233 -> 1585.6575 | I48: ='[3]Inflow Cement results'!CY233 -> 1623.3744 | ... AA48: ='[3]Inflow Cement results'!DQ233 -> 2486.173
A49: Vermont | B49: ='[3]Inflow Cement results'!CR238 -> 106.62777 | C49: ='[3]Inflow Cement results'!CS238 -> 107.82199 | D49: ='[3]Inflow Cement results'!CT238 -> 108.97484 | E49: ='[3]Inflow Cement results'!CU238 -> 110.10975 | F49: ='[3]Inflow Cement results'!CV238 -> 111.19351 | G49: ='[3]Inflow Cement results'!CW238 -> 112.24902 | H49: ='[3]Inflow Cement results'!CX238 -> 113.22317 | I49: ='[3]Inflow Cement results'!CY238 -> 114.15686 | ... AA49: ='[3]Inflow Cement results'!DQ238 -> 145.43343
A50: Virginia | B50: ='[3]Inflow Cement results'!CR243 -> 2170.2067 | C50: ='[3]Inflow Cement results'!CS243 -> 2199.9901 | D50: ='[3]Inflow Cement results'!CT243 -> 2228.5274 | E50: ='[3]Inflow Cement results'!CU243 -> 2256.1869 | F50: ='[3]Inflow Cement results'!CV243 -> 2282.3193 | G50: ='[3]Inflow Cement results'!CW243 -> 2307.3013 | H50: ='[3]Inflow Cement results'!CX243 -> 2330.1299 | I50: ='[3]Inflow Cement results'!CY243 -> 2351.5295 | ... AA50: ='[3]Inflow Cement results'!DQ243 -> 2905.3977
A51: Washington | B51: ='[3]Inflow Cement results'!CR248 -> 2031.5332 | C51: ='[3]Inflow Cement results'!CS248 -> 2051.4479 | D51: ='[3]Inflow Cement results'!CT248 -> 2070.5652 | E51: ='[3]Inflow Cement results'!CU248 -> 2089.2707 | F51: ='[3]Inflow Cement results'!CV248 -> 2107.024 | G51: ='[3]Inflow Cement results'!CW248 -> 2124.2111 | H51: ='[3]Inflow Cement results'!CX248 -> 2139.9687 | I51: ='[3]Inflow Cement results'!CY248 -> 2154.9947 | ... AA51: ='[3]Inflow Cement results'!DQ248 -> 2672.4694
A52: West Virginia | B52: ='[3]Inflow Cement results'!CR253 -> 421.24651 | C52: ='[3]Inflow Cement results'!CS253 -> 425.70048 | D52: ='[3]Inflow Cement results'!CT253 -> 430.00331 | E52: ='[3]Inflow Cement results'!CU253 -> 434.24154 | F52: ='[3]Inflow Cement results'!CV253 -> 438.28534 | G52: ='[3]Inflow Cement results'!CW253 -> 442.21657 | H52: ='[3]Inflow Cement results'!CX253 -> 445.82853 | I52: ='[3]Inflow Cement results'!CY253 -> 449.27165 | ... AA52: ='[3]Inflow Cement results'!DQ253 -> 568.15709
A53: Wisconsin | B53: ='[3]Inflow Cement results'!CR258 -> 1959.2482 | C53: ='[3]Inflow Cement results'!CS258 -> 1977.5642 | D53: ='[3]Inflow Cement results'!CT258 -> 1994.8276 | E53: ='[3]Inflow Cement results'!CU258 -> 2011.4552 | F53: ='[3]Inflow Cement results'!CV258 -> 2026.8833 | G53: ='[3]Inflow Cement results'!CW258 -> 2041.5232 | H53: ='[3]Inflow Cement results'!CX258 -> 2054.463 | I53: ='[3]Inflow Cement results'!CY258 -> 2066.4201 | ... AA53: ='[3]Inflow Cement results'!DQ258 -> 2406.9218
A54: Wyoming | B54: ='[3]Inflow Cement results'!CR263 -> 228.74912 | C54: ='[3]Inflow Cement results'!CS263 -> 230.01251 | D54: ='[3]Inflow Cement results'!CT263 -> 231.17597 | E54: ='[3]Inflow Cement results'!CU263 -> 232.30669 | F54: ='[3]Inflow Cement results'!CV263 -> 233.34244 | G54: ='[3]Inflow Cement results'!CW263 -> 234.35932 | H54: ='[3]Inflow Cement results'!CX263 -> 235.26041 | I54: ='[3]Inflow Cement results'!CY263 -> 236.17699 | ... AA54: ='[3]Inflow Cement results'!DQ263 -> 326.15289

Sheet 2. Concrete demand
A1: Projected concrete demand per US state (m3) - based on regional concrete mixture designs by NRMCA
B3: 2025 | C3: 2026 | D3: 2027 | E3: 2028 | F3: 2029 | G3: 2030 | H3: 2031 | I3: 2032 | J3: 2033 | K3: 2034 | L3: 2035 | M3: 2036 | N3: 2037 | O3: 2038 | P3: 2039 | Q3: 2040 | R3: 2041 | S3: 2042 | T3: 2043 | U3: 2044 | V3: 2045 | W3: 2046 | X3: 2047 | Y3: 2048 | Z3: 2049 | AA3: 2050
A4: USA | B4: =SUM(B5:B54) -> 3.7468625e+08 | C4: =SUM(C5:C54) -> 3.8007553e+08 | D4: =SUM(D5:D54) -> 3.8540639e+08 | E4: =SUM(E5:E54) -> 3.9076879e+08 | F4: =SUM(F5:F54) -> 3.9606285e+08 | G4: =SUM(G5:G54) -> 4.0138067e+08 | H4: =SUM(H5:H54) -> 4.0655752e+08 | I4: =SUM(I5:I54) -> 4.1174937e+08 | ... AA4: =SUM(AA5:AA54) -> 5.5267833e+08
A5: Alabama | B5: ='[3]State Cement Inflow'!BY2*'[3]States conc cem ratio'!$BS2/'[3]States conc density'!$BS2*1000000 -> 6530442 | C5: ='[3]State Cement Inflow'!BZ2*'[3]States conc cem ratio'!$BS2/'[3]States conc density'!$BS2*1000000 -> 6596050.2 | D5: ='[3]State Cement Inflow'!CA2*'[3]States conc cem ratio'!$BS2/'[3]States conc density'!$BS2*1000000 -> 6657241.2 | E5: ='[3]State Cement Inflow'!CB2*'[3]States conc cem ratio'!$BS2/'[3]States conc density'!$BS2*1000000 -> 6715237.1 | F5: ='[3]State Cement Inflow'!CC2*'[3]States conc cem ratio'!$BS2/'[3]States conc density'!$BS2*1000000 -> 6768026.7 | G5: ='[3]State Cement Inflow'!CD2*'[3]States conc cem ratio'!$BS2/'[3]States conc density'!$BS2*1000000 -> 6816866.3 | H5: ='[3]State Cement Inflow'!CE2*'[3]States conc cem ratio'!$BS2/'[3]States conc density'!$BS2*1000000 -> 6858652.6 | I5: ='[3]State Cement Inflow'!CF2*'[3]States conc cem ratio'!$BS2/'[3]States conc density'!$BS2*1000000 -> 6895754.6 | ... AA5: ='[3]State Cement Inflow'!CX2*'[3]States conc cem ratio'!$BS2/'[3]States conc density'!$BS2*1000000 -> 7932803.6
A6: Alaska | B6: ='[3]State Cement Inflow'!BY3*'[3]States conc cem ratio'!$BS3/'[3]States conc density'!$BS3*1000000 -> 1618882.8 | C6: ='[3]State Cement Inflow'!BZ3*'[3]States conc cem ratio'!$BS3/'[3]States conc density'!$BS3*1000000 -> 1635091.7 | D6: ='[3]State Cement Inflow'!CA3*'[3]States conc cem ratio'!$BS3/'[3]States conc density'!$BS3*1000000 -> 1649942.4 | E6: ='[3]State Cement Inflow'!CB3*'[3]States conc cem ratio'!$BS3/'[3]States conc density'!$BS3*1000000 -> 1663837.5 | F6: ='[3]State Cement Inflow'!CC3*'[3]States conc cem ratio'!$BS3/'[3]States conc density'!$BS3*1000000 -> 1676120.1 | G6: ='[3]State Cement Inflow'!CD3*'[3]States conc cem ratio'!$BS3/'[3]States conc density'!$BS3*1000000 -> 1687218.7 | H6: ='[3]State Cement Inflow'!CE3*'[3]States conc cem ratio'!$BS3/'[3]States conc density'!$BS3*1000000 -> 1696143.8 | I6: ='[3]State Cement Inflow'!CF3*'[3]States conc cem ratio'!$BS3/'[3]States conc density'!$BS3*1000000 -> 1703704.9 | ... AA6: ='[3]State Cement Inflow'!CX3*'[3]States conc cem ratio'!$BS3/'[3]States conc density'!$BS3*1000000 -> 2010603.6
A7: Arizona | B7: ='[3]State Cement Inflow'!BY4*'[3]States conc cem ratio'!$BS4/'[3]States conc density'!$BS4*1000000 -> 10502600 | C7: ='[3]State Cement Inflow'!BZ4*'[3]States conc cem ratio'!$BS4/'[3]States conc density'!$BS4*1000000 -> 10768898 | D7: ='[3]State Cement Inflow'!CA4*'[3]States conc cem ratio'!$BS4/'[3]States conc density'!$BS4*1000000 -> 11039299 | E7: ='[3]State Cement Inflow'!CB4*'[3]States conc cem ratio'!$BS4/'[3]States conc density'!$BS4*1000000 -> 11316002 | F7: ='[3]State Cement Inflow'!CC4*'[3]States conc cem ratio'!$BS4/'[3]States conc density'!$BS4*1000000 -> 11595881 | G7: ='[3]State Cement Inflow'!CD4*'[3]States conc cem ratio'!$BS4/'[3]States conc density'!$BS4*1000000 -> 11880970 | H7: ='[3]State Cement Inflow'!CE4*'[3]States conc cem ratio'!$BS4/'[3]States conc density'!$BS4*1000000 -> 12166036 | I7: ='[3]State Cement Inflow'!CF4*'[3]States conc cem ratio'!$BS4/'[3]States conc density'!$BS4*1000000 -> 12454509 | ... AA7: ='[3]State Cement Inflow'!CX4*'[3]States conc cem ratio'!$BS4/'[3]States conc density'!$BS4*1000000 -> 16220768
A8: Arkansas | B8: ='[3]State Cement Inflow'!BY5*'[3]States conc cem ratio'!$BS5/'[3]States conc density'!$BS5*1000000 -> 4151428.1 | C8: ='[3]State Cement Inflow'!BZ5*'[3]States conc cem ratio'!$BS5/'[3]States conc density'!$BS5*1000000 -> 4196137.3 | D8: ='[3]State Cement Inflow'!CA5*'[3]States conc cem ratio'!$BS5/'[3]States conc density'!$BS5*1000000 -> 4239665.5 | E8: ='[3]State Cement Inflow'!CB5*'[3]States conc cem ratio'!$BS5/'[3]States conc density'!$BS5*1000000 -> 4282892.2 | F8: ='[3]State Cement Inflow'!CC5*'[3]States conc cem ratio'!$BS5/'[3]States conc density'!$BS5*1000000 -> 4324746.2 | G8: ='[3]State Cement Inflow'!CD5*'[3]States conc cem ratio'!$BS5/'[3]States conc density'!$BS5*1000000 -> 4366089.4 | H8: ='[3]State Cement Inflow'!CE5*'[3]States conc cem ratio'!$BS5/'[3]States conc density'!$BS5*1000000 -> 4405159.2 | I8: ='[3]State Cement Inflow'!CF5*'[3]States conc cem ratio'!$BS5/'[3]States conc density'!$BS5*1000000 -> 4443438.6 | ... AA8: ='[3]State Cement Inflow'!CX5*'[3]States conc cem ratio'!$BS5/'[3]States conc density'!$BS5*1000000 -> 5735592.8
A9: California | B9: ='[3]State Cement Inflow'!BY6*'[3]States conc cem ratio'!$BS6/'[3]States conc density'!$BS6*1000000 -> 37520304 | C9: ='[3]State Cement Inflow'!BZ6*'[3]States conc cem ratio'!$BS6/'[3]States conc density'!$BS6*1000000 -> 37870802 | D9: ='[3]State Cement Inflow'!CA6*'[3]States conc cem ratio'!$BS6/'[3]States conc density'!$BS6*1000000 -> 38208120 | E9: ='[3]State Cement Inflow'!CB6*'[3]States conc cem ratio'!$BS6/'[3]States conc density'!$BS6*1000000 -> 38540412 | F9: ='[3]State Cement Inflow'!CC6*'[3]States conc cem ratio'!$BS6/'[3]States conc density'!$BS6*1000000 -> 38857947 | G9: ='[3]State Cement Inflow'!CD6*'[3]States conc cem ratio'!$BS6/'[3]States conc density'!$BS6*1000000 -> 39169186 | H9: ='[3]State Cement Inflow'!CE6*'[3]States conc cem ratio'!$BS6/'[3]States conc density'!$BS6*1000000 -> 39458376 | I9: ='[3]State Cement Inflow'!CF6*'[3]States conc cem ratio'!$BS6/'[3]States conc density'!$BS6*1000000 -> 39740199 | ... AA9: ='[3]State Cement Inflow'!CX6*'[3]States conc cem ratio'!$BS6/'[3]States conc density'!$BS6*1000000 -> 50965834
A10: Colorado | B10: ='[3]State Cement Inflow'!BY7*'[3]States conc cem ratio'!$BS7/'[3]States conc density'!$BS7*1000000 -> 7848998.8 | C10: ='[3]State Cement Inflow'!BZ7*'[3]States conc cem ratio'!$BS7/'[3]States conc density'!$BS7*1000000 -> 7954160.4 | D10: ='[3]State Cement Inflow'!CA7*'[3]States conc cem ratio'!$BS7/'[3]States conc density'!$BS7*1000000 -> 8054406.1 | E10: ='[3]State Cement Inflow'!CB7*'[3]States conc cem ratio'!$BS7/'[3]States conc density'!$BS7*1000000 -> 8151244 | F10: ='[3]State Cement Inflow'!CC7*'[3]States conc cem ratio'!$BS7/'[3]States conc density'!$BS7*1000000 -> 8242170.7 | G10: ='[3]State Cement Inflow'!CD7*'[3]States conc cem ratio'!$BS7/'[3]States conc density'!$BS7*1000000 -> 8328773.9 | H10: ='[3]State Cement Inflow'!CE7*'[3]States conc cem ratio'!$BS7/'[3]States conc density'!$BS7*1000000 -> 8407210.3 | I10: ='[3]State Cement Inflow'!CF7*'[3]States conc cem ratio'!$BS7/'[3]States conc density'!$BS7*1000000 -> 8480486.6 | ... AA10: ='[3]State Cement Inflow'!CX7*'[3]States conc cem ratio'!$BS7/'[3]States conc density'!$BS7*1000000 -> 10516771
A11: Connecticut | B11: ='[3]State Cement Inflow'!BY8*'[3]States conc cem ratio'!$BS8/'[3]States conc density'!$BS8*1000000 -> 2287773.4 | C11: ='[3]State Cement Inflow'!BZ8*'[3]States conc cem ratio'!$BS8/'[3]States conc density'!$BS8*1000000 -> 2314948.5 | D11: ='[3]State Cement Inflow'!CA8*'[3]States conc cem ratio'!$BS8/'[3]States conc density'!$BS8*1000000 -> 2340551.8 | E11: ='[3]State Cement Inflow'!CB8*'[3]States conc cem ratio'!$BS8/'[3]States conc density'!$BS8*1000000 -> 2365102.9 | F11: ='[3]State Cement Inflow'!CC8*'[3]States conc cem ratio'!$BS8/'[3]States conc density'!$BS8*1000000 -> 2387804.2 | G11: ='[3]State Cement Inflow'!CD8*'[3]States conc cem ratio'!$BS8/'[3]States conc density'!$BS8*1000000 -> 2409185.9 | H11: ='[3]State Cement Inflow'!CE8*'[3]States conc cem ratio'!$BS8/'[3]States conc density'!$BS8*1000000 -> 2428011.4 | I11: ='[3]State Cement Inflow'!CF8*'[3]States conc cem ratio'!$BS8/'[3]States conc density'!$BS8*1000000 -> 2445255.2 | ... AA11: ='[3]State Cement Inflow'!CX8*'[3]States conc cem ratio'!$BS8/'[3]States conc density'!$BS8*1000000 -> 3030427.9
A12: Delaware | B12: ='[3]State Cement Inflow'!BY9*'[3]States conc cem ratio'!$BS9/'[3]States conc density'!$BS9*1000000 -> 851148.51 | C12: ='[3]State Cement Inflow'!BZ9*'[3]States conc cem ratio'!$BS9/'[3]States conc density'!$BS9*1000000 -> 862050.95 | D12: ='[3]State Cement Inflow'!CA9*'[3]States conc cem ratio'!$BS9/'[3]States conc density'!$BS9*1000000 -> 872495.21 | E12: ='[3]State Cement Inflow'!CB9*'[3]States conc cem ratio'!$BS9/'[3]States conc density'!$BS9*1000000 -> 882641.94 | F12: ='[3]State Cement Inflow'!CC9*'[3]States conc cem ratio'!$BS9/'[3]States conc density'!$BS9*1000000 -> 892186.45 | G12: ='[3]State Cement Inflow'!CD9*'[3]States conc cem ratio'!$BS9/'[3]States conc density'!$BS9*1000000 -> 901269.87 | H12: ='[3]State Cement Inflow'!CE9*'[3]States conc cem ratio'!$BS9/'[3]States conc density'!$BS9*1000000 -> 909410.25 | I12: ='[3]State Cement Inflow'!CF9*'[3]States conc cem ratio'!$BS9/'[3]States conc density'!$BS9*1000000 -> 916878.1 | ... AA12: ='[3]State Cement Inflow'!CX9*'[3]States conc cem ratio'!$BS9/'[3]States conc density'!$BS9*1000000 -> 1055902.5
A13: Florida | B13: ='[3]State Cement Inflow'!BY10*'[3]States conc cem ratio'!$BS11/'[3]States conc density'!$BS11*1000000 -> 31721138 | C13: ='[3]State Cement Inflow'!BZ10*'[3]States conc cem ratio'!$BS11/'[3]States conc density'!$BS11*1000000 -> 32757301 | D13: ='[3]State Cement Inflow'!CA10*'[3]States conc cem ratio'!$BS11/'[3]States conc density'!$BS11*1000000 -> 33837792 | E13: ='[3]State Cement Inflow'!CB10*'[3]States conc cem ratio'!$BS11/'[3]States conc density'!$BS11*1000000 -> 34972474 | F13: ='[3]State Cement Inflow'!CC10*'[3]States conc cem ratio'!$BS11/'[3]States conc density'!$BS11*1000000 -> 36155884 | G13: ='[3]State Cement Inflow'!CD10*'[3]States conc cem ratio'!$BS11/'[3]States conc density'!$BS11*1000000 -> 37398002 | H13: ='[3]State Cement Inflow'!CE10*'[3]States conc cem ratio'!$BS11/'[3]States conc density'!$BS11*1000000 -> 38687722 | I13: ='[3]State Cement Inflow'!CF10*'[3]States conc cem ratio'!$BS11/'[3]States conc density'!$BS11*1000000 -> 40039778 | ... AA13: ='[3]State Cement Inflow'!CX10*'[3]States conc cem ratio'!$BS11/'[3]States conc density'!$BS11*1000000 -> 68813086
A14: Georgia | B14: ='[3]State Cement Inflow'!BY11*'[3]States conc cem ratio'!$BS12/'[3]States conc density'!$BS12*1000000 -> 16157754 | C14: ='[3]State Cement Inflow'!BZ11*'[3]States conc cem ratio'!$BS12/'[3]States conc density'!$BS12*1000000 -> 16316903 | D14: ='[3]State Cement Inflow'!CA11*'[3]States conc cem ratio'!$BS12/'[3]States conc density'!$BS12*1000000 -> 16465864 | E14: ='[3]State Cement Inflow'!CB11*'[3]States conc cem ratio'!$BS12/'[3]States conc density'!$BS12*1000000 -> 16607821 | F14: ='[3]State Cement Inflow'!CC11*'[3]States conc cem ratio'!$BS12/'[3]States conc density'!$BS12*1000000 -> 16738568 | G14: ='[3]State Cement Inflow'!CD11*'[3]States conc cem ratio'!$BS12/'[3]States conc density'!$BS12*1000000 -> 16861275 | H14: ='[3]State Cement Inflow'!CE11*'[3]States conc cem ratio'!$BS12/'[3]States conc density'!$BS12*1000000 -> 16969074 | I14: ='[3]State Cement Inflow'!CF11*'[3]States conc cem ratio'!$BS12/'[3]States conc density'!$BS12*1000000 -> 17067495 | ... AA14: ='[3]State Cement Inflow'!CX11*'[3]States conc cem ratio'!$BS12/'[3]States conc density'!$BS12*1000000 -> 18309099
A15: Hawaii | B15: ='[3]State Cement Inflow'!BY12*'[3]States conc cem ratio'!$BS13/'[3]States conc density'!$BS13*1000000 -> 1494049.1 | C15: ='[3]State Cement Inflow'!BZ12*'[3]States conc cem ratio'!$BS13/'[3]States conc density'!$BS13*1000000 -> 1507521.4 | D15: ='[3]State Cement Inflow'!CA12*'[3]States conc cem ratio'!$BS13/'[3]States conc density'!$BS13*1000000 -> 1519854.7 | E15: ='[3]State Cement Inflow'!CB12*'[3]States conc cem ratio'!$BS13/'[3]States conc density'!$BS13*1000000 -> 1531337.4 | F15: ='[3]State Cement Inflow'!CC12*'[3]States conc cem ratio'!$BS13/'[3]States conc density'!$BS13*1000000 -> 1541531.6 | G15: ='[3]State Cement Inflow'!CD12*'[3]States conc cem ratio'!$BS13/'[3]States conc density'!$BS13*1000000 -> 1550743.7 | H15: ='[3]State Cement Inflow'!CE12*'[3]States conc cem ratio'!$BS13/'[3]States conc density'!$BS13*1000000 -> 1558299.7 | I15: ='[3]State Cement Inflow'!CF12*'[3]States conc cem ratio'!$BS13/'[3]States conc density'!$BS13*1000000 -> 1564767.3 | ... AA15: ='[3]State Cement Inflow'!CX12*'[3]States conc cem ratio'!$BS13/'[3]States conc density'!$BS13*1000000 -> 1781217.9
A16: Idaho | B16: ='[3]State Cement Inflow'!BY13*'[3]States conc cem ratio'!$BS14/'[3]States conc density'!$BS14*1000000 -> 2377371.9 | C16: ='[3]State Cement Inflow'!BZ13*'[3]States conc cem ratio'!$BS14/'[3]States conc density'!$BS14*1000000 -> 2455288.4 | D16: ='[3]State Cement Inflow'!CA13*'[3]States conc cem ratio'!$BS14/'[3]States conc density'!$BS14*1000000 -> 2536590.3 | E16: ='[3]State Cement Inflow'!CB13*'[3]States conc cem ratio'!$BS14/'[3]States conc density'!$BS14*1000000 -> 2622045.8 | F16: ='[3]State Cement Inflow'!CC13*'[3]States conc cem ratio'!$BS14/'[3]States conc density'!$BS14*1000000 -> 2711371.3 | G16: ='[3]State Cement Inflow'!CD13*'[3]States conc cem ratio'!$BS14/'[3]States conc density'!$BS14*1000000 -> 2805416 | H16: ='[3]State Cement Inflow'!CE13*'[3]States conc cem ratio'!$BS14/'[3]States conc density'!$BS14*1000000 -> 2903585.2 | I16: ='[3]State Cement Inflow'!CF13*'[3]States conc cem ratio'!$BS14/'[3]States conc density'!$BS14*1000000 -> 3007179.5 | ... AA16: ='[3]State Cement Inflow'!CX13*'[3]States conc cem ratio'!$BS14/'[3]States conc density'!$BS14*1000000 -> 6326207.1
A17: Illinois | B17: ='[3]State Cement Inflow'!BY14*'[3]States conc cem ratio'!$BS15/'[3]States conc density'!$BS15*1000000 -> 14540723 | C17: ='[3]State Cement Inflow'!BZ14*'[3]States conc cem ratio'!$BS15/'[3]States conc density'!$BS15*1000000 -> 14683535 | D17: ='[3]State Cement Inflow'!CA14*'[3]States conc cem ratio'!$BS15/'[3]States conc density'!$BS15*1000000 -> 14819428 | E17: ='[3]State Cement Inflow'!CB14*'[3]States conc cem ratio'!$BS15/'[3]States conc density'!$BS15*1000000 -> 14951182 | F17: ='[3]State Cement Inflow'!CC14*'[3]States conc cem ratio'!$BS15/'[3]States conc density'!$BS15*1000000 -> 15074580 | G17: ='[3]State Cement Inflow'!CD14*'[3]States conc cem ratio'!$BS15/'[3]States conc density'!$BS15*1000000 -> 15192383 | H17: ='[3]State Cement Inflow'!CE14*'[3]States conc cem ratio'!$BS15/'[3]States conc density'!$BS15*1000000 -> 15297944 | I17: ='[3]State Cement Inflow'!CF14*'[3]States conc cem ratio'!$BS15/'[3]States conc density'!$BS15*1000000 -> 15396341 | ... AA17: ='[3]State Cement Inflow'!CX14*'[3]States conc cem ratio'!$BS15/'[3]States conc density'!$BS15*1000000 -> 18550970
A18: Indiana | B18: ='[3]State Cement Inflow'!BY15*'[3]States conc cem ratio'!$BS16/'[3]States conc density'!$BS16*1000000 -> 8209416.4 | C18: ='[3]State Cement Inflow'!BZ15*'[3]States conc cem ratio'!$BS16/'[3]States conc density'!$BS16*1000000 -> 8284545.7 | D18: ='[3]State Cement Inflow'!CA15*'[3]States conc cem ratio'!$BS16/'[3]States conc density'!$BS16*1000000 -> 8353907.8 | E18: ='[3]State Cement Inflow'!CB15*'[3]States conc cem ratio'!$BS16/'[3]States conc density'!$BS16*1000000 -> 8419105.4 | F18: ='[3]State Cement Inflow'!CC15*'[3]States conc cem ratio'!$BS16/'[3]States conc density'!$BS16*1000000 -> 8477578.3 | G18: ='[3]State Cement Inflow'!CD15*'[3]States conc cem ratio'!$BS16/'[3]States conc density'!$BS16*1000000 -> 8530948.9 | H18: ='[3]State Cement Inflow'!CE15*'[3]States conc cem ratio'!$BS16/'[3]States conc density'!$BS16*1000000 -> 8575225 | I18: ='[3]State Cement Inflow'!CF15*'[3]States conc cem ratio'!$BS16/'[3]States conc density'!$BS16*1000000 -> 8613415.4 | ... AA18: ='[3]State Cement Inflow'!CX15*'[3]States conc cem ratio'!$BS16/'[3]States conc density'!$BS16*1000000 -> 9758407.3
A19: Iowa | B19: ='[3]State Cement Inflow'!BY16*'[3]States conc cem ratio'!$BS17/'[3]States conc density'!$BS17*1000000 -> 5623651.3 | C19: ='[3]State Cement Inflow'!BZ16*'[3]States conc cem ratio'!$BS17/'[3]States conc density'!$BS17*1000000 -> 5661037.8 | D19: ='[3]State Cement Inflow'!CA16*'[3]States conc cem ratio'!$BS17/'[3]States conc density'!$BS17*1000000 -> 5695359.9 | E19: ='[3]State Cement Inflow'!CB16*'[3]States conc cem ratio'!$BS17/'[3]States conc density'!$BS17*1000000 -> 5728069.3 | F19: ='[3]State Cement Inflow'!CC16*'[3]States conc cem ratio'!$BS17/'[3]States conc density'!$BS17*1000000 -> 5757443.2 | G19: ='[3]State Cement Inflow'!CD16*'[3]States conc cem ratio'!$BS17/'[3]States conc density'!$BS17*1000000 -> 5784945.1 | H19: ='[3]State Cement Inflow'!CE16*'[3]States conc cem ratio'!$BS17/'[3]States conc density'!$BS17*1000000 -> 5807781.8 | I19: ='[3]State Cement Inflow'!CF16*'[3]States conc cem ratio'!$BS17/'[3]States conc density'!$BS17*1000000 -> 5828457.2 | ... AA19: ='[3]State Cement Inflow'!CX16*'[3]States conc cem ratio'!$BS17/'[3]States conc density'!$BS17*1000000 -> 6949223.6
A20: Kansas | B20: ='[3]State Cement Inflow'!BY17*'[3]States conc cem ratio'!$BS18/'[3]States conc density'!$BS18*1000000 -> 5041910.8 | C20: ='[3]State Cement Inflow'!BZ17*'[3]States conc cem ratio'!$BS18/'[3]States conc density'!$BS18*1000000 -> 5079532.6 | D20: ='[3]State Cement Inflow'!CA17*'[3]States conc cem ratio'!$BS18/'[3]States conc density'!$BS18*1000000 -> 5113720.8 | E20: ='[3]State Cement Inflow'!CB17*'[3]States conc cem ratio'!$BS18/'[3]States conc density'!$BS18*1000000 -> 5145646.8 | F20: ='[3]State Cement Inflow'!CC17*'[3]States conc cem ratio'!$BS18/'[3]States conc density'!$BS18*1000000 -> 5173698.4 | G20: ='[3]State Cement Inflow'!CD17*'[3]States conc cem ratio'!$BS18/'[3]States conc density'!$BS18*1000000 -> 5199057.4 | H20: ='[3]State Cement Inflow'!CE17*'[3]States conc cem ratio'!$BS18/'[3]States conc density'!$BS18*1000000 -> 5219186.2 | I20: ='[3]State Cement Inflow'!CF17*'[3]States conc cem ratio'!$BS18/'[3]States conc density'!$BS18*1000000 -> 5236199.5 | ... AA20: ='[3]State Cement Inflow'!CX17*'[3]States conc cem ratio'!$BS18/'[3]States conc density'!$BS18*1000000 -> 5950848
A21: Kentucky | B21: ='[3]State Cement Inflow'!BY18*'[3]States conc cem ratio'!$BS19/'[3]States conc density'!$BS19*1000000 -> 5608668.2 | C21: ='[3]State Cement Inflow'!BZ18*'[3]States conc cem ratio'!$BS19/'[3]States conc density'!$BS19*1000000 -> 5665065.2 | D21: ='[3]State Cement Inflow'!CA18*'[3]States conc cem ratio'!$BS19/'[3]States conc density'!$BS19*1000000 -> 5718541.5 | E21: ='[3]State Cement Inflow'!CB18*'[3]States conc cem ratio'!$BS19/'[3]States conc density'!$BS19*1000000 -> 5770182.8 | F21: ='[3]State Cement Inflow'!CC18*'[3]States conc cem ratio'!$BS19/'[3]States conc density'!$BS19*1000000 -> 5818355.8 | G21: ='[3]State Cement Inflow'!CD18*'[3]States conc cem ratio'!$BS19/'[3]States conc density'!$BS19*1000000 -> 5864148 | H21: ='[3]State Cement Inflow'!CE18*'[3]States conc cem ratio'!$BS19/'[3]States conc density'!$BS19*1000000 -> 5904980.4 | I21: ='[3]State Cement Inflow'!CF18*'[3]States conc cem ratio'!$BS19/'[3]States conc density'!$BS19*1000000 -> 5942835.4 | ... AA21: ='[3]State Cement Inflow'!CX18*'[3]States conc cem ratio'!$BS19/'[3]States conc density'!$BS19*1000000 -> 7080293.5
A22: Louisiana | B22: ='[3]State Cement Inflow'!BY19*'[3]States conc cem ratio'!$BS20/'[3]States conc density'!$BS20*1000000 -> 7152004.6 | C22: ='[3]State Cement Inflow'!BZ19*'[3]States conc cem ratio'!$BS20/'[3]States conc density'!$BS20*1000000 -> 7203706.9 | D22: ='[3]State Cement Inflow'!CA19*'[3]States conc cem ratio'!$BS20/'[3]States conc density'!$BS20*1000000 -> 7252393.8 | E22: ='[3]State Cement Inflow'!CB19*'[3]States conc cem ratio'!$BS20/'[3]States conc density'!$BS20*1000000 -> 7299629.3 | F22: ='[3]State Cement Inflow'!CC19*'[3]States conc cem ratio'!$BS20/'[3]States conc density'!$BS20*1000000 -> 7343278.6 | G22: ='[3]State Cement Inflow'!CD19*'[3]States conc cem ratio'!$BS20/'[3]States conc density'!$BS20*1000000 -> 7384824 | H22: ='[3]State Cement Inflow'!CE19*'[3]States conc cem ratio'!$BS20/'[3]States conc density'!$BS20*1000000 -> 7420820.2 | I22: ='[3]State Cement Inflow'!CF19*'[3]States conc cem ratio'!$BS20/'[3]States conc density'!$BS20*1000000 -> 7453909.6 | ... AA22: ='[3]State Cement Inflow'!CX19*'[3]States conc cem ratio'!$BS20/'[3]States conc density'!$BS20*1000000 -> 9028472.4
A23: Maine | B23: ='[3]State Cement Inflow'!BY20*'[3]States conc cem ratio'!$BS21/'[3]States conc density'!$BS21*1000000 -> 834334.86 | C23: ='[3]State Cement Inflow'!BZ20*'[3]States conc cem ratio'!$BS21/'[3]States conc density'!$BS21*1000000 -> 849024.88 | D23: ='[3]State Cement Inflow'!CA20*'[3]States conc cem ratio'!$BS21/'[3]States conc density'!$BS21*1000000 -> 863558.97 | E23: ='[3]State Cement Inflow'!CB20*'[3]States conc cem ratio'!$BS21/'[3]States conc density'!$BS21*1000000 -> 878067.63 | F23: ='[3]State Cement Inflow'!CC20*'[3]States conc cem ratio'!$BS21/'[3]States conc density'!$BS21*1000000 -> 892325.97 | G23: ='[3]State Cement Inflow'!CD20*'[3]States conc cem ratio'!$BS21/'[3]States conc density'!$BS21*1000000 -> 906453.29 | H23: ='[3]State Cement Inflow'!CE20*'[3]States conc cem ratio'!$BS21/'[3]States conc density'!$BS21*1000000 -> 920092.09 | I23: ='[3]State Cement Inflow'!CF20*'[3]States conc cem ratio'!$BS21/'[3]States conc density'!$BS21*1000000 -> 933469.26 | ... AA23: ='[3]State Cement Inflow'!CX20*'[3]States conc cem ratio'!$BS21/'[3]States conc density'!$BS21*1000000 -> 1282339
A24: Maryland | B24: ='[3]State Cement Inflow'!BY21*'[3]States conc cem ratio'!$BS22/'[3]States conc density'!$BS22*1000000 -> 5664408.8 | C24: ='[3]State Cement Inflow'!BZ21*'[3]States conc cem ratio'!$BS22/'[3]States conc density'!$BS22*1000000 -> 5752720.4 | D24: ='[3]State Cement Inflow'!CA21*'[3]States conc cem ratio'!$BS22/'[3]States conc density'!$BS22*1000000 -> 5838251.5 | E24: ='[3]State Cement Inflow'!CB21*'[3]States conc cem ratio'!$BS22/'[3]States conc density'!$BS22*1000000 -> 5921894.8 | F24: ='[3]State Cement Inflow'!CC21*'[3]States conc cem ratio'!$BS22/'[3]States conc density'!$BS22*1000000 -> 6002001.3 | G24: ='[3]State Cement Inflow'!CD21*'[3]States conc cem ratio'!$BS22/'[3]States conc density'!$BS22*1000000 -> 6079477.4 | H24: ='[3]State Cement Inflow'!CE21*'[3]States conc cem ratio'!$BS22/'[3]States conc density'!$BS22*1000000 -> 6151781.8 | I24: ='[3]State Cement Inflow'!CF21*'[3]States conc cem ratio'!$BS22/'[3]States conc density'!$BS22*1000000 -> 6220695.1 | ... AA24: ='[3]State Cement Inflow'!CX21*'[3]States conc cem ratio'!$BS22/'[3]States conc density'!$BS22*1000000 -> 7999774.5
... A54: Wyoming | B54: ='[3]State Cement Inflow'!BY51*'[3]States conc cem ratio'!$BS52/'[3]States conc density'!$BS52*1000000 -> 891643.13 | C54: ='[3]State Cement Inflow'!BZ51*'[3]States conc cem ratio'!$BS52/'[3]States conc density'!$BS52*1000000 -> 896567.68 | D54: ='[3]State Cement Inflow'!CA51*'[3]States conc cem ratio'!$BS52/'[3]States conc density'!$BS52*1000000 -> 901102.75 | E54: ='[3]State Cement Inflow'!CB51*'[3]States conc cem ratio'!$BS52/'[3]States conc density'!$BS52*1000000 -> 905510.18 | F54: ='[3]State Cement Inflow'!CC51*'[3]States conc cem ratio'!$BS52/'[3]States conc density'!$BS52*1000000 -> 909547.44 | G54: ='[3]State Cement Inflow'!CD51*'[3]States conc cem ratio'!$BS52/'[3]States conc density'!$BS52*1000000 -> 913511.14 | H54: ='[3]State Cement Inflow'!CE51*'[3]States conc cem ratio'!$BS52/'[3]States conc density'!$BS52*1000000 -> 917023.54 | I54: ='[3]State Cement Inflow'!CF51*'[3]States conc cem ratio'!$BS52/'[3]States conc density'!$BS52*1000000 -> 920596.29 | ... AA54: ='[3]State Cement Inflow'!CX51*'[3]States conc cem ratio'!$BS52/'[3]States conc density'!$BS52*1000000 -> 1271314.1

Sheet 3. Aggregate demand
A1: Projected aggregate demand per US state (thousand metric tons)
A3: Natural fine aggs | B3: 2025 | C3: 2026 | D3: 2027 | E3: 2028 | F3: 2029 | G3: 2030 | H3: 2031 | I3: 2032 | J3: 2033 | K3: 2034 | L3: 2035 | M3: 2036 | N3: 2037 | O3: 2038 | P3: 2039 | Q3: 2040 | R3: 2041 | S3: 2042 | T3: 2043 | U3: 2044 | V3: 2045 | W3: 2046 | X3: 2047 | Y3: 2048 | Z3: 2049 | AA3: 2050
A4: USA | B4: =SUM(B5:B54) -> 294860.88 | C4: =SUM(C5:C54) -> 299093.64 | D4: =SUM(D5:D54) -> 303276.05 | E4: =SUM(E5:E54) -> 307477.61 | F4: =SUM(F5:F54) -> 311619.22 | G4: =SUM(G5:G54) -> 315771.87 | H4: =SUM(H5:H54) -> 319805.55 | I4: =SUM(I5:I54) -> 323840.97 | ... AA4: =SUM(AA5:AA54) -> 431701.83
A5: Alabama | B5: ='[4]Inflow Natural Fine agg'!AK$13 -> 5605.8898 | C5: ='[4]Inflow Natural Fine agg'!AL$13 -> 5662.2094 | D5: ='[4]Inflow Natural Fine agg'!AM$13 -> 5714.7373 | E5: ='[4]Inflow Natural Fine agg'!AN$13 -> 5764.5224 | F5: ='[4]Inflow Natural Fine agg'!AO$13 -> 5809.8383 | G5: ='[4]Inflow Natural Fine agg'!AP$13 -> 5851.7633 | H5: ='[4]Inflow Natural Fine agg'!AQ$13 -> 5887.6338 | I5: ='[4]Inflow Natural Fine agg'!AR$13 -> 5919.483 | ... AA5: ='[4]Inflow Natural Fine agg'!BJ$13 -> 6809.711
A6: Alaska | B6: ='[4]Inflow Natural Fine agg'!AK$18 -> 1252.3442 | C6: ='[4]Inflow Natural Fine agg'!AL$18 -> 1264.8831 | D6: ='[4]Inflow Natural Fine agg'!AM$18 -> 1276.3714 | E6: ='[4]Inflow Natural Fine agg'!AN$18 -> 1287.1204 | F6: ='[4]Inflow Natural Fine agg'!AO$18 -> 1296.6221 | G6: ='[4]Inflow Natural Fine agg'!AP$18 -> 1305.2078 | H6: ='[4]Inflow Natural Fine agg'!AQ$18 -> 1312.1121 | I6: ='[4]Inflow Natural Fine agg'!AR$18 -> 1317.9613 | ... AA6: ='[4]Inflow Natural Fine agg'!BJ$18 -> 1555.3736
A7: Arizona | B7: ='[4]Inflow Natural Fine agg'!AK$23 -> 8315.915 | C7: ='[4]Inflow Natural Fine agg'!AL$23 -> 8526.7685 | D7: ='[4]Inflow Natural Fine agg'!AM$23 -> 8740.8713 | E7: ='[4]Inflow Natural Fine agg'!AN$23 -> 8959.9631 | F7: ='[4]Inflow Natural Fine agg'!AO$23 -> 9181.5705 | G7: ='[4]Inflow Natural Fine agg'!AP$23 -> 9407.3027 | H7: ='[4]Inflow Natural Fine agg'!AQ$23 -> 9633.0167 | I7: ='[4]Inflow Natural Fine agg'!AR$23 -> 9861.4282 | ... AA7: ='[4]Inflow Natural Fine agg'!BJ$23 -> 12843.537
A8: Arkansas | B8: ='[4]Inflow Natural Fine agg'!AK$28 -> 2593.0566 | C8: ='[4]Inflow Natural Fine agg'!AL$28 -> 2620.9827 | D8: ='[4]Inflow Natural Fine agg'!AM$28 -> 2648.1712 | E8: ='[4]Inflow Natural Fine agg'!AN$28 -> 2675.1714 | F8: ='[4]Inflow Natural Fine agg'!AO$28 -> 2701.3142 | G8: ='[4]Inflow Natural Fine agg'!AP$28 -> 2727.1378 | H8: ='[4]Inflow Natural Fine agg'!AQ$28 -> 2751.5415 | I8: ='[4]Inflow Natural Fine agg'!AR$28 -> 2775.4515 | ... AA8: ='[4]Inflow Natural Fine agg'!BJ$28 -> 3582.5543
A9: California | B9: ='[4]Inflow Natural Fine agg'!AK$33 -> 29708.421 | C9: ='[4]Inflow Natural Fine agg'!AL$33 -> 29985.944 | D9: ='[4]Inflow Natural Fine agg'!AM$33 -> 30253.031 | E9: ='[4]Inflow Natural Fine agg'!AN$33 -> 30516.138 | F9: ='[4]Inflow Natural Fine agg'!AO$33 -> 30767.561 | G9: ='[4]Inflow Natural Fine agg'!AP$33 -> 31013.999 | H9: ='[4]Inflow Natural Fine agg'!AQ$33 -> 31242.978 | I9: ='[4]Inflow Natural Fine agg'!AR$33 -> 31466.125 | ... AA9: ='[4]Inflow Natural Fine agg'!BJ$33 -> 40354.536
A10: Colorado | B10: ='[4]Inflow Natural Fine agg'!AK$38 -> 6484.0108 | C10: ='[4]Inflow Natural Fine agg'!AL$38 -> 6570.8841 | D10: ='[4]Inflow Natural Fine agg'!AM$38 -> 6653.6965 | E10: ='[4]Inflow Natural Fine agg'!AN$38 -> 6733.6937 | F10: ='[4]Inflow Natural Fine agg'!AO$38 -> 6808.8077 | G10: ='[4]Inflow Natural Fine agg'!AP$38 -> 6880.3501 | H10: ='[4]Inflow Natural Fine agg'!AQ$38 -> 6945.1459 | I10: ='[4]Inflow Natural Fine agg'!AR$38 -> 7005.6791 | ... AA10: ='[4]Inflow Natural Fine agg'!BJ$38 -> 8687.8413
A11: Connecticut | B11: ='[4]Inflow Natural Fine agg'!AK$43 -> 1713.755 | C11: ='[4]Inflow Natural Fine agg'!AL$43 -> 1734.1116 | D11: ='[4]Inflow Natural Fine agg'!AM$43 -> 1753.2909 | E11: ='[4]Inflow Natural Fine agg'!AN$43 -> 1771.682 | F11: ='[4]Inflow Natural Fine agg'!AO$43 -> 1788.6873 | G11: ='[4]Inflow Natural Fine agg'!AP$43 -> 1804.7042 | H11: ='[4]Inflow Natural Fine agg'!AQ$43 -> 1818.8063 | I11: ='[4]Inflow Natural Fine agg'!AR$43 -> 1831.7235 | ... AA11: ='[4]Inflow Natural Fine agg'!BJ$43 -> 2270.0722
A12: Delaware | B12: ='[4]Inflow Natural Fine agg'!AK$48 -> 637.58936 | C12: ='[4]Inflow Natural Fine agg'!AL$48 -> 645.75631 | D12: ='[4]Inflow Natural Fine agg'!AM$48 -> 653.58002 | E12: ='[4]Inflow Natural Fine agg'!AN$48 -> 661.18087 | F12: ='[4]Inflow Natural Fine agg'!AO$48 -> 668.33059 | G12: ='[4]Inflow Natural Fine agg'!AP$48 -> 675.13492 | H12: ='[4]Inflow Natural Fine agg'!AQ$48 -> 681.23282 | I12: ='[4]Inflow Natural Fine agg'!AR$48 -> 686.82694 | ... AA12: ='[4]Inflow Natural Fine agg'!BJ$48 -> 790.96912
A13: Florida | B13: ='[4]Inflow Natural Fine agg'!AK$58 -> 27407.385 | C13: ='[4]Inflow Natural Fine agg'!AL$58 -> 28302.641 | D13: ='[4]Inflow Natural Fine agg'!AM$58 -> 29236.196 | E13: ='[4]Inflow Natural Fine agg'!AN$58 -> 30216.573 | F13: ='[4]Inflow Natural Fine agg'!AO$58 -> 31239.052 | G13: ='[4]Inflow Natural Fine agg'!AP$58 -> 32312.254 | H13: ='[4]Inflow Natural Fine agg'!AQ$58 -> 33426.585 | I13: ='[4]Inflow Natural Fine agg'!AR$58 -> 34594.775 | ... AA13: ='[4]Inflow Natural Fine agg'!BJ$58 -> 59455.206
A14: Georgia | B14: ='[4]Inflow Natural Fine agg'!AK$63 -> 13870.208 | C14: ='[4]Inflow Natural Fine agg'!AL$63 -> 14006.825 | D14: ='[4]Inflow Natural Fine agg'!AM$63 -> 14134.697 | E14: ='[4]Inflow Natural Fine agg'!AN$63 -> 14256.556 | F14: ='[4]Inflow Natural Fine agg'!AO$63 -> 14368.793 | G14: ='[4]Inflow Natural Fine agg'!AP$63 -> 14474.127 | H14: ='[4]Inflow Natural Fine agg'!AQ$63 -> 14566.665 | I14: ='[4]Inflow Natural Fine agg'!AR$63 -> 14651.152 | ... AA14: ='[4]Inflow Natural Fine agg'!BJ$63 -> 15716.975
A15: Hawaii | B15: ='[4]Inflow Natural Fine agg'!AK$68 -> 1155.7746 | C15: ='[4]Inflow Natural Fine agg'!AL$68 -> 1166.1966 | D15: ='[4]Inflow Natural Fine agg'!AM$68 -> 1175.7375 | E15: ='[4]Inflow Natural Fine agg'!AN$68 -> 1184.6203 | F15: ='[4]Inflow Natural Fine agg'!AO$68 -> 1192.5064 | G15: ='[4]Inflow Natural Fine agg'!AP$68 -> 1199.6328 | H15: ='[4]Inflow Natural Fine agg'!AQ$68 -> 1205.4779 | I15: ='[4]Inflow Natural Fine agg'!AR$68 -> 1210.4812 | ... AA15: ='[4]Inflow Natural Fine agg'!BJ$68 -> 1377.9242
A16: Idaho | B16: ='[4]Inflow Natural Fine agg'!AK$73 -> 1937.2872 | C16: ='[4]Inflow Natural Fine agg'!AL$73 -> 2000.7804 | D16: ='[4]Inflow Natural Fine agg'!AM$73 -> 2067.0322 | E16: ='[4]Inflow Natural Fine agg'!AN$73 -> 2136.6686 | F16: ='[4]Inflow Natural Fine agg'!AO$73 -> 2209.4587 | G16: ='[4]Inflow Natural Fine agg'!AP$73 -> 2286.0945 | H16: ='[4]Inflow Natural Fine agg'!AQ$73 -> 2366.0912 | I16: ='[4]Inflow Natural Fine agg'!AR$73 -> 2450.5087 | ... AA16: ='[4]Inflow Natural Fine agg'!BJ$73 -> 5155.1382
A17: Illinois | B17: ='[4]Inflow Natural Fine agg'!AK$78 -> 12904.361 | C17: ='[4]Inflow Natural Fine agg'!AL$78 -> 13031.101 | D17: ='[4]Inflow Natural Fine agg'!AM$78 -> 13151.701 | E17: ='[4]Inflow Natural Fine agg'!AN$78 -> 13268.628 | F17: ='[4]Inflow Natural Fine agg'!AO$78 -> 13378.139 | G17: ='[4]Inflow Natural Fine agg'!AP$78 -> 13482.685 | H17: ='[4]Inflow Natural Fine agg'!AQ$78 -> 13576.367 | I17: ='[4]Inflow Natural Fine agg'!AR$78 -> 13663.69 | ... AA17: ='[4]Inflow Natural Fine agg'!BJ$78 -> 16463.308
A18: Indiana | B18: ='[4]Inflow Natural Fine agg'!AK$83 -> 7285.5571 | C18: ='[4]Inflow Natural Fine agg'!AL$83 -> 7352.2317 | D18: ='[4]Inflow Natural Fine agg'!AM$83 -> 7413.788 | E18: ='[4]Inflow Natural Fine agg'!AN$83 -> 7471.6485 | F18: ='[4]Inflow Natural Fine agg'!AO$83 -> 7523.5411 | G18: ='[4]Inflow Natural Fine agg'!AP$83 -> 7570.9056 | H18: ='[4]Inflow Natural Fine agg'!AQ$83 -> 7610.199 | I18: ='[4]Inflow Natural Fine agg'!AR$83 -> 7644.0916 | ... AA18: ='[4]Inflow Natural Fine agg'!BJ$83 -> 8660.23
A19: Iowa | B19: ='[4]Inflow Natural Fine agg'!AK$88 -> 4123.2263 | C19: ='[4]Inflow Natural Fine agg'!AL$88 -> 4150.6378 | D19: ='[4]Inflow Natural Fine agg'!AM$88 -> 4175.8026 | E19: ='[4]Inflow Natural Fine agg'!AN$88 -> 4199.7849 | F19: ='[4]Inflow Natural Fine agg'!AO$88 -> 4221.3217 | G19: ='[4]Inflow Natural Fine agg'!AP$88 -> 4241.4859 | H19: ='[4]Inflow Natural Fine agg'!AQ$88 -> 4258.2296 | I19: ='[4]Inflow Natural Fine agg'!AR$88 -> 4273.3887 | ... AA19: ='[4]Inflow Natural Fine agg'!BJ$88 -> 5095.1277
A20: Kansas | B20: ='[4]Inflow Natural Fine agg'!AK$93 -> 3163.3787 | C20: ='[4]Inflow Natural Fine agg'!AL$93 -> 3186.9833 | D20: ='[4]Inflow Natural Fine agg'!AM$93 -> 3208.4335 | E20: ='[4]Inflow Natural Fine agg'!AN$93 -> 3228.4644 | F20: ='[4]Inflow Natural Fine agg'!AO$93 -> 3246.0644 | G20: ='[4]Inflow Natural Fine agg'!AP$93 -> 3261.9751 | H20: ='[4]Inflow Natural Fine agg'!AQ$93 -> 3274.6042 | I20: ='[4]Inflow Natural Fine agg'!AR$93 -> 3285.2786 | ... AA20: ='[4]Inflow Natural Fine agg'!BJ$93 -> 3733.661
A21: Kentucky | B21: ='[4]Inflow Natural Fine agg'!AK$98 -> 4845.9463 | C21: ='[4]Inflow Natural Fine agg'!AL$98 -> 4894.6739 | D21: ='[4]Inflow Natural Fine agg'!AM$98 -> 4940.878 | E21: ='[4]Inflow Natural Fine agg'!AN$98 -> 4985.4966 | F21: ='[4]Inflow Natural Fine agg'!AO$98 -> 5027.1186 | G21: ='[4]Inflow Natural Fine agg'!AP$98 -> 5066.6835 | H21: ='[4]Inflow Natural Fine agg'!AQ$98 -> 5101.9631 | I21: ='[4]Inflow Natural Fine agg'!AR$98 -> 5134.6702 | ... AA21: ='[4]Inflow Natural Fine agg'!BJ$98 -> 6117.4456
A22: Louisiana | B22: ='[4]Inflow Natural Fine agg'!AK$103 -> 4487.2866 | C22: ='[4]Inflow Natural Fine agg'!AL$103 -> 4519.7255 | D22: ='[4]Inflow Natural Fine agg'!AM$103 -> 4550.2725 | E22: ='[4]Inflow Natural Fine agg'!AN$103 -> 4579.9088 | F22: ='[4]Inflow Natural Fine agg'!AO$103 -> 4607.2952 | G22: ='[4]Inflow Natural Fine agg'!AP$103 -> 4633.3614 | H22: ='[4]Inflow Natural Fine agg'!AQ$103 -> 4655.946 | I22: ='[4]Inflow Natural Fine agg'!AR$103 -> 4676.7069 | ... AA22: ='[4]Inflow Natural Fine agg'!BJ$103 -> 5664.6137
A23: Maine | B23: ='[4]Inflow Natural Fine agg'!AK$108 -> 624.99438 | C23: ='[4]Inflow Natural Fine agg'!AL$108 -> 635.99857 | D23: ='[4]Inflow Natural Fine agg'!AM$108 -> 646.88595 | E23: ='[4]Inflow Natural Fine agg'!AN$108 -> 657.75429 | F23: ='[4]Inflow Natural Fine agg'!AO$108 -> 668.43511 | G23: ='[4]Inflow Natural Fine agg'!AP$108 -> 679.01778 | H23: ='[4]Inflow Natural Fine agg'!AQ$108 -> 689.23452 | I23: ='[4]Inflow Natural Fine agg'!AR$108 -> 699.25526 | ... AA23: ='[4]Inflow Natural Fine agg'!BJ$108 -> 960.59111
A24: Maryland | B24: ='[4]Inflow Natural Fine agg'!AK$113 -> 4243.1688 | C24: ='[4]Inflow Natural Fine agg'!AL$113 -> 4309.3224 | D24: ='[4]Inflow Natural Fine agg'!AM$113 -> 4373.3931 | E24: ='[4]Inflow Natural Fine agg'!AN$113 -> 4436.0498 | F24: ='[4]Inflow Natural Fine agg'!AO$113 -> 4496.057 | G24: ='[4]Inflow Natural Fine agg'!AP$113 -> 4554.0938 | H24: ='[4]Inflow Natural Fine agg'!AQ$113 -> 4608.2565 | I24: ='[4]Inflow Natural Fine agg'!AR$113 -> 4659.879 | ... AA24: ='[4]Inflow Natural Fine agg'!BJ$113 -> 5992.5748
A25: Massachusetts | B25: ='[4]Inflow Natural Fine agg'!AK$118 -> 3030.4879 | C25: ='[4]Inflow Natural Fine agg'!AL$118 -> 3074.0085 | D25: ='[4]Inflow Natural Fine agg'!AM$118 -> 3116.3284 | E25: ='[4]Inflow Natural Fine agg'!AN$118 -> 3158.2097 | F25: ='[4]Inflow Natural Fine agg'!AO$118 -> 3198.7409 | G25: ='[4]Inflow Natural Fine agg'!AP$118 -> 3238.7175 | H25: ='[4]Inflow Natural Fine agg'!AQ$118 -> 3276.6667 | I25: ='[4]Inflow Natural Fine agg'!AR$118 -> 3313.9411 | ... AA25: ='[4]Inflow Natural Fine agg'!BJ$118 -> 4468.7117
A26: Michigan | B26: ='[4]Inflow Natural Fine agg'!AK$123 -> 9959.7653 | C26: ='[4]Inflow Natural Fine agg'!AL$123 -> 10057.734 | D26: ='[4]Inflow Natural Fine agg'!AM$123 -> 10149.783 | E26: ='[4]Inflow Natural Fine agg'!AN$123 -> 10237.932 | F26: ='[4]Inflow Natural Fine agg'!AO$123 -> 10319.314 | G26: ='[4]Inflow Natural Fine agg'!AP$123 -> 10395.971 | H26: ='[4]Inflow Natural Fine agg'!AQ$123 -> 10463.334 | I26: ='[4]Inflow Natural Fine agg'!AR$123 -> 10525.012 | ... AA26: ='[4]Inflow Natural Fine agg'!BJ$123 -> 11965.938
A27: Minnesota | B27: ='[4]Inflow Natural Fine agg'!AK$128 -> 4685.7299 | C27: ='[4]Inflow Natural Fine agg'!AL$128 -> 4733.5995 | D27: ='[4]Inflow Natural Fine agg'!AM$128 -> 4779.5029 | E27: ='[4]Inflow Natural Fine agg'!AN$128 -> 4824.49 | F27: ='[4]Inflow Natural Fine agg'!AO$128 -> 4867.1662 | G27: ='[4]Inflow Natural Fine agg'!AP$128 -> 4908.5787 | H27: ='[4]Inflow Natural Fine agg'!AQ$128 -> 4946.4833 | I27: ='[4]Inflow Natural Fine agg'!AR$128 -> 4982.709 | ... AA27: ='[4]Inflow Natural Fine agg'!BJ$128 -> 6104.9477
A28: Mississippi | B28: ='[4]Inflow Natural Fine agg'!AK$133 -> 3230.8528 | C28: ='[4]Inflow Natural Fine agg'!AL$133 -> 3257.938 | D28: ='[4]Inflow Natural Fine agg'!AM$133 -> 3282.978 | E28: ='[4]Inflow Natural Fine agg'!AN$133 -> 3306.655 | F28: ='[4]Inflow Natural Fine agg'!AO$133 -> 3327.9787 | G28: ='[4]Inflow Natural Fine agg'!AP$133 -> 3347.6323 | H28: ='[4]Inflow Natural Fine agg'!AQ$133 -> 3364.0544 | I28: ='[4]Inflow Natural Fine agg'!AR$133 -> 3378.4799 | ... AA28: ='[4]Inflow Natural Fine agg'!BJ$133 -> 3894.9889
A29: Missouri | B29: ='[4]Inflow Natural Fine agg'!AK$138 -> 4359.5097 | C29: ='[4]Inflow Natural Fine agg'!AL$138 -> 4444.0388 | D29: ='[4]Inflow Natural Fine agg'!AM$138 -> 4524.0833 | E29: ='[4]Inflow Natural Fine agg'!AN$138 -> 4600.9367 | F29: ='[4]Inflow Natural Fine agg'!AO$138 -> 4673.1665 | G29: ='[4]Inflow Natural Fine agg'!AP$138 -> 4742.0358 | H29: ='[4]Inflow Natural Fine agg'!AQ$138 -> 4805.1906 | I29: ='[4]Inflow Natural Fine agg'!AR$138 -> 4864.7519 | ... AA29: ='[4]Inflow Natural Fine agg'!BJ$138 -> 6107.4993
A30: Montana | B30: ='[4]Inflow Natural Fine agg'!AK$143 -> 1028.8023 | C30: ='[4]Inflow Natural Fine agg'!AL$143 -> 1047.6267 | D30: ='[4]Inflow Natural Fine agg'!AM$143 -> 1067.495 | E30: ='[4]Inflow Natural Fine agg'!AN$143 -> 1088.798 | F30: ='[4]Inflow Natural Fine agg'!AO$143 -> 1111.4537 | G30: ='[4]Inflow Natural Fine agg'!AP$143 -> 1135.8909 | H30: ='[4]Inflow Natural Fine agg'!AQ$143 -> 1161.8922 | I30: ='[4]Inflow Natural Fine agg'!AR$143 -> 1190.0846 | ... AA30: ='[4]Inflow Natural Fine agg'!BJ$143 -> 2293.9292
A31: Nebraska | B31: ='[4]Inflow Natural Fine agg'!AK$148 -> 2791.6701 | C31: ='[4]Inflow Natural Fine agg'!AL$148 -> 2809.7303 | D31: ='[4]Inflow Natural Fine agg'!AM$148 -> 2826.1078 | E31: ='[4]Inflow Natural Fine agg'!AN$148 -> 2841.4948 | F31: ='[4]Inflow Natural Fine agg'!AO$148 -> 2854.9999 | G31: ='[4]Inflow Natural Fine agg'!AP$148 -> 2867.332 | H31: ='[4]Inflow Natural Fine agg'!AQ$148 -> 2877.0861 | I31: ='[4]Inflow Natural Fine agg'!AR$148 -> 2885.521 | ... AA31: ='[4]Inflow Natural Fine agg'!BJ$148 -> 3444.0066
A32: Nevada | B32: ='[4]Inflow Natural Fine agg'!AK$153 -> 3951.8558 | C32: ='[4]Inflow Natural Fine agg'!AL$153 -> 3987.3747 | D32: ='[4]Inflow Natural Fine agg'!AM$153 -> 4019.6098 | E32: ='[4]Inflow Natural Fine agg'!AN$153 -> 4049.5671 | F32: ='[4]Inflow Natural Fine agg'!AO$153 -> 4075.7855 | G32: ='[4]Inflow Natural Fine agg'!AP$153 -> 4099.3228 | H32: ='[4]Inflow Natural Fine agg'!AQ$153 -> 4117.9263 | I32: ='[4]Inflow Natural Fine agg'!AR$153 -> 4133.5133 | ... AA32: ='[4]Inflow Natural Fine agg'!BJ$153 -> 4741.8259
A33: New Hampshire | B33: ='[4]Inflow Natural Fine agg'!AK$158 -> 732.44918 | C33: ='[4]Inflow Natural Fine agg'!AL$158 -> 741.11428 | D33: ='[4]Inflow Natural Fine agg'!AM$158 -> 749.34563 | E33: ='[4]Inflow Natural Fine agg'!AN$158 -> 757.27794 | F33: ='[4]Inflow Natural Fine agg'!AO$158 -> 764.65916 | G33: ='[4]Inflow Natural Fine agg'!AP$158 -> 771.61292 | H33: ='[4]Inflow Natural Fine agg'!AQ$158 -> 777.74659 | I33: ='[4]Inflow Natural Fine agg'!AR$158 -> 783.30077 | ... AA33: ='[4]Inflow Natural Fine agg'!BJ$158 -> 916.89111
A34: New Jersey | B34: ='[4]Inflow Natural Fine agg'!AK$163 -> 4171.6093 | C34: ='[4]Inflow Natural Fine agg'!AL$163 -> 4227.328 | D34: ='[4]Inflow Natural Fine agg'!AM$163 -> 4281.143 | E34: ='[4]Inflow Natural Fine agg'!AN$163 -> 4334.0359 | F34: ='[4]Inflow Natural Fine agg'!AO$163 -> 4384.6607 | G34: ='[4]Inflow Natural Fine agg'!AP$163 -> 4434.0294 | H34: ='[4]Inflow Natural Fine agg'!AQ$163 -> 4480.0191 | I34: ='[4]Inflow Natural Fine agg'!AR$163 -> 4524.4301 | ... AA34: ='[4]Inflow Natural Fine agg'!BJ$163 -> 5967.7949
A35: New Mexico | B35: ='[4]Inflow Natural Fine agg'!AK$168 -> 2376.9159 | C35: ='[4]Inflow Natural Fine agg'!AL$168 -> 2398.8419 | D35: ='[4]Inflow Natural Fine agg'!AM$168 -> 2419.2494 | E35: ='[4]Inflow Natural Fine agg'!AN$168 -> 2438.6163 | F35: ='[4]Inflow Natural Fine agg'!AO$168 -> 2456.2314 | G35: ='[4]Inflow Natural Fine agg'!AP$168 -> 2472.57 | H35: ='[4]Inflow Natural Fine agg'!AQ$168 -> 2486.5053 | I35: ='[4]Inflow Natural Fine agg'!AR$168 -> 2498.895 | ... AA35: ='[4]Inflow Natural Fine agg'!BJ$168 -> 2825.6407
A36: New York | B36: ='[4]Inflow Natural Fine agg'!AK$173 -> 7368.0083 | C36: ='[4]Inflow Natural Fine agg'!AL$173 -> 7467.1235 | D36: ='[4]Inflow Natural Fine agg'!AM$173 -> 7564.381 | E36: ='[4]Inflow Natural Fine agg'!AN$173 -> 7661.5604 | F36: ='[4]Inflow Natural Fine agg'!AO$173 -> 7756.543 | G36: ='[4]Inflow Natural Fine agg'!AP$173 -> 7851.1536 | H36: ='[4]Inflow Natural Fine agg'!AQ$173 -> 7941.9656 | I36: ='[4]Inflow Natural Fine agg'!AR$173 -> 8032.1299 | ... AA36: ='[4]Inflow Natural Fine agg'!BJ$173 -> 11288.924
A37: North Carolina | B37: ='[4]Inflow Natural Fine agg'!AK$178 -> 10375.286 | C37: ='[4]Inflow Natural Fine agg'!AL$178 -> 10506.095 | D37: ='[4]Inflow Natural Fine agg'!AM$178 -> 10630.72 | E37: ='[4]Inflow Natural Fine agg'!AN$178 -> 10750.907 | F37: ='[4]Inflow Natural Fine agg'!AO$178 -> 10863.586 | G37: ='[4]Inflow Natural Fine agg'!AP$178 -> 10970.478 | H37: ='[4]Inflow Natural Fine agg'!AQ$178 -> 11066.772 | I37: ='[4]Inflow Natural Fine agg'!AR$178 -> 11155.736 | ... AA37: ='[4]Inflow Natural Fine agg'!BJ$178 -> 13197.788
A38: North Dakota | B38: ='[4]Inflow Natural Fine agg'!AK$183 -> 944.57924 | C38: ='[4]Inflow Natural Fine agg'!AL$183 -> 949.64343 | D38: ='[4]Inflow Natural Fine agg'!AM$183 -> 954.13218 | E38: ='[4]Inflow Natural Fine agg'!AN$183 -> 958.28477 | F38: ='[4]Inflow Natural Fine agg'!AO$183 -> 961.7458 | G38: ='[4]Inflow Natural Fine agg'!AP$183 -> 964.75172 | H38: ='[4]Inflow Natural Fine agg'!AQ$183 -> 966.74644 | I38: ='[4]Inflow Natural Fine agg'!AR$183 -> 968.16408 | ... AA38: ='[4]Inflow Natural Fine agg'!BJ$183 -> 1203.2081
A39: Ohio | B39: ='[4]Inflow Natural Fine agg'!AK$188 -> 12854.927 | C39: ='[4]Inflow Natural Fine agg'!AL$188 -> 12968.786 | D39: ='[4]Inflow Natural Fine agg'!AM$188 -> 13074.68 | E39: ='[4]Inflow Natural Fine agg'!AN$188 -> 13175.141 | F39: ='[4]Inflow Natural Fine agg'!AO$188 -> 13266.174 | G39: ='[4]Inflow Natural Fine agg'!AP$188 -> 13350.272 | H39: ='[4]Inflow Natural Fine agg'!AQ$188 -> 13421.164 | I39: ='[4]Inflow Natural Fine agg'!AR$188 -> 13483.438 | ... AA39: ='[4]Inflow Natural Fine agg'!BJ$188 -> 15219.09
A40: Oklahoma | B40: ='[4]Inflow Natural Fine agg'!AK$193 -> 3193.528 | C40: ='[4]Inflow Natural Fine agg'!AL$193 -> 3224.1833 | D40: ='[4]Inflow Natural Fine agg'!AM$193 -> 3253.1396 | E40: ='[4]Inflow Natural Fine agg'!AN$193 -> 3281.1225 | F40: ='[4]Inflow Natural Fine agg'!AO$193 -> 3307.1371 | G40: ='[4]Inflow Natural Fine agg'!AP$193 -> 3331.9271 | H40: ='[4]Inflow Natural Fine agg'!AQ$193 -> 3353.9196 | I40: ='[4]Inflow Natural Fine agg'!AR$193 -> 3374.4474 | ... AA40: ='[4]Inflow Natural Fine agg'!BJ$193 -> 4259.04
A41: Oregon | B41: ='[4]Inflow Natural Fine agg'!AK$198 -> 2957.0044 | C41: ='[4]Inflow Natural Fine agg'!AL$198 -> 2992.8018 | D41: ='[4]Inflow Natural Fine agg'!AM$198 -> 3026.6237 | E41: ='[4]Inflow Natural Fine agg'!AN$198 -> 3059.0562 | F41: ='[4]Inflow Natural Fine agg'!AO$198 -> 3089.0612 | G41: ='[4]Inflow Natural Fine agg'!AP$198 -> 3117.2217 | H41: ='[4]Inflow Natural Fine agg'!AQ$198 -> 3141.9506 | I41: ='[4]Inflow Natural Fine agg'!AR$198 -> 3164.3734 | ... AA41: ='[4]Inflow Natural Fine agg'!BJ$198 -> 3712.8017
A42: Pennsylvania | B42: ='[4]Inflow Natural Fine agg'!AK$203 -> 8055.0536 | C42: ='[4]Inflow Natural Fine agg'!AL$203 -> 8128.6796 | D42: ='[4]Inflow Natural Fine agg'!AM$203 -> 8197.2998 | E42: ='[4]Inflow Natural Fine agg'!AN$203 -> 8262.6681 | F42: ='[4]Inflow Natural Fine agg'!AO$203 -> 8322.1852 | G42: ='[4]Inflow Natural Fine agg'!AP$203 -> 8377.5765 | H42: ='[4]Inflow Natural Fine agg'!AQ$203 -> 8424.7364 | I42: ='[4]Inflow Natural Fine agg'!AR$203 -> 8466.7774 | ... AA42: ='[4]Inflow Natural Fine agg'!BJ$203 -> 9756.4938
A43: Rhode Island | B43: ='[4]Inflow Natural Fine agg'!AK$208 -> 353.27294 | C43: ='[4]Inflow Natural Fine agg'!AL$208 -> 359.11872 | D43: ='[4]Inflow Natural Fine agg'!AM$208 -> 364.8804 | E43: ='[4]Inflow Natural Fine agg'!AN$208 -> 370.64796 | F43: ='[4]Inflow Natural Fine agg'!AO$208 -> 376.31464 | G43: ='[4]Inflow Natural Fine agg'!AP$208 -> 381.97917 | H43: ='[4]Inflow Natural Fine agg'!AQ$208 -> 387.47469 | I43: ='[4]Inflow Natural Fine agg'!AR$208 -> 392.97496 | ... AA43: ='[4]Inflow Natural Fine agg'!BJ$208 -> 595.51115
A44: South Carolina | B44: ='[4]Inflow Natural Fine agg'!AK$213 -> 5583.0894 | C44: ='[4]Inflow Natural Fine agg'!AL$213 -> 5686.4266 | D44: ='[4]Inflow Natural Fine agg'!AM$213 -> 5788.4786 | E44: ='[4]Inflow Natural Fine agg'!AN$213 -> 5890.2108 | F44: ='[4]Inflow Natural Fine agg'!AO$213 -> 5990.0832 | G44: ='[4]Inflow Natural Fine agg'!AP$213 -> 6089.0876 | H44: ='[4]Inflow Natural Fine agg'!AQ$213 -> 6184.8012 | I44: ='[4]Inflow Natural Fine agg'!AR$213 -> 6279.0749 | ... AA44: ='[4]Inflow Natural Fine agg'!BJ$213 -> 8806.125
A45: South Dakota | B45: ='[4]Inflow Natural Fine agg'!AK$218 -> 895.20936 | C45: ='[4]Inflow Natural Fine agg'!AL$218 -> 903.71451 | D45: ='[4]Inflow Natural Fine agg'!AM$218 -> 911.96569 | E45: ='[4]Inflow Natural Fine agg'!AN$218 -> 920.25534 | F45: ='[4]Inflow Natural Fine agg'!AO$218 -> 928.30649 | G45: ='[4]Inflow Natural Fine agg'!AP$218 -> 936.43251 | H45: ='[4]Inflow Natural Fine agg'!AQ$218 -> 944.17896 | I45: ='[4]Inflow Natural Fine agg'!AR$218 -> 952.06643 | ... AA45: ='[4]Inflow Natural Fine agg'!BJ$218 -> 1391.2582
A46: Tennessee | B46: ='[4]Inflow Natural Fine agg'!AK$223 -> 7810.3414 | C46: ='[4]Inflow Natural Fine agg'!AL$223 -> 7912.8641 | D46: ='[4]Inflow Natural Fine agg'!AM$223 -> 8010.1289 | E46: ='[4]Inflow Natural Fine agg'!AN$223 -> 8103.4904 | F46: ='[4]Inflow Natural Fine agg'!AO$223 -> 8190.5451 | G46: ='[4]Inflow Natural Fine agg'!AP$223 -> 8272.6503 | H46: ='[4]Inflow Natural Fine agg'!AQ$223 -> 8346.0781 | I46: ='[4]Inflow Natural Fine agg'!AR$223 -> 8413.4243 | ... AA46: ='[4]Inflow Natural Fine agg'!BJ$223 -> 9879.5154
A47: Texas | B47: ='[4]Inflow Natural Fine agg'!AK$228 -> 25071.768 | C47: ='[4]Inflow Natural Fine agg'!AL$228 -> 25583.067 | D47: ='[4]Inflow Natural Fine agg'!AM$228 -> 26117.7 | E47: ='[4]Inflow Natural Fine agg'!AN$228 -> 26685.73 | F47: ='[4]Inflow Natural Fine agg'!AO$228 -> 27283.39 | G47: ='[4]Inflow Natural Fine agg'!AP$228 -> 27921.622 | H47: ='[4]Inflow Natural Fine agg'!AQ$228 -> 28592.499 | I47: ='[4]Inflow Natural Fine agg'!AR$228 -> 29312.32 | ... AA47: ='[4]Inflow Natural Fine agg'!BJ$228 -> 51372.325
A48: Utah | B48: ='[4]Inflow Natural Fine agg'!AK$233 -> 4471.5415 | C48: ='[4]Inflow Natural Fine agg'!AL$233 -> 4576.4464 | D48: ='[4]Inflow Natural Fine agg'!AM$233 -> 4683.3296 | E48: ='[4]Inflow Natural Fine agg'!AN$233 -> 4793.3579 | F48: ='[4]Inflow Natural Fine agg'!AO$233 -> 4905.7396 | G48: ='[4]Inflow Natural Fine agg'!AP$233 -> 5021.7147 | H48: ='[4]Inflow Natural Fine agg'!AQ$233 -> 5139.8531 | I48: ='[4]Inflow Natural Fine agg'!AR$233 -> 5262.1109 | ... AA48: ='[4]Inflow Natural Fine agg'!BJ$233 -> 8058.8423
A49: Vermont | B49: ='[4]Inflow Natural Fine agg'!AK$238 -> 319.65822 | C49: ='[4]Inflow Natural Fine agg'!AL$238 -> 323.23836 | D49: ='[4]Inflow Natural Fine agg'!AM$238 -> 326.69447 | E49: ='[4]Inflow Natural Fine agg'!AN$238 -> 330.0968 | F49: ='[4]Inflow Natural Fine agg'!AO$238 -> 333.34581 | G49: ='[4]Inflow Natural Fine agg'!AP$238 -> 336.5101 | H49: ='[4]Inflow Natural Fine agg'!AQ$238 -> 339.43051 | I49: ='[4]Inflow Natural Fine agg'!AR$238 -> 342.2296 | ... AA49: ='[4]Inflow Natural Fine agg'!BJ$238 -> 435.9933
A50: Virginia | B50: ='[4]Inflow Natural Fine agg'!AK$243 -> 6506.0388 | C50: ='[4]Inflow Natural Fine agg'!AL$243 -> 6595.3263 | D50: ='[4]Inflow Natural Fine agg'!AM$243 -> 6680.8779 | E50: ='[4]Inflow Natural Fine agg'!AN$243 -> 6763.7979 | F50: ='[4]Inflow Natural Fine agg'!AO$243 -> 6842.1401 | G50: ='[4]Inflow Natural Fine agg'!AP$243 -> 6917.0333 | H50: ='[4]Inflow Natural Fine agg'!AQ$243 -> 6985.4709 | I50: ='[4]Inflow Natural Fine agg'!AR$243 -> 7049.6245 | ... AA50: ='[4]Inflow Natural Fine agg'!BJ$243 -> 8710.06
A51: Washington | B51: ='[4]Inflow Natural Fine agg'!AK$248 -> 6331.4587 | C51: ='[4]Inflow Natural Fine agg'!AL$248 -> 6393.5245 | D51: ='[4]Inflow Natural Fine agg'!AM$248 -> 6453.1055 | E51: ='[4]Inflow Natural Fine agg'!AN$248 -> 6511.4029 | F51: ='[4]Inflow Natural Fine agg'!AO$248 -> 6566.7324 | G51: ='[4]Inflow Natural Fine agg'!AP$248 -> 6620.2977 | H51: ='[4]Inflow Natural Fine agg'!AQ$248 -> 6669.4079 | I51: ='[4]Inflow Natural Fine agg'!AR$248 -> 6716.2376 | ... AA51: ='[4]Inflow Natural Fine agg'!BJ$248 -> 8328.9948
A52: West Virginia | B52: ='[4]Inflow Natural Fine agg'!AK$253 -> 1262.8503 | C52: ='[4]Inflow Natural Fine agg'!AL$253 -> 1276.2028 | D52: ='[4]Inflow Natural Fine agg'!AM$253 -> 1289.1022 | E52: ='[4]Inflow Natural Fine agg'!AN$253 -> 1301.808 | F52: ='[4]Inflow Natural Fine agg'!AO$253 -> 1313.9308 | G52: ='[4]Inflow Natural Fine agg'!AP$253 -> 1325.7162 | H52: ='[4]Inflow Natural Fine agg'!AQ$253 -> 1336.5445 | I52: ='[4]Inflow Natural Fine agg'!AR$253 -> 1346.8666 | ... AA52: ='[4]Inflow Natural Fine agg'!BJ$253 -> 1703.2719
A53: Wisconsin | B53: ='[4]Inflow Natural Fine agg'!AK$258 -> 7086.5824 | C53: ='[4]Inflow Natural Fine agg'!AL$258 -> 7152.831 | D53: ='[4]Inflow Natural Fine agg'!AM$258 -> 7215.2728 | E53: ='[4]Inflow Natural Fine agg'!AN$258 -> 7275.4146 | F53: ='[4]Inflow Natural Fine agg'!AO$258 -> 7331.2178 | G53: ='[4]Inflow Natural Fine agg'!AP$258 -> 7384.1704 | H53: ='[4]Inflow Natural Fine agg'!AQ$258 -> 7430.9733 | I53: ='[4]Inflow Natural Fine agg'!AR$258 -> 7474.2221 | ... AA53: ='[4]Inflow Natural Fine agg'!BJ$258 -> 8705.8137
A54: Wyoming | B54: ='[4]Inflow Natural Fine agg'!AK$263 -> 741.48224 | C54: ='[4]Inflow Natural Fine agg'!AL$263 -> 745.57745 | D54: ='[4]Inflow Natural Fine agg'!AM$263 -> 749.34877 | E54: ='[4]Inflow Natural Fine agg'!AN$263 -> 753.01395 | F54: ='[4]Inflow Natural Fine agg'!AO$263 -> 756.3713 | G54: ='[4]Inflow Natural Fine agg'!AP$263 -> 759.66747 | H54: ='[4]Inflow Natural Fine agg'!AQ$263 -> 762.58835 | I54: ='[4]Inflow Natural Fine agg'!AR$263 -> 765.55942 | ... AA54: ='[4]Inflow Natural Fine agg'!BJ$263 -> 1057.2131
A56: Crushed fine aggs | B56: 2025 | C56: 2026 | D56: 2027 | E56: 2028 | F56: 2029 | G56: 2030 | H56: 2031 | I56: 2032 | J56: 2033 | K56: 2034 | L56: 2035 | M56: 2036 | N56: 2037 | O56: 2038 | P56: 2039 | Q56: 2040 | R56: 2041 | S56: 2042 | T56: 2043 | U56: 2044 | V56: 2045 | W56: 2046 | X56: 2047 | Y56: 2048 | Z56: 2049 | AA56: 2050
A57: USA | B57: =SUM(B58:B107) -> 34353.108 | C57: =SUM(C58:C107) -> 34850.116 | D57: =SUM(D58:D107) -> 35346.057 | E57: =SUM(E58:E107) -> 35850.474 | F57: =SUM(F58:F107) -> 36354.674 | G57: =SUM(G58:G107) -> 36868.581 | H57: =SUM(H58:H107) -> 37377.481 | I57: =SUM(I58:I107) -> 37897.632 | ... AA57: =SUM(AA58:AA107) -> 53667.332
A58: Alabama | B58: ='[4]Inflow Crushed Fine agg'!AK$13 -> 82.906613 | C58: ='[4]Inflow Crushed Fine agg'!AL$13 -> 83.739535 | D58: ='[4]Inflow Crushed Fine agg'!AM$13 -> 84.51638 | E58: ='[4]Inflow Crushed Fine agg'!AN$13 -> 85.252662 | F58: ='[4]Inflow Crushed Fine agg'!AO$13 -> 85.922847 | G58: ='[4]Inflow Crushed Fine agg'!AP$13 -> 86.542885 | H58: ='[4]Inflow Crushed Fine agg'!AQ$13 -> 87.07338 | I58: ='[4]Inflow Crushed Fine agg'!AR$13 -> 87.544404 | ... AA58: ='[4]Inflow Crushed Fine agg'!BJ$13 -> 100.71016
A59: Alaska | B59: ='[4]Inflow Crushed Fine agg'!AK$18 -> 164.82012 | C59: ='[4]Inflow Crushed Fine agg'!AL$18 -> 166.47036 | D59: ='[4]Inflow Crushed Fine agg'!AM$18 -> 167.98233 | E59: ='[4]Inflow Crushed Fine agg'!AN$18 -> 169.397 | F59: ='[4]Inflow Crushed Fine agg'!AO$18 -> 170.64751 | G59: ='[4]Inflow Crushed Fine agg'!AP$18 -> 171.77746 | H59: ='[4]Inflow Crushed Fine agg'!AQ$18 -> 172.68614 | I59: ='[4]Inflow Crushed Fine agg'!AR$18 -> 173.45594 | ... AA59: ='[4]Inflow Crushed Fine agg'!BJ$18 -> 204.70161
A60: Arizona | B60: ='[4]Inflow Crushed Fine agg'!AK$23 -> 1172.1039 | C60: ='[4]Inflow Crushed Fine agg'!AL$23 -> 1201.823 | D60: ='[4]Inflow Crushed Fine agg'!AM$23 -> 1232.0002 | E60: ='[4]Inflow Crushed Fine agg'!AN$23 -> 1262.8806 | F60: ='[4]Inflow Crushed Fine agg'!AO$23 -> 1294.1155 | G60: ='[4]Inflow Crushed Fine agg'!AP$23 -> 1325.9318 | H60: ='[4]Inflow Crushed Fine agg'!AQ$23 -> 1357.7455 | I60: ='[4]Inflow Crushed Fine agg'!AR$23 -> 1389.9394 | ... AA60: ='[4]Inflow Crushed Fine agg'!BJ$23 -> 1810.2589
A61: Arkansas | B61: ='[4]Inflow Crushed Fine agg'!AK$28 -> 1038.5734 | C61: ='[4]Inflow Crushed Fine agg'!AL$28 -> 1049.7584 | D61: ='[4]Inflow Crushed Fine agg'!AM$28 -> 1060.6479 | E61: ='[4]Inflow Crushed Fine agg'!AN$28 -> 1071.4621 | F61: ='[4]Inflow Crushed Fine agg'!AO$28 -> 1081.9328 | G61: ='[4]Inflow Crushed Fine agg'!AP$28 -> 1092.2757 | H61: ='[4]Inflow Crushed Fine agg'!AQ$28 -> 1102.0499 | I61: ='[4]Inflow Crushed Fine agg'!AR$28 -> 1111.6264 | ... AA61: ='[4]Inflow Crushed Fine agg'!BJ$28 -> 1434.8879
A62: California | B62: ='[4]Inflow Crushed Fine agg'!AK$33 -> 4187.3149 | C62: ='[4]Inflow Crushed Fine agg'!AL$33 -> 4226.431 | D62: ='[4]Inflow Crushed Fine agg'!AM$33 -> 4264.0761 | E62: ='[4]Inflow Crushed Fine agg'!AN$33 -> 4301.1603 | F62: ='[4]Inflow Crushed Fine agg'!AO$33 -> 4336.5976 | G62: ='[4]Inflow Crushed Fine agg'!AP$33 -> 4371.3323 | H62: ='[4]Inflow Crushed Fine agg'!AQ$33 -> 4403.6063 | I62: ='[4]Inflow Crushed Fine agg'!AR$33 -> 4435.0581 | ... AA62: ='[4]Inflow Crushed Fine agg'!BJ$33 -> 5687.8536
A63: Colorado | B63: ='[4]Inflow Crushed Fine agg'!AK$38 -> 90.97861 | C63: ='[4]Inflow Crushed Fine agg'!AL$38 -> 92.197549 | D63: ='[4]Inflow Crushed Fine agg'!AM$38 -> 93.359508 | E63: ='[4]Inflow Crushed Fine agg'!AN$38 -> 94.481967 | F63: ='[4]Inflow Crushed Fine agg'!AO$38 -> 95.535908 | G63: ='[4]Inflow Crushed Fine agg'!AP$38 -> 96.539736 | H63: ='[4]Inflow Crushed Fine agg'!AQ$38 -> 97.448901 | I63: ='[4]Inflow Crushed Fine agg'!AR$38 -> 98.298255 | ... AA63: ='[4]Inflow Crushed Fine agg'!BJ$38 -> 121.90105
A64: Connecticut | B64: ='[4]Inflow Crushed Fine agg'!AK$43 -> 259.56965 | C64: ='[4]Inflow Crushed Fine agg'!AL$43 -> 262.65292 | D64: ='[4]Inflow Crushed Fine agg'!AM$43 -> 265.55786 | E64: ='[4]Inflow Crushed Fine agg'!AN$43 -> 268.34342 | F64: ='[4]Inflow Crushed Fine agg'!AO$43 -> 270.91909 | G64: ='[4]Inflow Crushed Fine agg'!AP$43 -> 273.34505 | H64: ='[4]Inflow Crushed Fine agg'!AQ$43 -> 275.48098 | I64: ='[4]Inflow Crushed Fine agg'!AR$43 -> 277.43745 | ... AA64: ='[4]Inflow Crushed Fine agg'!BJ$43 -> 343.83086
A65: Delaware | B65: ='[4]Inflow Crushed Fine agg'!AK$48 -> 96.570891 | C65: ='[4]Inflow Crushed Fine agg'!AL$48 -> 97.807877 | D65: ='[4]Inflow Crushed Fine agg'!AM$48 -> 98.992877 | E65: ='[4]Inflow Crushed Fine agg'!AN$48 -> 100.14412 | F65: ='[4]Inflow Crushed Fine agg'!AO$48 -> 101.22704 | G65: ='[4]Inflow Crushed Fine agg'!AP$48 -> 102.25764 | H65: ='[4]Inflow Crushed Fine agg'!AQ$48 -> 103.18124 | I65: ='[4]Inflow Crushed Fine agg'!AR$48 -> 104.02854 | ... AA65: ='[4]Inflow Crushed Fine agg'!BJ$48 -> 119.80218
A66: Florida | B66: ='[4]Inflow Crushed Fine agg'!AK$58 -> 405.33324 | C66: ='[4]Inflow Crushed Fine agg'!AL$58 -> 418.57336 | D66: ='[4]Inflow Crushed Fine agg'!AM$58 -> 432.37988 | E66: ='[4]Inflow Crushed Fine agg'!AN$58 -> 446.87887 | F66: ='[4]Inflow Crushed Fine agg'!AO$58 -> 462.00051 | G66: ='[4]Inflow Crushed Fine agg'!AP$58 -> 477.87232 | H66: ='[4]Inflow Crushed Fine agg'!AQ$58 -> 494.35238 | I66: ='[4]Inflow Crushed Fine agg'!AR$58 -> 511.62897 | ... AA66: ='[4]Inflow Crushed Fine agg'!BJ$58 -> 879.2948
A67: Georgia | B67: ='[4]Inflow Crushed Fine agg'!AK$63 -> 205.12925 | C67: ='[4]Inflow Crushed Fine agg'!AL$63 -> 207.14971 | D67: ='[4]Inflow Crushed Fine agg'!AM$63 -> 209.04083 | E67: ='[4]Inflow Crushed Fine agg'!AN$63 -> 210.84303 | F67: ='[4]Inflow Crushed Fine agg'!AO$63 -> 212.50292 | G67: ='[4]Inflow Crushed Fine agg'!AP$63 -> 214.06073 | H67: ='[4]Inflow Crushed Fine agg'!AQ$63 -> 215.42928 | I67: ='[4]Inflow Crushed Fine agg'!AR$63 -> 216.67878 | ... AA67: ='[4]Inflow Crushed Fine agg'!BJ$63 -> 232.44145
A68: Hawaii | B68: ='[4]Inflow Crushed Fine agg'!AK$68 -> 152.11067 | C68: ='[4]Inflow Crushed Fine agg'!AL$68 -> 153.4823 | D68: ='[4]Inflow Crushed Fine agg'!AM$68 -> 154.73797 | E68: ='[4]Inflow Crushed Fine agg'!AN$68 -> 155.90703 | F68: ='[4]Inflow Crushed Fine agg'!AO$68 -> 156.94492 | G68: ='[4]Inflow Crushed Fine agg'!AP$68 -> 157.88281 | H68: ='[4]Inflow Crushed Fine agg'!AQ$68 -> 158.65209 | I68: ='[4]Inflow Crushed Fine agg'!AR$68 -> 159.31057 | ... AA68: ='[4]Inflow Crushed Fine agg'!BJ$68 -> 181.34762
A69: Idaho | B69: ='[4]Inflow Crushed Fine agg'!AK$73 -> 114.41793 | C69: ='[4]Inflow Crushed Fine agg'!AL$73 -> 118.16789 | D69: ='[4]Inflow Crushed Fine agg'!AM$73 -> 122.08078 | E69: ='[4]Inflow Crushed Fine agg'!AN$73 -> 126.19358 | F69: ='[4]Inflow Crushed Fine agg'!AO$73 -> 130.49263 | G69: ='[4]Inflow Crushed Fine agg'!AP$73 -> 135.0188 | H69: ='[4]Inflow Crushed Fine agg'!AQ$73 -> 139.74348 | I69: ='[4]Inflow Crushed Fine agg'!AR$73 -> 144.72925 | ... AA69: ='[4]Inflow Crushed Fine agg'!BJ$73 -> 304.46711
A70: Illinois | B70: ='[4]Inflow Crushed Fine agg'!AK$78 -> 125.8933 | C70: ='[4]Inflow Crushed Fine agg'!AL$78 -> 127.12976 | D70: ='[4]Inflow Crushed Fine agg'!AM$78 -> 128.30632 | E70: ='[4]Inflow Crushed Fine agg'!AN$78 -> 129.44705 | F70: ='[4]Inflow Crushed Fine agg'!AO$78 -> 130.51542 | G70: ='[4]Inflow Crushed Fine agg'!AP$78 -> 131.53536 | H70: ='[4]Inflow Crushed Fine agg'!AQ$78 -> 132.44931 | I70: ='[4]Inflow Crushed Fine agg'!AR$78 -> 133.30122 | ... AA70: ='[4]Inflow Crushed Fine agg'!BJ$78 -> 160.61394
A71: Indiana | B71: ='[4]Inflow Crushed Fine agg'!AK$83 -> 71.076969 | C71: ='[4]Inflow Crushed Fine agg'!AL$83 -> 71.727437 | D71: ='[4]Inflow Crushed Fine agg'!AM$83 -> 72.327974 | E71: ='[4]Inflow Crushed Fine agg'!AN$83 -> 72.892453 | F71: ='[4]Inflow Crushed Fine agg'!AO$83 -> 73.39871 | G71: ='[4]Inflow Crushed Fine agg'!AP$83 -> 73.860792 | H71: ='[4]Inflow Crushed Fine agg'!AQ$83 -> 74.244134 | I71: ='[4]Inflow Crushed Fine agg'!AR$83 -> 74.574785 | ... AA71: ='[4]Inflow Crushed Fine agg'!BJ$83 -> 84.488103
A72: Iowa | B72: ='[4]Inflow Crushed Fine agg'!AK$88 -> 756.46797 | C72: ='[4]Inflow Crushed Fine agg'!AL$88 -> 761.49702 | D72: ='[4]Inflow Crushed Fine agg'!AM$88 -> 766.11389 | E72: ='[4]Inflow Crushed Fine agg'!AN$88 -> 770.5138 | F72: ='[4]Inflow Crushed Fine agg'!AO$88 -> 774.46505 | G72: ='[4]Inflow Crushed Fine agg'!AP$88 -> 778.16447 | H72: ='[4]Inflow Crushed Fine agg'!AQ$88 -> 781.23636 | I72: ='[4]Inflow Crushed Fine agg'!AR$88 -> 784.01753 | ... AA72: ='[4]Inflow Crushed Fine agg'!BJ$88 -> 934.77792
A73: Kansas | B73: ='[4]Inflow Crushed Fine agg'!AK$93 -> 1266.9993 | C73: ='[4]Inflow Crushed Fine agg'!AL$93 -> 1276.4534 | D73: ='[4]Inflow Crushed Fine agg'!AM$93 -> 1285.0447 | E73: ='[4]Inflow Crushed Fine agg'!AN$93 -> 1293.0675 | F73: ='[4]Inflow Crushed Fine agg'!AO$93 -> 1300.1166 | G73: ='[4]Inflow Crushed Fine agg'!AP$93 -> 1306.4892 | H73: ='[4]Inflow Crushed Fine agg'!AQ$93 -> 1311.5474 | I73: ='[4]Inflow Crushed Fine agg'!AR$93 -> 1315.8228 | ... AA73: ='[4]Inflow Crushed Fine agg'!BJ$93 -> 1495.4093
A74: Kentucky | B74: ='[4]Inflow Crushed Fine agg'!AK$98 -> 71.667659 | C74: ='[4]Inflow Crushed Fine agg'!AL$98 -> 72.3883 | D74: ='[4]Inflow Crushed Fine agg'!AM$98 -> 73.071622 | E74: ='[4]Inflow Crushed Fine agg'!AN$98 -> 73.731495 | F74: ='[4]Inflow Crushed Fine agg'!AO$98 -> 74.34705 | G74: ='[4]Inflow Crushed Fine agg'!AP$98 -> 74.932185 | H74: ='[4]Inflow Crushed Fine agg'!AQ$98 -> 75.453941 | I74: ='[4]Inflow Crushed Fine agg'!AR$98 -> 75.937653 | ... AA74: ='[4]Inflow Crushed Fine agg'!BJ$98 -> 90.472112
A75: Louisiana | B75: ='[4]Inflow Crushed Fine agg'!AK$103 -> 1797.2521 | C75: ='[4]Inflow Crushed Fine agg'!AL$103 -> 1810.2446 | D75: ='[4]Inflow Crushed Fine agg'!AM$103 -> 1822.4792 | E75: ='[4]Inflow Crushed Fine agg'!AN$103 -> 1834.3492 | F75: ='[4]Inflow Crushed Fine agg'!AO$103 -> 1845.318 | G75: ='[4]Inflow Crushed Fine agg'!AP$103 -> 1855.7581 | H75: ='[4]Inflow Crushed Fine agg'!AQ$103 -> 1864.8037 | I75: ='[4]Inflow Crushed Fine agg'!AR$103 -> 1873.1189 | ... AA75: ='[4]Inflow Crushed Fine agg'!BJ$103 -> 2268.7962
A76: Maine | B76: ='[4]Inflow Crushed Fine agg'!AK$108 -> 94.663223 | C76: ='[4]Inflow Crushed Fine agg'!AL$108 -> 96.329946 | D76: ='[4]Inflow Crushed Fine agg'!AM$108 -> 97.978976 | E76: ='[4]Inflow Crushed Fine agg'!AN$108 -> 99.625122 | F76: ='[4]Inflow Crushed Fine agg'!AO$108 -> 101.24287 | G76: ='[4]Inflow Crushed Fine agg'!AP$108 -> 102.84574 | H76: ='[4]Inflow Crushed Fine agg'!AQ$108 -> 104.3932 | I76: ='[4]Inflow Crushed Fine agg'!AR$108 -> 105.91096 | ... AA76: ='[4]Inflow Crushed Fine agg'!BJ$108 -> 145.49355
A77: Maryland | B77: ='[4]Inflow Crushed Fine agg'!AK$113 -> 642.68104 | C77: ='[4]Inflow Crushed Fine agg'!AL$113 -> 652.70083 | D77: ='[4]Inflow Crushed Fine agg'!AM$113 -> 662.40514 | E77: ='[4]Inflow Crushed Fine agg'!AN$113 -> 671.89528 | F77: ='[4]Inflow Crushed Fine agg'!AO$113 -> 680.98412 | G77: ='[4]Inflow Crushed Fine agg'!AP$113 -> 689.77452 | H77: ='[4]Inflow Crushed Fine agg'!AQ$113 -> 697.97813 | I77: ='[4]Inflow Crushed Fine agg'!AR$113 -> 705.79701 | ... AA77: ='[4]Inflow Crushed Fine agg'!BJ$113 -> 907.65048
A78: Massachusetts | B78: ='[4]Inflow Crushed Fine agg'!AK$118 -> 459.00534 | C78: ='[4]Inflow Crushed Fine agg'!AL$118 -> 465.59708 | D78: ='[4]Inflow Crushed Fine agg'!AM$118 -> 472.00695 | E78: ='[4]Inflow Crushed Fine agg'!AN$118 -> 478.3504 | F78: ='[4]Inflow Crushed Fine agg'!AO$118 -> 484.48936 | G78: ='[4]Inflow Crushed Fine agg'!AP$118 -> 490.54432 | H78: ='[4]Inflow Crushed Fine agg'!AQ$118 -> 496.2922 | I78: ='[4]Inflow Crushed Fine agg'!AR$118 -> 501.93787 | ... AA78: ='[4]Inflow Crushed Fine agg'!BJ$118 -> 676.84234
A79: Michigan | B79: ='[4]Inflow Crushed Fine agg'!AK$123 -> 97.166204 | C79: ='[4]Inflow Crushed Fine agg'!AL$123 -> 98.121974 | D79: ='[4]Inflow Crushed Fine agg'!AM$123 -> 99.019997 | E79: ='[4]Inflow Crushed Fine agg'!AN$123 -> 99.879963 | F79: ='[4]Inflow Crushed Fine agg'!AO$123 -> 100.67391 | G79: ='[4]Inflow Crushed Fine agg'!AP$123 -> 101.42177 | H79: ='[4]Inflow Crushed Fine agg'!AQ$123 -> 102.07896 | I79: ='[4]Inflow Crushed Fine agg'!AR$123 -> 102.68068 | ... AA79: ='[4]Inflow Crushed Fine agg'!BJ$123 -> 116.73817
A80: Minnesota | B80: ='[4]Inflow Crushed Fine agg'!AK$128 -> 859.66772 | C80: ='[4]Inflow Crushed Fine agg'!AL$128 -> 868.45013 | D80: ='[4]Inflow Crushed Fine agg'!AM$128 -> 876.87179 | E80: ='[4]Inflow Crushed Fine agg'!AN$128 -> 885.12536 | F80: ='[4]Inflow Crushed Fine agg'!AO$128 -> 892.95495 | G80: ='[4]Inflow Crushed Fine agg'!AP$128 -> 900.55269 | H80: ='[4]Inflow Crushed Fine agg'!AQ$128 -> 907.50687 | I80: ='[4]Inflow Crushed Fine agg'!AR$128 -> 914.15302 | ... AA80: ='[4]Inflow Crushed Fine agg'!BJ$128 -> 1120.0446
A81: Mississippi | B81: ='[4]Inflow Crushed Fine agg'!AK$133 -> 47.78172 | C81: ='[4]Inflow Crushed Fine agg'!AL$133 -> 48.182289 | D81: ='[4]Inflow Crushed Fine agg'!AM$133 -> 48.552611 | E81: ='[4]Inflow Crushed Fine agg'!AN$133 -> 48.902775 | F81: ='[4]Inflow Crushed Fine agg'!AO$133 -> 49.218135 | G81: ='[4]Inflow Crushed Fine agg'!AP$133 -> 49.508796 | H81: ='[4]Inflow Crushed Fine agg'!AQ$133 -> 49.751666 | I81: ='[4]Inflow Crushed Fine agg'!AR$133 -> 49.965007 | ... AA81: ='[4]Inflow Crushed Fine agg'!BJ$133 -> 57.60376
A82: Missouri | B82: ='[4]Inflow Crushed Fine agg'!AK$138 -> 1746.0748 | C82: ='[4]Inflow Crushed Fine agg'!AL$138 -> 1779.9304 | D82: ='[4]Inflow Crushed Fine agg'!AM$138 -> 1811.9899 | E82: ='[4]Inflow Crushed Fine agg'!AN$138 -> 1842.7713 | F82: ='[4]Inflow Crushed Fine agg'!AO$138 -> 1871.7009 | G82: ='[4]Inflow Crushed Fine agg'!AP$138 -> 1899.2845 | H82: ='[4]Inflow Crushed Fine agg'!AQ$138 -> 1924.5793 | I82: ='[4]Inflow Crushed Fine agg'!AR$138 -> 1948.4348 | ... AA82: ='[4]Inflow Crushed Fine agg'!BJ$138 -> 2446.1811
A83: Montana | B83: ='[4]Inflow Crushed Fine agg'!AK$143 -> 60.76199 | C83: ='[4]Inflow Crushed Fine agg'!AL$143 -> 61.873778 | D83: ='[4]Inflow Crushed Fine agg'!AM$143 -> 63.047215 | E83: ='[4]Inflow Crushed Fine agg'!AN$143 -> 64.30539 | F83: ='[4]Inflow Crushed Fine agg'!AO$143 -> 65.643456 | G83: ='[4]Inflow Crushed Fine agg'!AP$143 -> 67.086738 | H83: ='[4]Inflow Crushed Fine agg'!AQ$143 -> 68.622401 | I83: ='[4]Inflow Crushed Fine agg'!AR$143 -> 70.28747 | ... AA83: ='[4]Inflow Crushed Fine agg'!BJ$143 -> 135.48153
A84: Nebraska | B84: ='[4]Inflow Crushed Fine agg'!AK$148 -> 512.17393 | C84: ='[4]Inflow Crushed Fine agg'!AL$148 -> 515.48734 | D84: ='[4]Inflow Crushed Fine agg'!AM$148 -> 518.49205 | E84: ='[4]Inflow Crushed Fine agg'!AN$148 -> 521.31502 | F84: ='[4]Inflow Crushed Fine agg'!AO$148 -> 523.79274 | G84: ='[4]Inflow Crushed Fine agg'!AP$148 -> 526.05524 | H84: ='[4]Inflow Crushed Fine agg'!AQ$148 -> 527.84478 | I84: ='[4]Inflow Crushed Fine agg'!AR$148 -> 529.39228 | ... AA84: ='[4]Inflow Crushed Fine agg'!BJ$148 -> 631.85489
A85: Nevada | B85: ='[4]Inflow Crushed Fine agg'!AK$153 -> 557.00249 | C85: ='[4]Inflow Crushed Fine agg'!AL$153 -> 562.00879 | D85: ='[4]Inflow Crushed Fine agg'!AM$153 -> 566.55223 | E85: ='[4]Inflow Crushed Fine agg'!AN$153 -> 570.77462 | F85: ='[4]Inflow Crushed Fine agg'!AO$153 -> 574.47003 | G85: ='[4]Inflow Crushed Fine agg'!AP$153 -> 577.78754 | H85: ='[4]Inflow Crushed Fine agg'!AQ$153 -> 580.40965 | I85: ='[4]Inflow Crushed Fine agg'!AR$153 -> 582.60659 | ... AA85: ='[4]Inflow Crushed Fine agg'!BJ$153 -> 668.34647
A86: New Hampshire | B86: ='[4]Inflow Crushed Fine agg'!AK$158 -> 110.9386 | C86: ='[4]Inflow Crushed Fine agg'!AL$158 -> 112.25104 | D86: ='[4]Inflow Crushed Fine agg'!AM$158 -> 113.49778 | E86: ='[4]Inflow Crushed Fine agg'!AN$158 -> 114.69923 | F86: ='[4]Inflow Crushed Fine agg'!AO$158 -> 115.8172 | G86: ='[4]Inflow Crushed Fine agg'!AP$158 -> 116.87044 | H86: ='[4]Inflow Crushed Fine agg'!AQ$158 -> 117.79946 | I86: ='[4]Inflow Crushed Fine agg'!AR$158 -> 118.64071 | ... AA86: ='[4]Inflow Crushed Fine agg'!BJ$158 -> 138.87464
A87: New Jersey | B87: ='[4]Inflow Crushed Fine agg'!AK$163 -> 631.84246 | C87: ='[4]Inflow Crushed Fine agg'!AL$163 -> 640.28175 | D87: ='[4]Inflow Crushed Fine agg'!AM$163 -> 648.43271 | E87: ='[4]Inflow Crushed Fine agg'!AN$163 -> 656.44401 | F87: ='[4]Inflow Crushed Fine agg'!AO$163 -> 664.11176 | G87: ='[4]Inflow Crushed Fine agg'!AP$163 -> 671.58927 | H87: ='[4]Inflow Crushed Fine agg'!AQ$163 -> 678.55499 | I87: ='[4]Inflow Crushed Fine agg'!AR$163 -> 685.28159 | ... AA87: ='[4]Inflow Crushed Fine agg'!BJ$163 -> 903.89725
A88: New Mexico | B88: ='[4]Inflow Crushed Fine agg'!AK$168 -> 33.351041 | C88: ='[4]Inflow Crushed Fine agg'!AL$168 -> 33.65869 | D88: ='[4]Inflow Crushed Fine agg'!AM$168 -> 33.945031 | E88: ='[4]Inflow Crushed Fine agg'!AN$168 -> 34.216773 | F88: ='[4]Inflow Crushed Fine agg'!AO$168 -> 34.463934 | G88: ='[4]Inflow Crushed Fine agg'!AP$168 -> 34.693184 | H88: ='[4]Inflow Crushed Fine agg'!AQ$168 -> 34.888714 | I88: ='[4]Inflow Crushed Fine agg'!AR$168 -> 35.062556 | ... AA88: ='[4]Inflow Crushed Fine agg'!BJ$168 -> 39.647198
A89: New York | B89: ='[4]Inflow Crushed Fine agg'!AK$173 -> 1115.9771 | C89: ='[4]Inflow Crushed Fine agg'!AL$173 -> 1130.9893 | D89: ='[4]Inflow Crushed Fine agg'!AM$173 -> 1145.7202 | E89: ='[4]Inflow Crushed Fine agg'!AN$173 -> 1160.4392 | F89: ='[4]Inflow Crushed Fine agg'!AO$173 -> 1174.8256 | G89: ='[4]Inflow Crushed Fine agg'!AP$173 -> 1189.1555 | H89: ='[4]Inflow Crushed Fine agg'!AQ$173 -> 1202.9101 | I89: ='[4]Inflow Crushed Fine agg'!AR$173 -> 1216.5666 | ... AA89: ='[4]Inflow Crushed Fine agg'!BJ$173 -> 1709.8489
A90: North Carolina | B90: ='[4]Inflow Crushed Fine agg'!AK$178 -> 153.44215 | C90: ='[4]Inflow Crushed Fine agg'!AL$178 -> 155.37672 | D90: ='[4]Inflow Crushed Fine agg'!AM$178 -> 157.21982 | E90: ='[4]Inflow Crushed Fine agg'!AN$178 -> 158.99729 | F90: ='[4]Inflow Crushed Fine agg'!AO$178 -> 160.66372 | G90: ='[4]Inflow Crushed Fine agg'!AP$178 -> 162.24457 | H90: ='[4]Inflow Crushed Fine agg'!AQ$178 -> 163.66867 | I90: ='[4]Inflow Crushed Fine agg'!AR$178 -> 164.98438 | ... AA90: ='[4]Inflow Crushed Fine agg'!BJ$178 -> 195.1847
A91: North Dakota | B91: ='[4]Inflow Crushed Fine agg'!AK$183 -> 173.29729 | C91: ='[4]Inflow Crushed Fine agg'!AL$183 -> 174.22639 | D91: ='[4]Inflow Crushed Fine agg'!AM$183 -> 175.04992 | E91: ='[4]Inflow Crushed Fine agg'!AN$183 -> 175.81178 | F91: ='[4]Inflow Crushed Fine agg'!AO$183 -> 176.44675 | G91: ='[4]Inflow Crushed Fine agg'!AP$183 -> 176.99823 | H91: ='[4]Inflow Crushed Fine agg'!AQ$183 -> 177.3642 | I91: ='[4]Inflow Crushed Fine agg'!AR$183 -> 177.62428 | ... AA91: ='[4]Inflow Crushed Fine agg'!BJ$183 -> 220.74665
A92: Ohio | B92: ='[4]Inflow Crushed Fine agg'!AK$188 -> 125.41104 | C92: ='[4]Inflow Crushed Fine agg'!AL$188 -> 126.52183 | D92: ='[4]Inflow Crushed Fine agg'!AM$188 -> 127.55491 | E92: ='[4]Inflow Crushed Fine agg'!AN$188 -> 128.535 | F92: ='[4]Inflow Crushed Fine agg'!AO$188 -> 129.42311 | G92: ='[4]Inflow Crushed Fine agg'!AP$188 -> 130.24356 | H92: ='[4]Inflow Crushed Fine agg'!AQ$188 -> 130.93517 | I92: ='[4]Inflow Crushed Fine agg'!AR$188 -> 131.5427 | ... AA92: ='[4]Inflow Crushed Fine agg'!BJ$188 -> 148.47551
A93: Oklahoma | B93: ='[4]Inflow Crushed Fine agg'!AK$193 -> 1279.0747 | C93: ='[4]Inflow Crushed Fine agg'!AL$193 -> 1291.3528 | D93: ='[4]Inflow Crushed Fine agg'!AM$193 -> 1302.9504 | E93: ='[4]Inflow Crushed Fine agg'!AN$193 -> 1314.1582 | F93: ='[4]Inflow Crushed Fine agg'!AO$193 -> 1324.5776 | G93: ='[4]Inflow Crushed Fine agg'!AP$193 -> 1334.5065 | H93: ='[4]Inflow Crushed Fine agg'!AQ$193 -> 1343.3149 | I93: ='[4]Inflow Crushed Fine agg'!AR$193 -> 1351.5367 | ... AA93: ='[4]Inflow Crushed Fine agg'!BJ$193 -> 1705.8345
A94: Oregon | B94: ='[4]Inflow Crushed Fine agg'!AK$198 -> 174.64335 | C94: ='[4]Inflow Crushed Fine agg'!AL$198 -> 176.75758 | D94: ='[4]Inflow Crushed Fine agg'!AM$198 -> 178.75513 | E94: ='[4]Inflow Crushed Fine agg'!AN$198 -> 180.67062 | F94: ='[4]Inflow Crushed Fine agg'!AO$198 -> 182.44274 | G94: ='[4]Inflow Crushed Fine agg'!AP$198 -> 184.10593 | H94: ='[4]Inflow Crushed Fine agg'!AQ$198 -> 185.56644 | I94: ='[4]Inflow Crushed Fine agg'!AR$198 -> 186.89074 | ... AA94: ='[4]Inflow Crushed Fine agg'!BJ$198 -> 219.28142
A95: Pennsylvania | B95: ='[4]Inflow Crushed Fine agg'!AK$203 -> 1220.0387 | C95: ='[4]Inflow Crushed Fine agg'!AL$203 -> 1231.1903 | D95: ='[4]Inflow Crushed Fine agg'!AM$203 -> 1241.5837 | E95: ='[4]Inflow Crushed Fine agg'!AN$203 -> 1251.4845 | F95: ='[4]Inflow Crushed Fine agg'!AO$203 -> 1260.4991 | G95: ='[4]Inflow Crushed Fine agg'!AP$203 -> 1268.8888 | H95: ='[4]Inflow Crushed Fine agg'!AQ$203 -> 1276.0318 | I95: ='[4]Inflow Crushed Fine agg'!AR$203 -> 1282.3994 | ... AA95: ='[4]Inflow Crushed Fine agg'!BJ$203 -> 1477.7431
A96: Rhode Island | B96: ='[4]Inflow Crushed Fine agg'!AK$208 -> 53.50761 | C96: ='[4]Inflow Crushed Fine agg'!AL$208 -> 54.393027 | D96: ='[4]Inflow Crushed Fine agg'!AM$208 -> 55.265704 | E96: ='[4]Inflow Crushed Fine agg'!AN$208 -> 56.139274 | F96: ='[4]Inflow Crushed Fine agg'!AO$208 -> 56.997563 | G96: ='[4]Inflow Crushed Fine agg'!AP$208 -> 57.855527 | H96: ='[4]Inflow Crushed Fine agg'!AQ$208 -> 58.687893 | I96: ='[4]Inflow Crushed Fine agg'!AR$208 -> 59.520977 | ... AA96: ='[4]Inflow Crushed Fine agg'!BJ$208 -> 90.197619
A97: South Carolina | B97: ='[4]Inflow Crushed Fine agg'!AK$213 -> 82.569413 | C97: ='[4]Inflow Crushed Fine agg'!AL$213 -> 84.097687 | D97: ='[4]Inflow Crushed Fine agg'!AM$213 -> 85.606954 | E97: ='[4]Inflow Crushed Fine agg'!AN$213 -> 87.111492 | F97: ='[4]Inflow Crushed Fine agg'!AO$213 -> 88.588524 | G97: ='[4]Inflow Crushed Fine agg'!AP$213 -> 90.05272 | H97: ='[4]Inflow Crushed Fine agg'!AQ$213 -> 91.468248 | I97: ='[4]Inflow Crushed Fine agg'!AR$213 -> 92.862481 | ... AA97: ='[4]Inflow Crushed Fine agg'!BJ$213 -> 130.23552
A98: South Dakota | B98: ='[4]Inflow Crushed Fine agg'!AK$218 -> 164.23964 | C98: ='[4]Inflow Crushed Fine agg'!AL$218 -> 165.80004 | D98: ='[4]Inflow Crushed Fine agg'!AM$218 -> 167.31384 | E98: ='[4]Inflow Crushed Fine agg'!AN$218 -> 168.8347 | F98: ='[4]Inflow Crushed Fine agg'!AO$218 -> 170.31181 | G98: ='[4]Inflow Crushed Fine agg'!AP$218 -> 171.80265 | H98: ='[4]Inflow Crushed Fine agg'!AQ$218 -> 173.22385 | I98: ='[4]Inflow Crushed Fine agg'!AR$218 -> 174.67093 | ... AA98: ='[4]Inflow Crushed Fine agg'!BJ$218 -> 255.24727
A99: Tennessee | B99: ='[4]Inflow Crushed Fine agg'!AK$223 -> 115.50868 | C99: ='[4]Inflow Crushed Fine agg'!AL$223 -> 117.02491 | D99: ='[4]Inflow Crushed Fine agg'!AM$223 -> 118.46338 | E99: ='[4]Inflow Crushed Fine agg'!AN$223 -> 119.84412 | F99: ='[4]Inflow Crushed Fine agg'!AO$223 -> 121.13159 | G99: ='[4]Inflow Crushed Fine agg'!AP$223 -> 122.34586 | H99: ='[4]Inflow Crushed Fine agg'!AQ$223 -> 123.4318 | I99: ='[4]Inflow Crushed Fine agg'!AR$223 -> 124.4278 | ... AA99: ='[4]Inflow Crushed Fine agg'!BJ$223 -> 146.11011
A100: Texas | B100: ='[4]Inflow Crushed Fine agg'!AK$228 -> 10041.767 | C100: ='[4]Inflow Crushed Fine agg'!AL$228 -> 10246.553 | D100: ='[4]Inflow Crushed Fine agg'!AM$228 -> 10460.685 | E100: ='[4]Inflow Crushed Fine agg'!AN$228 -> 10688.193 | F100: ='[4]Inflow Crushed Fine agg'!AO$228 -> 10927.568 | G100: ='[4]Inflow Crushed Fine agg'!AP$228 -> 11183.193 | H100: ='[4]Inflow Crushed Fine agg'!AQ$228 -> 11451.894 | I100: ='[4]Inflow Crushed Fine agg'!AR$228 -> 11740.197 | ... AA100: ='[4]Inflow Crushed Fine agg'!BJ$228 -> 20575.69
A101: Utah | B101: ='[4]Inflow Crushed Fine agg'!AK$233 -> 62.741202 | C101: ='[4]Inflow Crushed Fine agg'!AL$233 -> 64.213146 | D101: ='[4]Inflow Crushed Fine agg'!AM$233 -> 65.712848 | E101: ='[4]Inflow Crushed Fine agg'!AN$233 -> 67.256681 | F101: ='[4]Inflow Crushed Fine agg'!AO$233 -> 68.833533 | G101: ='[4]Inflow Crushed Fine agg'!AP$233 -> 70.460805 | H101: ='[4]Inflow Crushed Fine agg'!AQ$233 -> 72.118433 | I101: ='[4]Inflow Crushed Fine agg'!AR$233 -> 73.833858 | ... AA101: ='[4]Inflow Crushed Fine agg'!BJ$233 -> 113.07542
A102: Vermont | B102: ='[4]Inflow Crushed Fine agg'!AK$238 -> 48.416239 | C102: ='[4]Inflow Crushed Fine agg'!AL$238 -> 48.958497 | D102: ='[4]Inflow Crushed Fine agg'!AM$238 -> 49.481967 | E102: ='[4]Inflow Crushed Fine agg'!AN$238 -> 49.997294 | F102: ='[4]Inflow Crushed Fine agg'!AO$238 -> 50.489397 | G102: ='[4]Inflow Crushed Fine agg'!AP$238 -> 50.968668 | H102: ='[4]Inflow Crushed Fine agg'!AQ$238 -> 51.411 | I102: ='[4]Inflow Crushed Fine agg'!AR$238 -> 51.834958 | ... AA102: ='[4]Inflow Crushed Fine agg'!BJ$238 -> 66.036644
...

Sheet 4. Fly ash demand
A1: Projected fly ash demand per US state (thousand metric tons)
B3: 2025 | C3: 2026 | D3: 2027 | E3: 2028 | F3: 2029 | G3: 2030 | H3: 2031 | I3: 2032 | J3: 2033 | K3: 2034 | L3: 2035 | M3: 2036 | N3: 2037 | O3: 2038 | P3: 2039 | Q3: 2040 | R3: 2041 | S3: 2042 | T3: 2043 | U3: 2044 | V3: 2045 | W3: 2046 | X3: 2047 | Y3: 2048 | Z3: 2049 | AA3: 2050
A4: USA | B4: ='[5]NRMCA mixture National'!$O$56*'[4]Inflow Cement results3'!CR8 -> 16264.45 | C4: ='[5]NRMCA mixture National'!$O$56*'[4]Inflow Cement results3'!CS8 -> 16413.336 | D4: ='[5]NRMCA mixture National'!$O$56*'[4]Inflow Cement results3'!CT8 -> 16553.726 | E4: ='[5]NRMCA mixture National'!$O$56*'[4]Inflow Cement results3'!CU8 -> 16688.958 | F4: ='[5]NRMCA mixture National'!$O$56*'[4]Inflow Cement results3'!CV8 -> 16814.149 | G4: ='[5]NRMCA mixture National'!$O$56*'[4]Inflow Cement results3'!CW8 -> 16932.686 | H4: ='[5]NRMCA mixture National'!$O$56*'[4]Inflow Cement results3'!CX8 -> 17036.878 | I4: ='[5]NRMCA mixture National'!$O$56*'[4]Inflow Cement results3'!CY8 -> 17132.883 | ... AA4: ='[5]NRMCA mixture National'!$O$56*'[4]Inflow Cement results3'!DQ8 -> 20543.03
A5: Alabama | B5: ='[5]NRMCA mixture South Eastern'!$O$56*'[4]Inflow Cement results3'!CR13 -> 280.58941 | C5: ='[5]NRMCA mixture South Eastern'!$O$56*'[4]Inflow Cement results3'!CS13 -> 283.40835 | D5: ='[5]NRMCA mixture South Eastern'!$O$56*'[4]Inflow Cement results3'!CT13 -> 286.03751 | E5: ='[5]NRMCA mixture South Eastern'!$O$56*'[4]Inflow Cement results3'!CU13 -> 288.52938 | F5: ='[5]NRMCA mixture South Eastern'!$O$56*'[4]Inflow Cement results3'!CV13 -> 290.79756 | G5: ='[5]NRMCA mixture South Eastern'!$O$56*'[4]Inflow Cement results3'!CW13 -> 292.89602 | H5: ='[5]NRMCA mixture South Eastern'!$O$56*'[4]Inflow Cement results3'!CX13 -> 294.69143 | I5: ='[5]NRMCA mixture South Eastern'!$O$56*'[4]Inflow Cement results3'!CY13 -> 296.28556 | ... AA5: ='[5]NRMCA mixture South Eastern'!$O$56*'[4]Inflow Cement results3'!DQ13 -> 340.8438
A6: Alaska | B6: ='[5]NRMCA mixture National'!$O$56*'[4]Inflow Cement results3'!CR18 -> 70.673313 | C6: ='[5]NRMCA mixture National'!$O$56*'[4]Inflow Cement results3'!CS18 -> 71.38092 | D6: ='[5]NRMCA mixture National'!$O$56*'[4]Inflow Cement results3'!CT18 -> 72.029235 | E6: ='[5]NRMCA mixture National'!$O$56*'[4]Inflow Cement results3'!CU18 -> 72.635834 | F6: ='[5]NRMCA mixture National'!$O$56*'[4]Inflow Cement results3'!CV18 -> 73.17204 | G6: ='[5]NRMCA mixture National'!$O$56*'[4]Inflow Cement results3'!CW18 -> 73.656555 | H6: ='[5]NRMCA mixture National'!$O$56*'[4]Inflow Cement results3'!CX18 -> 74.046185 | I6: ='[5]NRMCA mixture National'!$O$56*'[4]Inflow Cement results3'!CY18 -> 74.376271 | ... AA6: ='[5]NRMCA mixture National'!$O$56*'[4]Inflow Cement results3'!DQ18 -> 87.774119
A7: Arizona | B7: ='[5]NRMCA mixture Pacific SW'!$O$56*'[4]Inflow Cement results3'!CR23 -> 403.12461 | C7: ='[5]NRMCA mixture Pacific SW'!$O$56*'[4]Inflow Cement results3'!CS23 -> 413.346 | D7: ='[5]NRMCA mixture Pacific SW'!$O$56*'[4]Inflow Cement results3'!CT23 -> 423.72491 | E7: ='[5]NRMCA mixture Pacific SW'!$O$56*'[4]Inflow Cement results3'!CU23 -> 434.34566 | F7: ='[5]NRMCA mixture Pacific SW'!$O$56*'[4]Inflow Cement results3'!CV23 -> 445.08837 | G7: ='[5]NRMCA mixture Pacific SW'!$O$56*'[4]Inflow Cement results3'!CW23 -> 456.03102 | H7: ='[5]NRMCA mixture Pacific SW'!$O$56*'[4]Inflow Cement results3'!CX23 -> 466.9728 | I7: ='[5]NRMCA mixture Pacific SW'!$O$56*'[4]Inflow Cement results3'!CY23 -> 478.04534 | ... AA7: ='[5]NRMCA mixture Pacific SW'!$O$56*'[4]Inflow Cement results3'!DQ23 -> 622.60686
A8: Arkansas | B8: ='[5]NRMCA mixture South Central'!$O$56*'[4]Inflow Cement results3'!CR28 -> 244.05205 | C8: ='[5]NRMCA mixture South Central'!$O$56*'[4]Inflow Cement results3'!CS28 -> 246.68038 | D8: ='[5]NRMCA mixture South Central'!$O$56*'[4]Inflow Cement results3'!CT28 -> 249.2393 | E8: ='[5]NRMCA mixture South Central'!$O$56*'[4]Inflow Cement results3'!CU28 -> 251.78049 | F8: ='[5]NRMCA mixture South Central'!$O$56*'[4]Inflow Cement results3'!CV28 -> 254.24098 | G8: ='[5]NRMCA mixture South Central'!$O$56*'[4]Inflow Cement results3'!CW28 -> 256.67144 | H8: ='[5]NRMCA mixture South Central'!$O$56*'[4]Inflow Cement results3'!CX28 -> 258.96826 | I8: ='[5]NRMCA mixture South Central'!$O$56*'[4]Inflow Cement results3'!CY28 -> 261.21861 | ... AA8: ='[5]NRMCA mixture South Central'!$O$56*'[4]Inflow Cement results3'!DQ28 -> 337.18111
A9: California | B9: ='[5]NRMCA mixture Pacific SW'!$O$56*'[4]Inflow Cement results3'!CR33 -> 1440.1537 | C9: ='[5]NRMCA mixture Pacific SW'!$O$56*'[4]Inflow Cement results3'!CS33 -> 1453.607 | D9: ='[5]NRMCA mixture Pacific SW'!$O$56*'[4]Inflow Cement results3'!CT33 -> 1466.5543 | E9: ='[5]NRMCA mixture Pacific SW'!$O$56*'[4]Inflow Cement results3'!CU33 -> 1479.3088 | F9: ='[5]NRMCA mixture Pacific SW'!$O$56*'[4]Inflow Cement results3'!CV33 -> 1491.4969 | G9: ='[5]NRMCA mixture Pacific SW'!$O$56*'[4]Inflow Cement results3'!CW33 -> 1503.4432 | H9: ='[5]NRMCA mixture Pacific SW'!$O$56*'[4]Inflow Cement results3'!CX33 -> 1514.5433 | I9: ='[5]NRMCA mixture Pacific SW'!$O$56*'[4]Inflow Cement results3'!CY33 -> 1525.3606 | ... AA9: ='[5]NRMCA mixture Pacific SW'!$O$56*'[4]Inflow Cement results3'!DQ33 -> 1956.2377
A10: Colorado | B10: ='[5]NRMCA mixture Rocky Mountains'!$O$56*'[4]Inflow Cement results3'!CR38 -> 382.27545 | C10: ='[5]NRMCA mixture Rocky Mountains'!$O$56*'[4]Inflow Cement results3'!CS38 -> 387.39721 | D10: ='[5]NRMCA mixture Rocky Mountains'!$O$56*'[4]Inflow Cement results3'!CT38 -> 392.27955 | E10: ='[5]NRMCA mixture Rocky Mountains'!$O$56*'[4]Inflow Cement results3'!CU38 -> 396.99592 | F10: ='[5]NRMCA mixture Rocky Mountains'!$O$56*'[4]Inflow Cement results3'!CV38 -> 401.42438 | G10: ='[5]NRMCA mixture Rocky Mountains'!$O$56*'[4]Inflow Cement results3'!CW38 -> 405.64228 | H10: ='[5]NRMCA mixture Rocky Mountains'!$O$56*'[4]Inflow Cement results3'!CX38 -> 409.46243 | I10: ='[5]NRMCA mixture Rocky Mountains'!$O$56*'[4]Inflow Cement results3'!CY38 -> 413.03126 | ... AA10: ='[5]NRMCA mixture Rocky Mountains'!$O$56*'[4]Inflow Cement results3'!DQ38 -> 512.20588
A11: Connecticut | B11: ='[5]NRMCA mixture Eastern'!$O$56*'[4]Inflow Cement results3'!CR43 -> 57.516615 | C11: ='[5]NRMCA mixture Eastern'!$O$56*'[4]Inflow Cement results3'!CS43 -> 58.19982 | D11: ='[5]NRMCA mixture Eastern'!$O$56*'[4]Inflow Cement results3'!CT43 -> 58.843511 | E11: ='[5]NRMCA mixture Eastern'!$O$56*'[4]Inflow Cement results3'!CU43 -> 59.460746 | F11: ='[5]NRMCA mixture Eastern'!$O$56*'[4]Inflow Cement results3'!CV43 -> 60.031475 | G11: ='[5]NRMCA mixture Eastern'!$O$56*'[4]Inflow Cement results3'!CW43 -> 60.569031 | H11: ='[5]NRMCA mixture Eastern'!$O$56*'[4]Inflow Cement results3'!CX43 -> 61.042321 | I11: ='[5]NRMCA mixture Eastern'!$O$56*'[4]Inflow Cement results3'!CY43 -> 61.475844 | ... AA11: ='[5]NRMCA mixture Eastern'!$O$56*'[4]Inflow Cement results3'!DQ43 -> 76.187596
A12: Delaware | B12: ='[5]NRMCA mixture Eastern'!$O$56*'[4]Inflow Cement results3'!CR48 -> 21.398614 | C12: ='[5]NRMCA mixture Eastern'!$O$56*'[4]Inflow Cement results3'!CS48 -> 21.672711 | D12: ='[5]NRMCA mixture Eastern'!$O$56*'[4]Inflow Cement results3'!CT48 -> 21.935289 | E12: ='[5]NRMCA mixture Eastern'!$O$56*'[4]Inflow Cement results3'!CU48 -> 22.190387 | F12: ='[5]NRMCA mixture Eastern'!$O$56*'[4]Inflow Cement results3'!CV48 -> 22.430344 | G12: ='[5]NRMCA mixture Eastern'!$O$56*'[4]Inflow Cement results3'!CW48 -> 22.658709 | H12: ='[5]NRMCA mixture Eastern'!$O$56*'[4]Inflow Cement results3'!CX48 -> 22.863365 | I12: ='[5]NRMCA mixture Eastern'!$O$56*'[4]Inflow Cement results3'!CY48 -> 23.051114 | ... AA12: ='[5]NRMCA mixture Eastern'!$O$56*'[4]Inflow Cement results3'!DQ48 -> 26.546307
A13: Florida | B13: ='[5]NRMCA mixture South Eastern'!$O$56*'[4]Inflow Cement results3'!CR58 -> 1371.8111 | C13: ='[5]NRMCA mixture South Eastern'!$O$56*'[4]Inflow Cement results3'!CS58 -> 1416.621 | D13: ='[5]NRMCA mixture South Eastern'!$O$56*'[4]Inflow Cement results3'!CT58 -> 1463.3479 | E13: ='[5]NRMCA mixture South Eastern'!$O$56*'[4]Inflow Cement results3'!CU58 -> 1512.4183 | F13: ='[5]NRMCA mixture South Eastern'!$O$56*'[4]Inflow Cement results3'!CV58 -> 1563.596 | G13: ='[5]NRMCA mixture South Eastern'!$O$56*'[4]Inflow Cement results3'!CW58 -> 1617.3126 | H13: ='[5]NRMCA mixture South Eastern'!$O$56*'[4]Inflow Cement results3'!CX58 -> 1673.0878 | I13: ='[5]NRMCA mixture South Eastern'!$O$56*'[4]Inflow Cement results3'!CY58 -> 1731.5587 | ... AA13: ='[5]NRMCA mixture South Eastern'!$O$56*'[4]Inflow Cement results3'!DQ58 -> 2975.8882
A14: Georgia | B14: ='[5]NRMCA mixture South Eastern'!$O$56*'[4]Inflow Cement results3'!CR63 -> 694.2401 | C14: ='[5]NRMCA mixture South Eastern'!$O$56*'[4]Inflow Cement results3'!CS63 -> 701.07814 | D14: ='[5]NRMCA mixture South Eastern'!$O$56*'[4]Inflow Cement results3'!CT63 -> 707.47847 | E14: ='[5]NRMCA mixture South Eastern'!$O$56*'[4]Inflow Cement results3'!CU63 -> 713.57783 | F14: ='[5]NRMCA mixture South Eastern'!$O$56*'[4]Inflow Cement results3'!CV63 -> 719.19555 | G14: ='[5]NRMCA mixture South Eastern'!$O$56*'[4]Inflow Cement results3'!CW63 -> 724.46782 | H14: ='[5]NRMCA mixture South Eastern'!$O$56*'[4]Inflow Cement results3'!CX63 -> 729.09956 | I14: ='[5]NRMCA mixture South Eastern'!$O$56*'[4]Inflow Cement results3'!CY63 -> 733.32836 | ... AA14: ='[5]NRMCA mixture South Eastern'!$O$56*'[4]Inflow Cement results3'!DQ63 -> 786.67558
A15: Hawaii | B15: 0 | C15: 0 | D15: 0 | E15: 0 | F15: 0 | G15: 0 | H15: 0 | I15: 0 | J15: 0 | K15: 0 | L15: 0 | M15: 0 | N15: 0 | O15: 0 | P15: 0 | Q15: 0 | R15: 0 | S15: 0 | T15: 0 | U15: 0 | V15: 0 | W15: 0 | X15: 0 | Y15: 0 | Z15: 0 | AA15: 0
A16: Idaho | B16: ='[5]NRMCA mixture Pacific NW'!$O$56*'[4]Inflow Cement results3'!CR73 -> 160.24579 | C16: ='[5]NRMCA mixture Pacific NW'!$O$56*'[4]Inflow Cement results3'!CS73 -> 165.49772 | D16: ='[5]NRMCA mixture Pacific NW'!$O$56*'[4]Inflow Cement results3'!CT73 -> 170.97784 | E16: ='[5]NRMCA mixture Pacific NW'!$O$56*'[4]Inflow Cement results3'!CU73 -> 176.73793 | F16: ='[5]NRMCA mixture Pacific NW'!$O$56*'[4]Inflow Cement results3'!CV73 -> 182.75888 | G16: ='[5]NRMCA mixture Pacific NW'!$O$56*'[4]Inflow Cement results3'!CW73 -> 189.09793 | H16: ='[5]NRMCA mixture Pacific NW'!$O$56*'[4]Inflow Cement results3'!CX73 -> 195.71499 | I16: ='[5]NRMCA mixture Pacific NW'!$O$56*'[4]Inflow Cement results3'!CY73 -> 202.69771 | ... AA16: ='[5]NRMCA mixture Pacific NW'!$O$56*'[4]Inflow Cement results3'!DQ73 -> 426.41543
A17: Illinois | B17: ='[5]NRMCA mixture GL Midwest'!$O$56*'[4]Inflow Cement results3'!CR78 -> 410.41655 | C17: ='[5]NRMCA mixture GL Midwest'!$O$56*'[4]Inflow Cement results3'!CS78 -> 414.44744 | D17: ='[5]NRMCA mixture GL Midwest'!$O$56*'[4]Inflow Cement results3'!CT78 -> 418.28307 | E17: ='[5]NRMCA mixture GL Midwest'!$O$56*'[4]Inflow Cement results3'!CU78 -> 422.00189 | F17: ='[5]NRMCA mixture GL Midwest'!$O$56*'[4]Inflow Cement results3'!CV78 -> 425.48482 | G17: ='[5]NRMCA mixture GL Midwest'!$O$56*'[4]Inflow Cement results3'!CW78 -> 428.80986 | H17: ='[5]NRMCA mixture GL Midwest'!$O$56*'[4]Inflow Cement results3'!CX78 -> 431.78936 | I17: ='[5]NRMCA mixture GL Midwest'!$O$56*'[4]Inflow Cement results3'!CY78 -> 434.56663 | ... AA17: ='[5]NRMCA mixture GL Midwest'!$O$56*'[4]Inflow Cement results3'!DQ78 -> 523.60705
A18: Indiana | B18: ='[5]NRMCA mixture GL Midwest'!$O$56*'[4]Inflow Cement results3'!CR83 -> 231.7134 | C18: ='[5]NRMCA mixture GL Midwest'!$O$56*'[4]Inflow Cement results3'!CS83 -> 233.83394 | D18: ='[5]NRMCA mixture GL Midwest'!$O$56*'[4]Inflow Cement results3'!CT83 -> 235.79171 | E18: ='[5]NRMCA mixture GL Midwest'!$O$56*'[4]Inflow Cement results3'!CU83 -> 237.63193 | F18: ='[5]NRMCA mixture GL Midwest'!$O$56*'[4]Inflow Cement results3'!CV83 -> 239.28235 | G18: ='[5]NRMCA mixture GL Midwest'!$O$56*'[4]Inflow Cement results3'!CW83 -> 240.78875 | H18: ='[5]NRMCA mixture GL Midwest'!$O$56*'[4]Inflow Cement results3'!CX83 -> 242.03846 | I18: ='[5]NRMCA mixture GL Midwest'!$O$56*'[4]Inflow Cement results3'!CY83 -> 243.1164 | ... AA18: ='[5]NRMCA mixture GL Midwest'!$O$56*'[4]Inflow Cement results3'!DQ83 -> 275.43416
A19: Iowa | B19: ='[5]NRMCA mixture North Central'!$O$56*'[4]Inflow Cement results3'!CR88 -> 261.22444 | C19: ='[5]NRMCA mixture North Central'!$O$56*'[4]Inflow Cement results3'!CS88 -> 262.96108 | D19: ='[5]NRMCA mixture North Central'!$O$56*'[4]Inflow Cement results3'!CT88 -> 264.55538 | E19: ='[5]NRMCA mixture North Central'!$O$56*'[4]Inflow Cement results3'!CU88 -> 266.07476 | F19: ='[5]NRMCA mixture North Central'!$O$56*'[4]Inflow Cement results3'!CV88 -> 267.43921 | G19: ='[5]NRMCA mixture North Central'!$O$56*'[4]Inflow Cement results3'!CW88 -> 268.7167 | H19: ='[5]NRMCA mixture North Central'!$O$56*'[4]Inflow Cement results3'!CX88 -> 269.77749 | I19: ='[5]NRMCA mixture North Central'!$O$56*'[4]Inflow Cement results3'!CY88 -> 270.73788 | ... AA19: ='[5]NRMCA mixture North Central'!$O$56*'[4]Inflow Cement results3'!DQ88 -> 322.79865
A20: Kansas | B20: ='[5]NRMCA mixture South Central'!$O$56*'[4]Inflow Cement results3'!CR93 -> 297.72935 | C20: ='[5]NRMCA mixture South Central'!$O$56*'[4]Inflow Cement results3'!CS93 -> 299.95095 | D20: ='[5]NRMCA mixture South Central'!$O$56*'[4]Inflow Cement results3'!CT93 -> 301.96979 | E20: ='[5]NRMCA mixture South Central'!$O$56*'[4]Inflow Cement results3'!CU93 -> 303.85505 | F20: ='[5]NRMCA mixture South Central'!$O$56*'[4]Inflow Cement results3'!CV93 -> 305.51152 | G20: ='[5]NRMCA mixture South Central'!$O$56*'[4]Inflow Cement results3'!CW93 -> 307.009 | H20: ='[5]NRMCA mixture South Central'!$O$56*'[4]Inflow Cement results3'!CX93 -> 308.19762 | I20: ='[5]NRMCA mixture South Central'!$O$56*'[4]Inflow Cement results3'!CY93 -> 309.20227 | ... AA20: ='[5]NRMCA mixture South Central'!$O$56*'[4]Inflow Cement results3'!DQ93 -> 351.4029
A21: Kentucky | B21: ='[5]NRMCA mixture South Eastern'!$O$56*'[4]Inflow Cement results3'!CR98 -> 242.55225 | C21: ='[5]NRMCA mixture South Eastern'!$O$56*'[4]Inflow Cement results3'!CS98 -> 244.9912 | D21: ='[5]NRMCA mixture South Eastern'!$O$56*'[4]Inflow Cement results3'!CT98 -> 247.30383 | E21: ='[5]NRMCA mixture South Eastern'!$O$56*'[4]Inflow Cement results3'!CU98 -> 249.53711 | F21: ='[5]NRMCA mixture South Eastern'!$O$56*'[4]Inflow Cement results3'!CV98 -> 251.6204 | G21: ='[5]NRMCA mixture South Eastern'!$O$56*'[4]Inflow Cement results3'!CW98 -> 253.60073 | H21: ='[5]NRMCA mixture South Eastern'!$O$56*'[4]Inflow Cement results3'!CX98 -> 255.36656 | I21: ='[5]NRMCA mixture South Eastern'!$O$56*'[4]Inflow Cement results3'!CY98 -> 257.00364 | ... AA21: ='[5]NRMCA mixture South Eastern'!$O$56*'[4]Inflow Cement results3'!DQ98 -> 306.19411
A22: Louisiana | B22: ='[5]NRMCA mixture South Central'!$O$56*'[4]Inflow Cement results3'!CR103 -> 422.33228 | C22: ='[5]NRMCA mixture South Central'!$O$56*'[4]Inflow Cement results3'!CS103 -> 425.38534 | D22: ='[5]NRMCA mixture South Central'!$O$56*'[4]Inflow Cement results3'!CT103 -> 428.26035 | E22: ='[5]NRMCA mixture South Central'!$O$56*'[4]Inflow Cement results3'!CU103 -> 431.04965 | F22: ='[5]NRMCA mixture South Central'!$O$56*'[4]Inflow Cement results3'!CV103 -> 433.62718 | G22: ='[5]NRMCA mixture South Central'!$O$56*'[4]Inflow Cement results3'!CW103 -> 436.08047 | H22: ='[5]NRMCA mixture South Central'!$O$56*'[4]Inflow Cement results3'!CX103 -> 438.20608 | I22: ='[5]NRMCA mixture South Central'!$O$56*'[4]Inflow Cement results3'!CY103 -> 440.16004 | ... AA22: ='[5]NRMCA mixture South Central'!$O$56*'[4]Inflow Cement results3'!DQ103 -> 533.13938
A23: Maine | B23: ='[5]NRMCA mixture Eastern'!$O$56*'[4]Inflow Cement results3'!CR108 -> 20.975905 | C23: ='[5]NRMCA mixture Eastern'!$O$56*'[4]Inflow Cement results3'!CS108 -> 21.345224 | D23: ='[5]NRMCA mixture Eastern'!$O$56*'[4]Inflow Cement results3'!CT108 -> 21.710624 | E23: ='[5]NRMCA mixture Eastern'!$O$56*'[4]Inflow Cement results3'!CU108 -> 22.075385 | F23: ='[5]NRMCA mixture Eastern'!$O$56*'[4]Inflow Cement results3'!CV108 -> 22.433852 | G23: ='[5]NRMCA mixture Eastern'!$O$56*'[4]Inflow Cement results3'!CW108 -> 22.789025 | H23: ='[5]NRMCA mixture Eastern'!$O$56*'[4]Inflow Cement results3'!CX108 -> 23.131916 | I23: ='[5]NRMCA mixture Eastern'!$O$56*'[4]Inflow Cement results3'!CY108 -> 23.46823 | ... AA23: ='[5]NRMCA mixture Eastern'!$O$56*'[4]Inflow Cement results3'!DQ108 -> 32.239118
A24: Maryland | B24: ='[5]NRMCA mixture Eastern'!$O$56*'[4]Inflow Cement results3'!CR113 -> 142.40817 | C24: ='[5]NRMCA mixture Eastern'!$O$56*'[4]Inflow Cement results3'!CS113 -> 144.6284 | D24: ='[5]NRMCA mixture Eastern'!$O$56*'[4]Inflow Cement results3'!CT113 -> 146.77872 | E24: ='[5]NRMCA mixture Eastern'!$O$56*'[4]Inflow Cement results3'!CU113 -> 148.88159 | F24: ='[5]NRMCA mixture Eastern'!$O$56*'[4]Inflow Cement results3'!CV113 -> 150.89554 | G24: ='[5]NRMCA mixture Eastern'!$O$56*'[4]Inflow Cement results3'!CW113 -> 152.84335 | H24: ='[5]NRMCA mixture Eastern'!$O$56*'[4]Inflow Cement results3'!CX113 -> 154.66115 | I24: ='[5]NRMCA mixture Eastern'!$O$56*'[4]Inflow Cement results3'!CY113 -> 156.39369 | ... AA24: ='[5]NRMCA mixture Eastern'!$O$56*'[4]Inflow Cement results3'!DQ113 -> 201.12129
A25: Massachusetts | B25: ='[5]NRMCA mixture Eastern'!$O$56*'[4]Inflow Cement results3'!CR118 -> 101.70848 | C25: ='[5]NRMCA mixture Eastern'!$O$56*'[4]Inflow Cement results3'!CS118 -> 103.1691 | D25: ='[5]NRMCA mixture Eastern'!$O$56*'[4]Inflow Cement results3'!CT118 -> 104.58943 | E25: ='[5]NRMCA mixture Eastern'!$O$56*'[4]Inflow Cement results3'!CU118 -> 105.99504 | F25: ='[5]NRMCA mixture Eastern'!$O$56*'[4]Inflow Cement results3'!CV118 -> 107.35534 | G25: ='[5]NRMCA mixture Eastern'!$O$56*'[4]Inflow Cement results3'!CW118 -> 108.69703 | H25: ='[5]NRMCA mixture Eastern'!$O$56*'[4]Inflow Cement results3'!CX118 -> 109.97067 | I25: ='[5]NRMCA mixture Eastern'!$O$56*'[4]Inflow Cement results3'!CY118 -> 111.22166 | ... AA25: ='[5]NRMCA mixture Eastern'!$O$56*'[4]Inflow Cement results3'!DQ118 -> 149.97778
A26: Michigan | B26: ='[5]NRMCA mixture GL Midwest'!$O$56*'[4]Inflow Cement results3'!CR123 -> 316.76521 | C26: ='[5]NRMCA mixture GL Midwest'!$O$56*'[4]Inflow Cement results3'!CS123 -> 319.88105 | D26: ='[5]NRMCA mixture GL Midwest'!$O$56*'[4]Inflow Cement results3'!CT123 -> 322.80864 | E26: ='[5]NRMCA mixture GL Midwest'!$O$56*'[4]Inflow Cement results3'!CU123 -> 325.61216 | F26: ='[5]NRMCA mixture GL Midwest'!$O$56*'[4]Inflow Cement results3'!CV123 -> 328.20046 | G26: ='[5]NRMCA mixture GL Midwest'!$O$56*'[4]Inflow Cement results3'!CW123 -> 330.63849 | H26: ='[5]NRMCA mixture GL Midwest'!$O$56*'[4]Inflow Cement results3'!CX123 -> 332.78097 | I26: ='[5]NRMCA mixture GL Midwest'!$O$56*'[4]Inflow Cement results3'!CY123 -> 334.74258 | ... AA26: ='[5]NRMCA mixture GL Midwest'!$O$56*'[4]Inflow Cement results3'!DQ123 -> 380.57049
A27: Minnesota | B27: ='[5]NRMCA mixture North Central'!$O$56*'[4]Inflow Cement results3'!CR128 -> 296.8615 | C27: ='[5]NRMCA mixture North Central'!$O$56*'[4]Inflow Cement results3'!CS128 -> 299.89425 | D27: ='[5]NRMCA mixture North Central'!$O$56*'[4]Inflow Cement results3'!CT128 -> 302.80243 | E27: ='[5]NRMCA mixture North Central'!$O$56*'[4]Inflow Cement results3'!CU128 -> 305.65256 | F27: ='[5]NRMCA mixture North Central'!$O$56*'[4]Inflow Cement results3'!CV128 -> 308.35629 | G27: ='[5]NRMCA mixture North Central'!$O$56*'[4]Inflow Cement results3'!CW128 -> 310.97995 | H27: ='[5]NRMCA mixture North Central'!$O$56*'[4]Inflow Cement results3'!CX128 -> 313.38137 | I27: ='[5]NRMCA mixture North Central'!$O$56*'[4]Inflow Cement results3'!CY128 -> 315.67643 | ... AA27: ='[5]NRMCA mixture North Central'!$O$56*'[4]Inflow Cement results3'!DQ128 -> 386.77516
A28: Mississippi | B28: ='[5]NRMCA mixture South Eastern'!$O$56*'[4]Inflow Cement results3'!CR133 -> 161.71261 | C28: ='[5]NRMCA mixture South Eastern'!$O$56*'[4]Inflow Cement results3'!CS133 -> 163.0683 | D28: ='[5]NRMCA mixture South Eastern'!$O$56*'[4]Inflow Cement results3'!CT133 -> 164.32161 | E28: ='[5]NRMCA mixture South Eastern'!$O$56*'[4]Inflow Cement results3'!CU133 -> 165.50671 | F28: ='[5]NRMCA mixture South Eastern'!$O$56*'[4]Inflow Cement results3'!CV133 -> 166.57401 | G28: ='[5]NRMCA mixture South Eastern'!$O$56*'[4]Inflow Cement results3'!CW133 -> 167.55773 | H28: ='[5]NRMCA mixture South Eastern'!$O$56*'[4]Inflow Cement results3'!CX133 -> 168.3797 | I28: ='[5]NRMCA mixture South Eastern'!$O$56*'[4]Inflow Cement results3'!CY133 -> 169.10173 | ... AA28: ='[5]NRMCA mixture South Eastern'!$O$56*'[4]Inflow Cement results3'!DQ133 -> 194.95435
A29: Missouri | B29: ='[5]NRMCA mixture South Central'!$O$56*'[4]Inflow Cement results3'!CR138 -> 410.30623 | C29: ='[5]NRMCA mixture South Central'!$O$56*'[4]Inflow Cement results3'!CS138 -> 418.2619 | D29: ='[5]NRMCA mixture South Central'!$O$56*'[4]Inflow Cement results3'!CT138 -> 425.79549 | E29: ='[5]NRMCA mixture South Central'!$O$56*'[4]Inflow Cement results3'!CU138 -> 433.02873 | F29: ='[5]NRMCA mixture South Central'!$O$56*'[4]Inflow Cement results3'!CV138 -> 439.82683 | G29: ='[5]NRMCA mixture South Central'!$O$56*'[4]Inflow Cement results3'!CW138 -> 446.30863 | H29: ='[5]NRMCA mixture South Central'!$O$56*'[4]Inflow Cement results3'!CX138 -> 452.25261 | I29: ='[5]NRMCA mixture South Central'!$O$56*'[4]Inflow Cement results3'!CY138 -> 457.85837 | ... AA29: ='[5]NRMCA mixture South Central'!$O$56*'[4]Inflow Cement results3'!DQ138 -> 574.82267
A30: Montana | B30: ='[5]NRMCA mixture Pacific NW'!$O$56*'[4]Inflow Cement results3'!CR143 -> 85.099012 | C30: ='[5]NRMCA mixture Pacific NW'!$O$56*'[4]Inflow Cement results3'!CS143 -> 86.656105 | D30: ='[5]NRMCA mixture Pacific NW'!$O$56*'[4]Inflow Cement results3'!CT143 -> 88.299539 | E30: ='[5]NRMCA mixture Pacific NW'!$O$56*'[4]Inflow Cement results3'!CU143 -> 90.06165 | F30: ='[5]NRMCA mixture Pacific NW'!$O$56*'[4]Inflow Cement results3'!CV143 -> 91.935652 | G30: ='[5]NRMCA mixture Pacific NW'!$O$56*'[4]Inflow Cement results3'!CW143 -> 93.957013 | H30: ='[5]NRMCA mixture Pacific NW'!$O$56*'[4]Inflow Cement results3'!CX143 -> 96.107755 | I30: ='[5]NRMCA mixture Pacific NW'!$O$56*'[4]Inflow Cement results3'!CY143 -> 98.439735 | ... AA30: ='[5]NRMCA mixture Pacific NW'!$O$56*'[4]Inflow Cement results3'!DQ143 -> 189.74599
A31: Nebraska | B31: ='[5]NRMCA mixture North Central'!$O$56*'[4]Inflow Cement results3'!CR148 -> 176.86452 | C31: ='[5]NRMCA mixture North Central'!$O$56*'[4]Inflow Cement results3'!CS148 -> 178.00871 | D31: ='[5]NRMCA mixture North Central'!$O$56*'[4]Inflow Cement results3'!CT148 -> 179.0463 | E31: ='[5]NRMCA mixture North Central'!$O$56*'[4]Inflow Cement results3'!CU148 -> 180.02114 | F31: ='[5]NRMCA mixture North Central'!$O$56*'[4]Inflow Cement results3'!CV148 -> 180.87674 | G31: ='[5]NRMCA mixture North Central'!$O$56*'[4]Inflow Cement results3'!CW148 -> 181.65803 | H31: ='[5]NRMCA mixture North Central'!$O$56*'[4]Inflow Cement results3'!CX148 -> 182.276 | I31: ='[5]NRMCA mixture North Central'!$O$56*'[4]Inflow Cement results3'!CY148 -> 182.81038 | ... AA31: ='[5]NRMCA mixture North Central'!$O$56*'[4]Inflow Cement results3'!DQ148 -> 218.1929
A32: Nevada | B32: ='[5]NRMCA mixture Pacific SW'!$O$56*'[4]Inflow Cement results3'!CR153 -> 191.57126 | C32: ='[5]NRMCA mixture Pacific SW'!$O$56*'[4]Inflow Cement results3'!CS153 -> 193.29309 | D32: ='[5]NRMCA mixture Pacific SW'!$O$56*'[4]Inflow Cement results3'!CT153 -> 194.85572 | E32: ='[5]NRMCA mixture Pacific SW'!$O$56*'[4]Inflow Cement results3'!CU153 -> 196.30794 | F32: ='[5]NRMCA mixture Pacific SW'!$O$56*'[4]Inflow Cement results3'!CV153 -> 197.57891 | G32: ='[5]NRMCA mixture Pacific SW'!$O$56*'[4]Inflow Cement results3'!CW153 -> 198.71991 | H32: ='[5]NRMCA mixture Pacific SW'!$O$56*'[4]Inflow Cement results3'!CX153 -> 199.62174 | I32: ='[5]NRMCA mixture Pacific SW'!$O$56*'[4]Inflow Cement results3'!CY153 -> 200.37734 | ... AA32: ='[5]NRMCA mixture Pacific SW'!$O$56*'[4]Inflow Cement results3'!DQ153 -> 229.86607
A33: New Hampshire | B33: ='[5]NRMCA mixture Eastern'!$O$56*'[4]Inflow Cement results3'!CR158 -> 24.582276 | C33: ='[5]NRMCA mixture Eastern'!$O$56*'[4]Inflow Cement results3'!CS158 -> 24.873092 | D33: ='[5]NRMCA mixture Eastern'!$O$56*'[4]Inflow Cement results3'!CT158 -> 25.14935 | E33: ='[5]NRMCA mixture Eastern'!$O$56*'[4]Inflow Cement results3'!CU158 -> 25.415572 | F33: ='[5]NRMCA mixture Eastern'!$O$56*'[4]Inflow Cement results3'!CV158 -> 25.663299 | G33: ='[5]NRMCA mixture Eastern'!$O$56*'[4]Inflow Cement results3'!CW158 -> 25.89668 | H33: ='[5]NRMCA mixture Eastern'!$O$56*'[4]Inflow Cement results3'!CX158 -> 26.102536 | I33: ='[5]NRMCA mixture Eastern'!$O$56*'[4]Inflow Cement results3'!CY158 -> 26.288944 | ... AA33: ='[5]NRMCA mixture Eastern'!$O$56*'[4]Inflow Cement results3'!DQ158 -> 30.772469
A34: New Jersey | B34: ='[5]NRMCA mixture Eastern'!$O$56*'[4]Inflow Cement results3'!CR163 -> 140.00651 | C34: ='[5]NRMCA mixture Eastern'!$O$56*'[4]Inflow Cement results3'!CS163 -> 141.87652 | D34: ='[5]NRMCA mixture Eastern'!$O$56*'[4]Inflow Cement results3'!CT163 -> 143.68265 | E34: ='[5]NRMCA mixture Eastern'!$O$56*'[4]Inflow Cement results3'!CU163 -> 145.45783 | F34: ='[5]NRMCA mixture Eastern'!$O$56*'[4]Inflow Cement results3'!CV163 -> 147.15688 | G34: ='[5]NRMCA mixture Eastern'!$O$56*'[4]Inflow Cement results3'!CW163 -> 148.81378 | H34: ='[5]NRMCA mixture Eastern'!$O$56*'[4]Inflow Cement results3'!CX163 -> 150.35728 | I34: ='[5]NRMCA mixture Eastern'!$O$56*'[4]Inflow Cement results3'!CY163 -> 151.84779 | ... AA34: ='[5]NRMCA mixture Eastern'!$O$56*'[4]Inflow Cement results3'!DQ163 -> 200.28964
A35: New Mexico | B35: ='[5]NRMCA mixture Rocky Mountains'!$O$56*'[4]Inflow Cement results3'!CR168 -> 140.13496 | C35: ='[5]NRMCA mixture Rocky Mountains'!$O$56*'[4]Inflow Cement results3'!CS168 -> 141.42765 | D35: ='[5]NRMCA mixture Rocky Mountains'!$O$56*'[4]Inflow Cement results3'!CT168 -> 142.6308 | E35: ='[5]NRMCA mixture Rocky Mountains'!$O$56*'[4]Inflow Cement results3'!CU168 -> 143.77261 | F35: ='[5]NRMCA mixture Rocky Mountains'!$O$56*'[4]Inflow Cement results3'!CV168 -> 144.81114 | G35: ='[5]NRMCA mixture Rocky Mountains'!$O$56*'[4]Inflow Cement results3'!CW168 -> 145.77441 | H35: ='[5]NRMCA mixture Rocky Mountains'!$O$56*'[4]Inflow Cement results3'!CX168 -> 146.59599 | I35: ='[5]NRMCA mixture Rocky Mountains'!$O$56*'[4]Inflow Cement results3'!CY168 -> 147.32644 | ... AA35: ='[5]NRMCA mixture Rocky Mountains'!$O$56*'[4]Inflow Cement results3'!DQ168 -> 166.59026
A36: New York | B36: ='[5]NRMCA mixture Eastern'!$O$56*'[4]Inflow Cement results3'!CR173 -> 247.28325 | C36: ='[5]NRMCA mixture Eastern'!$O$56*'[4]Inflow Cement results3'!CS173 -> 250.60973 | D36: ='[5]NRMCA mixture Eastern'!$O$56*'[4]Inflow Cement results3'!CT173 -> 253.87386 | E36: ='[5]NRMCA mixture Eastern'!$O$56*'[4]Inflow Cement results3'!CU173 -> 257.13537 | F36: ='[5]NRMCA mixture Eastern'!$O$56*'[4]Inflow Cement results3'!CV173 -> 260.32315 | G36: ='[5]NRMCA mixture Eastern'!$O$56*'[4]Inflow Cement results3'!CW173 -> 263.49845 | H36: ='[5]NRMCA mixture Eastern'!$O$56*'[4]Inflow Cement results3'!CX173 -> 266.54626 | I36: ='[5]NRMCA mixture Eastern'!$O$56*'[4]Inflow Cement results3'!CY173 -> 269.57233 | ... AA36: ='[5]NRMCA mixture Eastern'!$O$56*'[4]Inflow Cement results3'!DQ173 -> 378.87605
A37: North Carolina | B37: ='[5]NRMCA mixture South Eastern'!$O$56*'[4]Inflow Cement results3'!CR178 -> 519.31011 | C37: ='[5]NRMCA mixture South Eastern'!$O$56*'[4]Inflow Cement results3'!CS178 -> 525.85747 | D37: ='[5]NRMCA mixture South Eastern'!$O$56*'[4]Inflow Cement results3'!CT178 -> 532.09526 | E37: ='[5]NRMCA mixture South Eastern'!$O$56*'[4]Inflow Cement results3'!CU178 -> 538.11094 | F37: ='[5]NRMCA mixture South Eastern'!$O$56*'[4]Inflow Cement results3'!CV178 -> 543.75082 | G37: ='[5]NRMCA mixture South Eastern'!$O$56*'[4]Inflow Cement results3'!CW178 -> 549.10105 | H37: ='[5]NRMCA mixture South Eastern'!$O$56*'[4]Inflow Cement results3'!CX178 -> 553.92078 | I37: ='[5]NRMCA mixture South Eastern'!$O$56*'[4]Inflow Cement results3'!CY178 -> 558.37368 | ... AA37: ='[5]NRMCA mixture South Eastern'!$O$56*'[4]Inflow Cement results3'!DQ178 -> 660.58374
A38: North Dakota | B38: ='[5]NRMCA mixture North Central'!$O$56*'[4]Inflow Cement results3'!CR183 -> 59.84323 | C38: ='[5]NRMCA mixture North Central'!$O$56*'[4]Inflow Cement results3'!CS183 -> 60.164069 | D38: ='[5]NRMCA mixture North Central'!$O$56*'[4]Inflow Cement results3'!CT183 -> 60.448451 | E38: ='[5]NRMCA mixture North Central'!$O$56*'[4]Inflow Cement results3'!CU183 -> 60.711535 | F38: ='[5]NRMCA mixture North Central'!$O$56*'[4]Inflow Cement results3'!CV183 -> 60.930807 | G38: ='[5]NRMCA mixture North Central'!$O$56*'[4]Inflow Cement results3'!CW183 -> 61.121245 | H38: ='[5]NRMCA mixture North Central'!$O$56*'[4]Inflow Cement results3'!CX183 -> 61.247619 | I38: ='[5]NRMCA mixture North Central'!$O$56*'[4]Inflow Cement results3'!CY183 -> 61.337433 | ... AA38: ='[5]NRMCA mixture North Central'!$O$56*'[4]Inflow Cement results3'!DQ183 -> 76.228501
A39: Ohio | B39: ='[5]NRMCA mixture GL Midwest'!$O$56*'[4]Inflow Cement results3'!CR188 -> 408.84435 | C39: ='[5]NRMCA mixture GL Midwest'!$O$56*'[4]Inflow Cement results3'!CS188 -> 412.46557 | D39: ='[5]NRMCA mixture GL Midwest'!$O$56*'[4]Inflow Cement results3'!CT188 -> 415.83346 | E39: ='[5]NRMCA mixture GL Midwest'!$O$56*'[4]Inflow Cement results3'!CU188 -> 419.02857 | F39: ='[5]NRMCA mixture GL Midwest'!$O$56*'[4]Inflow Cement results3'!CV188 -> 421.92384 | G39: ='[5]NRMCA mixture GL Midwest'!$O$56*'[4]Inflow Cement results3'!CW188 -> 424.59853 | H39: ='[5]NRMCA mixture GL Midwest'!$O$56*'[4]Inflow Cement results3'!CX188 -> 426.85322 | I39: ='[5]NRMCA mixture GL Midwest'!$O$56*'[4]Inflow Cement results3'!CY188 -> 428.8338 | ... AA39: ='[5]NRMCA mixture GL Midwest'!$O$56*'[4]Inflow Cement results3'!DQ188 -> 484.03532
A40: Oklahoma | B40: ='[5]NRMCA mixture South Central'!$O$56*'[4]Inflow Cement results3'!CR193 -> 300.56692 | C40: ='[5]NRMCA mixture South Central'!$O$56*'[4]Inflow Cement results3'!CS193 -> 303.45212 | D40: ='[5]NRMCA mixture South Central'!$O$56*'[4]Inflow Cement results3'!CT193 -> 306.17742 | E40: ='[5]NRMCA mixture South Central'!$O$56*'[4]Inflow Cement results3'!CU193 -> 308.8111 | F40: ='[5]NRMCA mixture South Central'!$O$56*'[4]Inflow Cement results3'!CV193 -> 311.25954 | G40: ='[5]NRMCA mixture South Central'!$O$56*'[4]Inflow Cement results3'!CW193 -> 313.59271 | H40: ='[5]NRMCA mixture South Central'!$O$56*'[4]Inflow Cement results3'!CX193 -> 315.66258 | I40: ='[5]NRMCA mixture South Central'!$O$56*'[4]Inflow Cement results3'!CY193 -> 317.5946 | ... AA40: ='[5]NRMCA mixture South Central'!$O$56*'[4]Inflow Cement results3'!DQ193 -> 400.85026
A41: Oregon | B41: ='[5]NRMCA mixture Pacific NW'!$O$56*'[4]Inflow Cement results3'!CR198 -> 244.59331 | C41: ='[5]NRMCA mixture Pacific NW'!$O$56*'[4]Inflow Cement results3'!CS198 -> 247.55435 | D41: ='[5]NRMCA mixture Pacific NW'!$O$56*'[4]Inflow Cement results3'!CT198 -> 250.35198 | E41: ='[5]NRMCA mixture Pacific NW'!$O$56*'[4]Inflow Cement results3'!CU198 -> 253.03468 | F41: ='[5]NRMCA mixture Pacific NW'!$O$56*'[4]Inflow Cement results3'!CV198 -> 255.51659 | G41: ='[5]NRMCA mixture Pacific NW'!$O$56*'[4]Inflow Cement results3'!CW198 -> 257.84594 | H41: ='[5]NRMCA mixture Pacific NW'!$O$56*'[4]Inflow Cement results3'!CX198 -> 259.89143 | I41: ='[5]NRMCA mixture Pacific NW'!$O$56*'[4]Inflow Cement results3'!CY198 -> 261.74616 | ... AA41: ='[5]NRMCA mixture Pacific NW'!$O$56*'[4]Inflow Cement results3'!DQ198 -> 307.11028
A42: Pennsylvania | B42: ='[5]NRMCA mixture Eastern'!$O$56*'[4]Inflow Cement results3'!CR203 -> 270.34169 | C42: ='[5]NRMCA mixture Eastern'!$O$56*'[4]Inflow Cement results3'!CS203 -> 272.81271 | D42: ='[5]NRMCA mixture Eastern'!$O$56*'[4]Inflow Cement results3'!CT203 -> 275.11572 | E42: ='[5]NRMCA mixture Eastern'!$O$56*'[4]Inflow Cement results3'!CU203 -> 277.3096 | F42: ='[5]NRMCA mixture Eastern'!$O$56*'[4]Inflow Cement results3'!CV203 -> 279.30709 | G42: ='[5]NRMCA mixture Eastern'!$O$56*'[4]Inflow Cement results3'!CW203 -> 281.16612 | H42: ='[5]NRMCA mixture Eastern'!$O$56*'[4]Inflow Cement results3'!CX203 -> 282.74889 | I42: ='[5]NRMCA mixture Eastern'!$O$56*'[4]Inflow Cement results3'!CY203 -> 284.15986 | ... AA42: ='[5]NRMCA mixture Eastern'!$O$56*'[4]Inflow Cement results3'!DQ203 -> 327.445
A43: Rhode Island | B43: ='[5]NRMCA mixture Eastern'!$O$56*'[4]Inflow Cement results3'!CR208 -> 11.856458 | C43: ='[5]NRMCA mixture Eastern'!$O$56*'[4]Inflow Cement results3'!CS208 -> 12.052653 | D43: ='[5]NRMCA mixture Eastern'!$O$56*'[4]Inflow Cement results3'!CT208 -> 12.246024 | E43: ='[5]NRMCA mixture Eastern'!$O$56*'[4]Inflow Cement results3'!CU208 -> 12.439594 | F43: ='[5]NRMCA mixture Eastern'!$O$56*'[4]Inflow Cement results3'!CV208 -> 12.629778 | G43: ='[5]NRMCA mixture Eastern'!$O$56*'[4]Inflow Cement results3'!CW208 -> 12.819889 | H43: ='[5]NRMCA mixture Eastern'!$O$56*'[4]Inflow Cement results3'!CX208 -> 13.004329 | I43: ='[5]NRMCA mixture Eastern'!$O$56*'[4]Inflow Cement results3'!CY208 -> 13.188927 | ... AA43: ='[5]NRMCA mixture Eastern'!$O$56*'[4]Inflow Cement results3'!DQ208 -> 19.986396
A44: South Carolina | B44: ='[5]NRMCA mixture South Eastern'!$O$56*'[4]Inflow Cement results3'!CR213 -> 279.44819 | C44: ='[5]NRMCA mixture South Eastern'!$O$56*'[4]Inflow Cement results3'!CS213 -> 284.62048 | D44: ='[5]NRMCA mixture South Eastern'!$O$56*'[4]Inflow Cement results3'!CT213 -> 289.72845 | E44: ='[5]NRMCA mixture South Eastern'!$O$56*'[4]Inflow Cement results3'!CU213 -> 294.82041 | F44: ='[5]NRMCA mixture South Eastern'!$O$56*'[4]Inflow Cement results3'!CV213 -> 299.81929 | G44: ='[5]NRMCA mixture South Eastern'!$O$56*'[4]Inflow Cement results3'!CW213 -> 304.77472 | H44: ='[5]NRMCA mixture South Eastern'!$O$56*'[4]Inflow Cement results3'!CX213 -> 309.56543 | I44: ='[5]NRMCA mixture South Eastern'!$O$56*'[4]Inflow Cement results3'!CY213 -> 314.28408 | ... AA44: ='[5]NRMCA mixture South Eastern'!$O$56*'[4]Inflow Cement results3'!DQ213 -> 440.76953
A45: South Dakota | B45: ='[5]NRMCA mixture North Central'!$O$56*'[4]Inflow Cement results3'!CR218 -> 56.715432 | C45: ='[5]NRMCA mixture North Central'!$O$56*'[4]Inflow Cement results3'!CS218 -> 57.25427 | D45: ='[5]NRMCA mixture North Central'!$O$56*'[4]Inflow Cement results3'!CT218 -> 57.777019 | E45: ='[5]NRMCA mixture North Central'!$O$56*'[4]Inflow Cement results3'!CU218 -> 58.302204 | F45: ='[5]NRMCA mixture North Central'!$O$56*'[4]Inflow Cement results3'!CV218 -> 58.81228 | G45: ='[5]NRMCA mixture North Central'!$O$56*'[4]Inflow Cement results3'!CW218 -> 59.327099 | H45: ='[5]NRMCA mixture North Central'!$O$56*'[4]Inflow Cement results3'!CX218 -> 59.81787 | I45: ='[5]NRMCA mixture North Central'!$O$56*'[4]Inflow Cement results3'!CY218 -> 60.317576 | ... AA45: ='[5]NRMCA mixture North Central'!$O$56*'[4]Inflow Cement results3'!DQ218 -> 88.142297
A46: Tennessee | B46: ='[5]NRMCA mixture South Eastern'!$O$56*'[4]Inflow Cement results3'!CR223 -> 390.92796 | C46: ='[5]NRMCA mixture South Eastern'!$O$56*'[4]Inflow Cement results3'!CS223 -> 396.05949 | D46: ='[5]NRMCA mixture South Eastern'!$O$56*'[4]Inflow Cement results3'!CT223 -> 400.92785 | E46: ='[5]NRMCA mixture South Eastern'!$O$56*'[4]Inflow Cement results3'!CU223 -> 405.60083 | F46: ='[5]NRMCA mixture South Eastern'!$O$56*'[4]Inflow Cement results3'!CV223 -> 409.95815 | G46: ='[5]NRMCA mixture South Eastern'!$O$56*'[4]Inflow Cement results3'!CW223 -> 414.06773 | H46: ='[5]NRMCA mixture South Eastern'!$O$56*'[4]Inflow Cement results3'!CX223 -> 417.74298 | I46: ='[5]NRMCA mixture South Eastern'!$O$56*'[4]Inflow Cement results3'!CY223 -> 421.11383 | ... AA46: ='[5]NRMCA mixture South Eastern'!$O$56*'[4]Inflow Cement results3'!DQ223 -> 494.49552
A47: Texas | B47: ='[5]NRMCA mixture South Central'!$O$56*'[4]Inflow Cement results3'!CR228 -> 2359.6925 | C47: ='[5]NRMCA mixture South Central'!$O$56*'[4]Inflow Cement results3'!CS228 -> 2407.8148 | D47: ='[5]NRMCA mixture South Central'!$O$56*'[4]Inflow Cement results3'!CT228 -> 2458.133 | E47: ='[5]NRMCA mixture South Central'!$O$56*'[4]Inflow Cement results3'!CU228 -> 2511.5946 | F47: ='[5]NRMCA mixture South Central'!$O$56*'[4]Inflow Cement results3'!CV228 -> 2567.8449 | G47: ='[5]NRMCA mixture South Central'!$O$56*'[4]Inflow Cement results3'!CW228 -> 2627.9137 | H47: ='[5]NRMCA mixture South Central'!$O$56*'[4]Inflow Cement results3'!CX228 -> 2691.055 | I47: ='[5]NRMCA mixture South Central'!$O$56*'[4]Inflow Cement results3'!CY228 -> 2758.8028 | ... AA47: ='[5]NRMCA mixture South Central'!$O$56*'[4]Inflow Cement results3'!DQ228 -> 4835.0356
A48: Utah | B48: ='[5]NRMCA mixture Rocky Mountains'!$O$56*'[4]Inflow Cement results3'!CR233 -> 263.62704 | C48: ='[5]NRMCA mixture Rocky Mountains'!$O$56*'[4]Inflow Cement results3'!CS233 -> 269.81188 | D48: ='[5]NRMCA mixture Rocky Mountains'!$O$56*'[4]Inflow Cement results3'!CT233 -> 276.11335 | E48: ='[5]NRMCA mixture Rocky Mountains'!$O$56*'[4]Inflow Cement results3'!CU233 -> 282.60025 | F48: ='[5]NRMCA mixture Rocky Mountains'!$O$56*'[4]Inflow Cement results3'!CV233 -> 289.2259 | G48: ='[5]NRMCA mixture Rocky Mountains'!$O$56*'[4]Inflow Cement results3'!CW233 -> 296.06339 | H48: ='[5]NRMCA mixture Rocky Mountains'!$O$56*'[4]Inflow Cement results3'!CX233 -> 303.02844 | I48: ='[5]NRMCA mixture Rocky Mountains'!$O$56*'[4]Inflow Cement results3'!CY233 -> 310.23635 | ... AA48: ='[5]NRMCA mixture Rocky Mountains'!$O$56*'[4]Inflow Cement results3'!DQ233 -> 475.12222
A49: Vermont | B49: ='[5]NRMCA mixture Eastern'!$O$56*'[4]Inflow Cement results3'!CR238 -> 10.728289 | C49: ='[5]NRMCA mixture Eastern'!$O$56*'[4]Inflow Cement results3'!CS238 -> 10.848445 | D49: ='[5]NRMCA mixture Eastern'!$O$56*'[4]Inflow Cement results3'!CT238 -> 10.964438 | E49: ='[5]NRMCA mixture Eastern'!$O$56*'[4]Inflow Cement results3'!CU238 -> 11.078626 | F49: ='[5]NRMCA mixture Eastern'!$O$56*'[4]Inflow Cement results3'!CV238 -> 11.187669 | G49: ='[5]NRMCA mixture Eastern'!$O$56*'[4]Inflow Cement results3'!CW238 -> 11.293868 | H49: ='[5]NRMCA mixture Eastern'!$O$56*'[4]Inflow Cement results3'!CX238 -> 11.391882 | I49: ='[5]NRMCA mixture Eastern'!$O$56*'[4]Inflow Cement results3'!CY238 -> 11.485824 | ... AA49: ='[5]NRMCA mixture Eastern'!$O$56*'[4]Inflow Cement results3'!DQ238 -> 14.632698
A50: Virginia | B50: ='[5]NRMCA mixture Eastern'!$O$56*'[4]Inflow Cement results3'!CR243 -> 218.35404 | C50: ='[5]NRMCA mixture Eastern'!$O$56*'[4]Inflow Cement results3'!CS243 -> 221.35069 | D50: ='[5]NRMCA mixture Eastern'!$O$56*'[4]Inflow Cement results3'!CT243 -> 224.22195 | E50: ='[5]NRMCA mixture Eastern'!$O$56*'[4]Inflow Cement results3'!CU243 -> 227.00489 | F50: ='[5]NRMCA mixture Eastern'!$O$56*'[4]Inflow Cement results3'!CV243 -> 229.63419 | G50: ='[5]NRMCA mixture Eastern'!$O$56*'[4]Inflow Cement results3'!CW243 -> 232.14774 | H50: ='[5]NRMCA mixture Eastern'!$O$56*'[4]Inflow Cement results3'!CX243 -> 234.44463 | I50: ='[5]NRMCA mixture Eastern'!$O$56*'[4]Inflow Cement results3'!CY243 -> 236.59773 | ... AA50: ='[5]NRMCA mixture Eastern'!$O$56*'[4]Inflow Cement results3'!DQ243 -> 292.32485
A51: Washington | B51: ='[5]NRMCA mixture Pacific NW'!$O$56*'[4]Inflow Cement results3'!CR248 -> 523.71665 | C51: ='[5]NRMCA mixture Pacific NW'!$O$56*'[4]Inflow Cement results3'!CS248 -> 528.85052 | D51: ='[5]NRMCA mixture Pacific NW'!$O$56*'[4]Inflow Cement results3'!CT248 -> 533.77885 | E51: ='[5]NRMCA mixture Pacific NW'!$O$56*'[4]Inflow Cement results3'!CU248 -> 538.60101 | F51: ='[5]NRMCA mixture Pacific NW'!$O$56*'[4]Inflow Cement results3'!CV248 -> 543.17769 | G51: ='[5]NRMCA mixture Pacific NW'!$O$56*'[4]Inflow Cement results3'!CW248 -> 547.60842 | H51: ='[5]NRMCA mixture Pacific NW'!$O$56*'[4]Inflow Cement results3'!CX248 -> 551.67065 | I51: ='[5]NRMCA mixture Pacific NW'!$O$56*'[4]Inflow Cement results3'!CY248 -> 555.54424 | ... AA51: ='[5]NRMCA mixture Pacific NW'!$O$56*'[4]Inflow Cement results3'!DQ248 -> 688.94601
A52: West Virginia | B52: ='[5]NRMCA mixture Eastern'!$O$56*'[4]Inflow Cement results3'!CR253 -> 42.383466 | C52: ='[5]NRMCA mixture Eastern'!$O$56*'[4]Inflow Cement results3'!CS253 -> 42.831599 | D52: ='[5]NRMCA mixture Eastern'!$O$56*'[4]Inflow Cement results3'!CT253 -> 43.264526 | E52: ='[5]NRMCA mixture Eastern'!$O$56*'[4]Inflow Cement results3'!CU253 -> 43.690953 | F52: ='[5]NRMCA mixture Eastern'!$O$56*'[4]Inflow Cement results3'!CV253 -> 44.097817 | G52: ='[5]NRMCA mixture Eastern'!$O$56*'[4]Inflow Cement results3'!CW253 -> 44.493355 | H52: ='[5]NRMCA mixture Eastern'!$O$56*'[4]Inflow Cement results3'!CX253 -> 44.85677 | I52: ='[5]NRMCA mixture Eastern'!$O$56*'[4]Inflow Cement results3'!CY253 -> 45.203198 | ... AA52: ='[5]NRMCA mixture Eastern'!$O$56*'[4]Inflow Cement results3'!DQ253 -> 57.164785
A53: Wisconsin | B53: ='[5]NRMCA mixture GL Midwest'!$O$56*'[4]Inflow Cement results3'!CR258 -> 225.3851 | C53: ='[5]NRMCA mixture GL Midwest'!$O$56*'[4]Inflow Cement results3'!CS258 -> 227.49211 | D53: ='[5]NRMCA mixture GL Midwest'!$O$56*'[4]Inflow Cement results3'!CT258 -> 229.47804 | E53: ='[5]NRMCA mixture GL Midwest'!$O$56*'[4]Inflow Cement results3'!CU258 -> 231.39082 | F53: ='[5]NRMCA mixture GL Midwest'!$O$56*'[4]Inflow Cement results3'!CV258 -> 233.16561 | G53: ='[5]NRMCA mixture GL Midwest'!$O$56*'[4]Inflow Cement results3'!CW258 -> 234.84974 | H53: ='[5]NRMCA mixture GL Midwest'!$O$56*'[4]Inflow Cement results3'!CX258 -> 236.33828 | I53: ='[5]NRMCA mixture GL Midwest'!$O$56*'[4]Inflow Cement results3'!CY258 -> 237.71379 | ... AA53: ='[5]NRMCA mixture GL Midwest'!$O$56*'[4]Inflow Cement results3'!DQ258 -> 276.88392
A54: Wyoming | B54: ='[5]NRMCA mixture Rocky Mountains'!$O$56*'[4]Inflow Cement results3'!CR263 -> 43.715297 | C54: ='[5]NRMCA mixture Rocky Mountains'!$O$56*'[4]Inflow Cement results3'!CS263 -> 43.956737 | D54: ='[5]NRMCA mixture Rocky Mountains'!$O$56*'[4]Inflow Cement results3'!CT263 -> 44.179081 | E54: ='[5]NRMCA mixture Rocky Mountains'!$O$56*'[4]Inflow Cement results3'!CU263 -> 44.395168 | F54: ='[5]NRMCA mixture Rocky Mountains'!$O$56*'[4]Inflow Cement results3'!CV263 -> 44.593106 | G54: ='[5]NRMCA mixture Rocky Mountains'!$O$56*'[4]Inflow Cement results3'!CW263 -> 44.787437 | H54: ='[5]NRMCA mixture Rocky Mountains'!$O$56*'[4]Inflow Cement results3'!CX263 -> 44.959643 | I54: ='[5]NRMCA mixture Rocky Mountains'!$O$56*'[4]Inflow Cement results3'!CY263 -> 45.134807 | ... AA54: ='[5]NRMCA mixture Rocky Mountains'!$O$56*'[4]Inflow Cement results3'!DQ263 -> 62.329728

Sheet 5. Slag demand
A1: Projected blast furnace slag demand per US state (thousand metric tons)
B3: 2025 | C3: 2026 | D3: 2027 | E3: 2028 | F3: 2029 | G3: 2030 | H3: 2031 | I3: 2032 | J3: 2033 | K3: 2034 | L3: 2035 | M3: 2036 | N3: 2037 | O3: 2038 | P3: 2039 | Q3: 2040 | R3: 2041 | S3: 2042 | T3: 2043 | U3: 2044 | V3: 2045 | W3: 2046 | X3: 2047 | Y3: 2048 | Z3: 2049 | AA3: 2050
A4: USA | B4: ='[5]NRMCA mixture National'!$O$57*'[4]Inflow Cement results3'!CR8 -> 4482.6756 | C4: ='[5]NRMCA mixture National'!$O$57*'[4]Inflow Cement results3'!CS8 -> 4523.7103 | D4: ='[5]NRMCA mixture National'!$O$57*'[4]Inflow Cement results3'!CT8 -> 4562.4036 | E4: ='[5]NRMCA mixture National'!$O$57*'[4]Inflow Cement results3'!CU8 -> 4599.675 | F4: ='[5]NRMCA mixture National'!$O$57*'[4]Inflow Cement results3'!CV8 -> 4634.1792 | G4: ='[5]NRMCA mixture National'!$O$57*'[4]Inflow Cement results3'!CW8 -> 4666.8493 | H4: ='[5]NRMCA mixture National'!$O$57*'[4]Inflow Cement results3'!CX8 -> 4695.5661 | I4: ='[5]NRMCA mixture National'!$O$57*'[4]Inflow Cement results3'!CY8 -> 4722.0262 | ... AA4: ='[5]NRMCA mixture National'!$O$57*'[4]Inflow Cement results3'!DQ8 -> 5661.9032
A5: ='[4]State Stock Calc'!A12 -> Alabama | B5: ='[5]NRMCA mixture National'!$O$57*'[4]Inflow Cement results3'!CR13 -> 72.542111 | C5: ='[5]NRMCA mixture National'!$O$57*'[4]Inflow Cement results3'!CS13 -> 73.270907 | D5: ='[5]NRMCA mixture National'!$O$57*'[4]Inflow Cement results3'!CT13 -> 73.950635 | E5: ='[5]NRMCA mixture National'!$O$57*'[4]Inflow Cement results3'!CU13 -> 74.594871 | F5: ='[5]NRMCA mixture National'!$O$57*'[4]Inflow Cement results3'!CV13 -> 75.181274 | G5: ='[5]NRMCA mixture National'!$O$57*'[4]Inflow Cement results3'!CW13 -> 75.723798 | H5: ='[5]NRMCA mixture National'!$O$57*'[4]Inflow Cement results3'!CX13 -> 76.187974 | I5: ='[5]NRMCA mixture National'!$O$57*'[4]Inflow Cement results3'!CY13 -> 76.600113 | ... AA5: ='[5]NRMCA mixture National'!$O$57*'[4]Inflow Cement results3'!DQ13 -> 88.119965
A6: ='[4]State Stock Calc'!A22 -> Alaska | B6: ='[5]NRMCA mixture National'!$O$57*'[4]Inflow Cement results3'!CR18 -> 19.478405 | C6: ='[5]NRMCA mixture National'!$O$57*'[4]Inflow Cement results3'!CS18 -> 19.67343 | D6: ='[5]NRMCA mixture National'!$O$57*'[4]Inflow Cement results3'!CT18 -> 19.852113 | E6: ='[5]NRMCA mixture National'!$O$57*'[4]Inflow Cement results3'!CU18 -> 20.019299 | F6: ='[5]NRMCA mixture National'!$O$57*'[4]Inflow Cement results3'!CV18 -> 20.167084 | G6: ='[5]NRMCA mixture National'!$O$57*'[4]Inflow Cement results3'!CW18 -> 20.300622 | H6: ='[5]NRMCA mixture National'!$O$57*'[4]Inflow Cement results3'!CX18 -> 20.408009 | I6: ='[5]NRMCA mixture National'!$O$57*'[4]Inflow Cement results3'!CY18 -> 20.498984 | ... AA6: ='[5]NRMCA mixture National'!$O$57*'[4]Inflow Cement results3'!DQ18 -> 24.19159
A7: ='[4]State Stock Calc'!A32 -> Arizona | B7: ='[5]NRMCA mixture Pacific SW'!$O$57*'[4]Inflow Cement results3'!CR23 -> 61.892115 | C7: ='[5]NRMCA mixture Pacific SW'!$O$57*'[4]Inflow Cement results3'!CS23 -> 63.461415 | D7: ='[5]NRMCA mixture Pacific SW'!$O$57*'[4]Inflow Cement results3'!CT23 -> 65.054899 | E7: ='[5]NRMCA mixture Pacific SW'!$O$57*'[4]Inflow Cement results3'!CU23 -> 66.685514 | F7: ='[5]NRMCA mixture Pacific SW'!$O$57*'[4]Inflow Cement results3'!CV23 -> 68.334852 | G7: ='[5]NRMCA mixture Pacific SW'!$O$57*'[4]Inflow Cement results3'!CW23 -> 70.014888 | H7: ='[5]NRMCA mixture Pacific SW'!$O$57*'[4]Inflow Cement results3'!CX23 -> 71.694789 | I7: ='[5]NRMCA mixture Pacific SW'!$O$57*'[4]Inflow Cement results3'!CY23 -> 73.394767 | ... AA7: ='[5]NRMCA mixture Pacific SW'!$O$57*'[4]Inflow Cement results3'!DQ23 -> 95.589438
A8: ='[4]State Stock Calc'!A42 -> Arkansas | B8: ='[5]NRMCA mixture South Central'!$O$57*'[4]Inflow Cement results3'!CR28 -> 63.156928 | C8: ='[5]NRMCA mixture South Central'!$O$57*'[4]Inflow Cement results3'!CS28 -> 63.837102 | D8: ='[5]NRMCA mixture South Central'!$O$57*'[4]Inflow Cement results3'!CT28 -> 64.499309 | E8: ='[5]NRMCA mixture South Central'!$O$57*'[4]Inflow Cement results3'!CU28 -> 65.15693 | F8: ='[5]NRMCA mixture South Central'!$O$57*'[4]Inflow Cement results3'!CV28 -> 65.793668 | G8: ='[5]NRMCA mixture South Central'!$O$57*'[4]Inflow Cement results3'!CW28 -> 66.422635 | H8: ='[5]NRMCA mixture South Central'!$O$57*'[4]Inflow Cement results3'!CX28 -> 67.017015 | I8: ='[5]NRMCA mixture South Central'!$O$57*'[4]Inflow Cement results3'!CY28 -> 67.599371 | ... AA8: ='[5]NRMCA mixture South Central'!$O$57*'[4]Inflow Cement results3'!DQ28 -> 87.257303
A9: ='[4]State Stock Calc'!A52 -> California | B9: ='[5]NRMCA mixture Pacific SW'!$O$57*'[4]Inflow Cement results3'!CR33 -> 221.1082 | C9: ='[5]NRMCA mixture Pacific SW'!$O$57*'[4]Inflow Cement results3'!CS33 -> 223.1737 | D9: ='[5]NRMCA mixture Pacific SW'!$O$57*'[4]Inflow Cement results3'!CT33 -> 225.16152 | E9: ='[5]NRMCA mixture Pacific SW'!$O$57*'[4]Inflow Cement results3'!CU33 -> 227.11972 | F9: ='[5]NRMCA mixture Pacific SW'!$O$57*'[4]Inflow Cement results3'!CV33 -> 228.99097 | G9: ='[5]NRMCA mixture Pacific SW'!$O$57*'[4]Inflow Cement results3'!CW33 -> 230.82511 | H9: ='[5]NRMCA mixture Pacific SW'!$O$57*'[4]Inflow Cement results3'!CX33 -> 232.52931 | I9: ='[5]NRMCA mixture Pacific SW'!$O$57*'[4]Inflow Cement results3'!CY33 -> 234.19011 | ... AA9: ='[5]NRMCA mixture Pacific SW'!$O$57*'[4]Inflow Cement results3'!DQ33 -> 300.34309
A10: ='[4]State Stock Calc'!A62 -> Colorado | B10: ='[5]NRMCA mixture National'!$O$57*'[4]Inflow Cement results3'!CR38 -> 96.521357 | C10: ='[5]NRMCA mixture National'!$O$57*'[4]Inflow Cement results3'!CS38 -> 97.814558 | D10: ='[5]NRMCA mixture National'!$O$57*'[4]Inflow Cement results3'!CT38 -> 99.047308 | E10: ='[5]NRMCA mixture National'!$O$57*'[4]Inflow Cement results3'!CU38 -> 100.23815 | F10: ='[5]NRMCA mixture National'!$O$57*'[4]Inflow Cement results3'!CV38 -> 101.3563 | G10: ='[5]NRMCA mixture National'!$O$57*'[4]Inflow Cement results3'!CW38 -> 102.42129 | H10: ='[5]NRMCA mixture National'!$O$57*'[4]Inflow Cement results3'!CX38 -> 103.38584 | I10: ='[5]NRMCA mixture National'!$O$57*'[4]Inflow Cement results3'!CY38 -> 104.28694 | ... AA10: ='[5]NRMCA mixture National'!$O$57*'[4]Inflow Cement results3'!DQ38 -> 129.3277
A11: ='[4]State Stock Calc'!A72 -> Connecticut | B11: ='[5]NRMCA mixture Eastern'!$O$57*'[4]Inflow Cement results3'!CR43 -> 99.045866 | C11: ='[5]NRMCA mixture Eastern'!$O$57*'[4]Inflow Cement results3'!CS43 -> 100.22237 | D11: ='[5]NRMCA mixture Eastern'!$O$57*'[4]Inflow Cement results3'!CT43 -> 101.33083 | E11: ='[5]NRMCA mixture Eastern'!$O$57*'[4]Inflow Cement results3'!CU43 -> 102.39374 | F11: ='[5]NRMCA mixture Eastern'!$O$57*'[4]Inflow Cement results3'!CV43 -> 103.37656 | G11: ='[5]NRMCA mixture Eastern'!$O$57*'[4]Inflow Cement results3'!CW43 -> 104.30225 | H11: ='[5]NRMCA mixture Eastern'!$O$57*'[4]Inflow Cement results3'!CX43 -> 105.11727 | I11: ='[5]NRMCA mixture Eastern'!$O$57*'[4]Inflow Cement results3'!CY43 -> 105.86381 | ... AA11: ='[5]NRMCA mixture Eastern'!$O$57*'[4]Inflow Cement results3'!DQ43 -> 131.19803
A12: ='[4]State Stock Calc'!A82 -> Delaware | B12: ='[5]NRMCA mixture Eastern'!$O$57*'[4]Inflow Cement results3'!CR48 -> 36.849253 | C12: ='[5]NRMCA mixture Eastern'!$O$57*'[4]Inflow Cement results3'!CS48 -> 37.321259 | D12: ='[5]NRMCA mixture Eastern'!$O$57*'[4]Inflow Cement results3'!CT48 -> 37.773428 | E12: ='[5]NRMCA mixture Eastern'!$O$57*'[4]Inflow Cement results3'!CU48 -> 38.212716 | F12: ='[5]NRMCA mixture Eastern'!$O$57*'[4]Inflow Cement results3'!CV48 -> 38.625932 | G12: ='[5]NRMCA mixture Eastern'!$O$57*'[4]Inflow Cement results3'!CW48 -> 39.019186 | H12: ='[5]NRMCA mixture Eastern'!$O$57*'[4]Inflow Cement results3'!CX48 -> 39.371612 | I12: ='[5]NRMCA mixture Eastern'!$O$57*'[4]Inflow Cement results3'!CY48 -> 39.694922 | ... AA12: ='[5]NRMCA mixture Eastern'!$O$57*'[4]Inflow Cement results3'!DQ48 -> 45.713783
A13: ='[4]State Stock Calc'!A102 -> Florida | B13: ='[5]NRMCA mixture National'!$O$57*'[4]Inflow Cement results3'!CR58 -> 354.66084 | C13: ='[5]NRMCA mixture National'!$O$57*'[4]Inflow Cement results3'!CS58 -> 366.24576 | D13: ='[5]NRMCA mixture National'!$O$57*'[4]Inflow Cement results3'!CT58 -> 378.32627 | E13: ='[5]NRMCA mixture National'!$O$57*'[4]Inflow Cement results3'!CU58 -> 391.01268 | F13: ='[5]NRMCA mixture National'!$O$57*'[4]Inflow Cement results3'!CV58 -> 404.2439 | G13: ='[5]NRMCA mixture National'!$O$57*'[4]Inflow Cement results3'!CW58 -> 418.13151 | H13: ='[5]NRMCA mixture National'!$O$57*'[4]Inflow Cement results3'!CX58 -> 432.55133 | I13: ='[5]NRMCA mixture National'!$O$57*'[4]Inflow Cement results3'!CY58 -> 447.6681 | ... AA13: ='[5]NRMCA mixture National'!$O$57*'[4]Inflow Cement results3'!DQ58 -> 769.37049
A14: ='[4]State Stock Calc'!A112 -> Georgia | B14: ='[5]NRMCA mixture National'!$O$57*'[4]Inflow Cement results3'!CR63 -> 179.48519 | C14: ='[5]NRMCA mixture National'!$O$57*'[4]Inflow Cement results3'!CS63 -> 181.25306 | D14: ='[5]NRMCA mixture National'!$O$57*'[4]Inflow Cement results3'!CT63 -> 182.90777 | E14: ='[5]NRMCA mixture National'!$O$57*'[4]Inflow Cement results3'!CU63 -> 184.48466 | F14: ='[5]NRMCA mixture National'!$O$57*'[4]Inflow Cement results3'!CV63 -> 185.93704 | G14: ='[5]NRMCA mixture National'!$O$57*'[4]Inflow Cement results3'!CW63 -> 187.3001 | H14: ='[5]NRMCA mixture National'!$O$57*'[4]Inflow Cement results3'!CX63 -> 188.49757 | I14: ='[5]NRMCA mixture National'!$O$57*'[4]Inflow Cement results3'!CY63 -> 189.59086 | ... AA14: ='[5]NRMCA mixture National'!$O$57*'[4]Inflow Cement results3'!DQ63 -> 203.38297
A15: ='[4]State Stock Calc'!A122 -> Hawaii | B15: ='[5]NRMCA mixture National'!$O$57*'[4]Inflow Cement results3'!CR68 -> 17.976405 | C15: ='[5]NRMCA mixture National'!$O$57*'[4]Inflow Cement results3'!CS68 -> 18.138504 | D15: ='[5]NRMCA mixture National'!$O$57*'[4]Inflow Cement results3'!CT68 -> 18.286898 | E15: ='[5]NRMCA mixture National'!$O$57*'[4]Inflow Cement results3'!CU68 -> 18.425058 | F15: ='[5]NRMCA mixture National'!$O$57*'[4]Inflow Cement results3'!CV68 -> 18.547715 | G15: ='[5]NRMCA mixture National'!$O$57*'[4]Inflow Cement results3'!CW68 -> 18.658555 | H15: ='[5]NRMCA mixture National'!$O$57*'[4]Inflow Cement results3'!CX68 -> 18.749468 | I15: ='[5]NRMCA mixture National'!$O$57*'[4]Inflow Cement results3'!CY68 -> 18.827287 | ... AA15: ='[5]NRMCA mixture National'!$O$57*'[4]Inflow Cement results3'!DQ68 -> 21.431621
A16: ='[4]State Stock Calc'!A132 -> Idaho | B16: ='[5]NRMCA mixture Pacific NW'!$O$57*'[4]Inflow Cement results3'!CR73 -> 19.510694 | C16: ='[5]NRMCA mixture Pacific NW'!$O$57*'[4]Inflow Cement results3'!CS73 -> 20.150143 | D16: ='[5]NRMCA mixture Pacific NW'!$O$57*'[4]Inflow Cement results3'!CT73 -> 20.817374 | E16: ='[5]NRMCA mixture Pacific NW'!$O$57*'[4]Inflow Cement results3'!CU73 -> 21.518693 | F16: ='[5]NRMCA mixture Pacific NW'!$O$57*'[4]Inflow Cement results3'!CV73 -> 22.251772 | G16: ='[5]NRMCA mixture Pacific NW'!$O$57*'[4]Inflow Cement results3'!CW73 -> 23.023581 | H16: ='[5]NRMCA mixture Pacific NW'!$O$57*'[4]Inflow Cement results3'!CX73 -> 23.82924 | I16: ='[5]NRMCA mixture Pacific NW'!$O$57*'[4]Inflow Cement results3'!CY73 -> 24.679421 | ... AA16: ='[5]NRMCA mixture Pacific NW'!$O$57*'[4]Inflow Cement results3'!DQ73 -> 51.918127
A17: ='[4]State Stock Calc'!A142 -> Illinois | B17: ='[5]NRMCA mixture GL Midwest'!$O$57*'[4]Inflow Cement results3'!CR78 -> 251.92306 | C17: ='[5]NRMCA mixture GL Midwest'!$O$57*'[4]Inflow Cement results3'!CS78 -> 254.39731 | D17: ='[5]NRMCA mixture GL Midwest'!$O$57*'[4]Inflow Cement results3'!CT78 -> 256.75171 | E17: ='[5]NRMCA mixture GL Midwest'!$O$57*'[4]Inflow Cement results3'!CU78 -> 259.0344 | F17: ='[5]NRMCA mixture GL Midwest'!$O$57*'[4]Inflow Cement results3'!CV78 -> 261.17231 | G17: ='[5]NRMCA mixture GL Midwest'!$O$57*'[4]Inflow Cement results3'!CW78 -> 263.21329 | H17: ='[5]NRMCA mixture GL Midwest'!$O$57*'[4]Inflow Cement results3'!CX78 -> 265.04218 | I17: ='[5]NRMCA mixture GL Midwest'!$O$57*'[4]Inflow Cement results3'!CY78 -> 266.74693 | ... AA17: ='[5]NRMCA mixture GL Midwest'!$O$57*'[4]Inflow Cement results3'!DQ78 -> 321.40197
A18: ='[4]State Stock Calc'!A152 -> Indiana | B18: ='[5]NRMCA mixture GL Midwest'!$O$57*'[4]Inflow Cement results3'!CR83 -> 142.23098 | C18: ='[5]NRMCA mixture GL Midwest'!$O$57*'[4]Inflow Cement results3'!CS83 -> 143.53262 | D18: ='[5]NRMCA mixture GL Midwest'!$O$57*'[4]Inflow Cement results3'!CT83 -> 144.73434 | E18: ='[5]NRMCA mixture GL Midwest'!$O$57*'[4]Inflow Cement results3'!CU83 -> 145.86391 | F18: ='[5]NRMCA mixture GL Midwest'!$O$57*'[4]Inflow Cement results3'!CV83 -> 146.87698 | G18: ='[5]NRMCA mixture GL Midwest'!$O$57*'[4]Inflow Cement results3'!CW83 -> 147.80164 | H18: ='[5]NRMCA mixture GL Midwest'!$O$57*'[4]Inflow Cement results3'!CX83 -> 148.56874 | I18: ='[5]NRMCA mixture GL Midwest'!$O$57*'[4]Inflow Cement results3'!CY83 -> 149.2304 | ... AA18: ='[5]NRMCA mixture GL Midwest'!$O$57*'[4]Inflow Cement results3'!DQ83 -> 169.06778
A19: ='[4]State Stock Calc'!A162 -> Iowa | B19: ='[5]NRMCA mixture North Central'!$O$57*'[4]Inflow Cement results3'!CR88 -> 15.222337 | C19: ='[5]NRMCA mixture North Central'!$O$57*'[4]Inflow Cement results3'!CS88 -> 15.323536 | D19: ='[5]NRMCA mixture North Central'!$O$57*'[4]Inflow Cement results3'!CT88 -> 15.416441 | E19: ='[5]NRMCA mixture North Central'!$O$57*'[4]Inflow Cement results3'!CU88 -> 15.50498 | F19: ='[5]NRMCA mixture North Central'!$O$57*'[4]Inflow Cement results3'!CV88 -> 15.58449 | G19: ='[5]NRMCA mixture North Central'!$O$57*'[4]Inflow Cement results3'!CW88 -> 15.658934 | H19: ='[5]NRMCA mixture North Central'!$O$57*'[4]Inflow Cement results3'!CX88 -> 15.720749 | I19: ='[5]NRMCA mixture North Central'!$O$57*'[4]Inflow Cement results3'!CY88 -> 15.776714 | ... AA19: ='[5]NRMCA mixture North Central'!$O$57*'[4]Inflow Cement results3'!DQ88 -> 18.810452
A20: ='[4]State Stock Calc'!A172 -> Kansas | B20: ='[5]NRMCA mixture South Central'!$O$57*'[4]Inflow Cement results3'!CR93 -> 77.047791 | C20: ='[5]NRMCA mixture South Central'!$O$57*'[4]Inflow Cement results3'!CS93 -> 77.622708 | D20: ='[5]NRMCA mixture South Central'!$O$57*'[4]Inflow Cement results3'!CT93 -> 78.145154 | E20: ='[5]NRMCA mixture South Central'!$O$57*'[4]Inflow Cement results3'!CU93 -> 78.63303 | F20: ='[5]NRMCA mixture South Central'!$O$57*'[4]Inflow Cement results3'!CV93 -> 79.061698 | G20: ='[5]NRMCA mixture South Central'!$O$57*'[4]Inflow Cement results3'!CW93 -> 79.449222 | H20: ='[5]NRMCA mixture South Central'!$O$57*'[4]Inflow Cement results3'!CX93 -> 79.756819 | I20: ='[5]NRMCA mixture South Central'!$O$57*'[4]Inflow Cement results3'!CY93 -> 80.016807 | ... AA20: ='[5]NRMCA mixture South Central'!$O$57*'[4]Inflow Cement results3'!DQ93 -> 90.937684
A21: ='[4]State Stock Calc'!A182 -> Kentucky | B21: ='[5]NRMCA mixture National'!$O$57*'[4]Inflow Cement results3'!CR98 -> 62.708186 | C21: ='[5]NRMCA mixture National'!$O$57*'[4]Inflow Cement results3'!CS98 -> 63.338737 | D21: ='[5]NRMCA mixture National'!$O$57*'[4]Inflow Cement results3'!CT98 -> 63.936634 | E21: ='[5]NRMCA mixture National'!$O$57*'[4]Inflow Cement results3'!CU98 -> 64.514013 | F21: ='[5]NRMCA mixture National'!$O$57*'[4]Inflow Cement results3'!CV98 -> 65.052616 | G21: ='[5]NRMCA mixture National'!$O$57*'[4]Inflow Cement results3'!CW98 -> 65.5646 | H21: ='[5]NRMCA mixture National'!$O$57*'[4]Inflow Cement results3'!CX98 -> 66.021129 | I21: ='[5]NRMCA mixture National'!$O$57*'[4]Inflow Cement results3'!CY98 -> 66.44437 | ... AA21: ='[5]NRMCA mixture National'!$O$57*'[4]Inflow Cement results3'!DQ98 -> 79.161816
A22: ='[4]State Stock Calc'!A192 -> Louisiana | B22: ='[5]NRMCA mixture South Central'!$O$57*'[4]Inflow Cement results3'!CR103 -> 109.29312 | C22: ='[5]NRMCA mixture South Central'!$O$57*'[4]Inflow Cement results3'!CS103 -> 110.08321 | D22: ='[5]NRMCA mixture South Central'!$O$57*'[4]Inflow Cement results3'!CT103 -> 110.82721 | E22: ='[5]NRMCA mixture South Central'!$O$57*'[4]Inflow Cement results3'!CU103 -> 111.54904 | F22: ='[5]NRMCA mixture South Central'!$O$57*'[4]Inflow Cement results3'!CV103 -> 112.21607 | G22: ='[5]NRMCA mixture South Central'!$O$57*'[4]Inflow Cement results3'!CW103 -> 112.85094 | H22: ='[5]NRMCA mixture South Central'!$O$57*'[4]Inflow Cement results3'!CX103 -> 113.40102 | I22: ='[5]NRMCA mixture South Central'!$O$57*'[4]Inflow Cement results3'!CY103 -> 113.90667 | ... AA22: ='[5]NRMCA mixture South Central'!$O$57*'[4]Inflow Cement results3'!DQ103 -> 137.9683
A23: ='[4]State Stock Calc'!A202 -> Maine | B23: ='[5]NRMCA mixture Eastern'!$O$57*'[4]Inflow Cement results3'!CR108 -> 36.121331 | C23: ='[5]NRMCA mixture Eastern'!$O$57*'[4]Inflow Cement results3'!CS108 -> 36.757314 | D23: ='[5]NRMCA mixture Eastern'!$O$57*'[4]Inflow Cement results3'!CT108 -> 37.386546 | E23: ='[5]NRMCA mixture Eastern'!$O$57*'[4]Inflow Cement results3'!CU108 -> 38.014678 | F23: ='[5]NRMCA mixture Eastern'!$O$57*'[4]Inflow Cement results3'!CV108 -> 38.631973 | G23: ='[5]NRMCA mixture Eastern'!$O$57*'[4]Inflow Cement results3'!CW108 -> 39.243594 | H23: ='[5]NRMCA mixture Eastern'!$O$57*'[4]Inflow Cement results3'!CX108 -> 39.834067 | I23: ='[5]NRMCA mixture Eastern'!$O$57*'[4]Inflow Cement results3'!CY108 -> 40.413212 | ... AA23: ='[5]NRMCA mixture Eastern'!$O$57*'[4]Inflow Cement results3'!DQ108 -> 55.517026
A24: ='[4]State Stock Calc'!A212 -> Maryland | B24: ='[5]NRMCA mixture Eastern'!$O$57*'[4]Inflow Cement results3'!CR113 -> 245.23245 | C24: ='[5]NRMCA mixture Eastern'!$O$57*'[4]Inflow Cement results3'!CS113 -> 249.05577 | D24: ='[5]NRMCA mixture Eastern'!$O$57*'[4]Inflow Cement results3'!CT113 -> 252.75872 | E24: ='[5]NRMCA mixture Eastern'!$O$57*'[4]Inflow Cement results3'!CU113 -> 256.37994 | F24: ='[5]NRMCA mixture Eastern'!$O$57*'[4]Inflow Cement results3'!CV113 -> 259.84804 | G24: ='[5]NRMCA mixture Eastern'!$O$57*'[4]Inflow Cement results3'!CW113 -> 263.20225 | H24: ='[5]NRMCA mixture Eastern'!$O$57*'[4]Inflow Cement results3'!CX113 -> 266.33256 | I24: ='[5]NRMCA mixture Eastern'!$O$57*'[4]Inflow Cement results3'!CY113 -> 269.31607 | ... AA24: ='[5]NRMCA mixture Eastern'!$O$57*'[4]Inflow Cement results3'!DQ113 -> 346.33876
A25: ='[4]State Stock Calc'!A222 -> Massachusetts | B25: ='[5]NRMCA mixture Eastern'!$O$57*'[4]Inflow Cement results3'!CR118 -> 175.14599 | C25: ='[5]NRMCA mixture Eastern'!$O$57*'[4]Inflow Cement results3'!CS118 -> 177.66124 | D25: ='[5]NRMCA mixture Eastern'!$O$57*'[4]Inflow Cement results3'!CT118 -> 180.1071 | E25: ='[5]NRMCA mixture Eastern'!$O$57*'[4]Inflow Cement results3'!CU118 -> 182.52762 | F25: ='[5]NRMCA mixture Eastern'!$O$57*'[4]Inflow Cement results3'!CV118 -> 184.87011 | G25: ='[5]NRMCA mixture Eastern'!$O$57*'[4]Inflow Cement results3'!CW118 -> 187.18054 | H25: ='[5]NRMCA mixture Eastern'!$O$57*'[4]Inflow Cement results3'!CX118 -> 189.3738 | I25: ='[5]NRMCA mixture Eastern'!$O$57*'[4]Inflow Cement results3'!CY118 -> 191.52806 | ... AA25: ='[5]NRMCA mixture Eastern'!$O$57*'[4]Inflow Cement results3'!DQ118 -> 258.26763
A26: ='[4]State Stock Calc'!A232 -> Michigan | B26: ='[5]NRMCA mixture GL Midwest'!$O$57*'[4]Inflow Cement results3'!CR123 -> 194.43773 | C26: ='[5]NRMCA mixture GL Midwest'!$O$57*'[4]Inflow Cement results3'!CS123 -> 196.3503 | D26: ='[5]NRMCA mixture GL Midwest'!$O$57*'[4]Inflow Cement results3'!CT123 -> 198.14732 | E26: ='[5]NRMCA mixture GL Midwest'!$O$57*'[4]Inflow Cement results3'!CU123 -> 199.86819 | F26: ='[5]NRMCA mixture GL Midwest'!$O$57*'[4]Inflow Cement results3'!CV123 -> 201.45695 | G26: ='[5]NRMCA mixture GL Midwest'!$O$57*'[4]Inflow Cement results3'!CW123 -> 202.95346 | H26: ='[5]NRMCA mixture GL Midwest'!$O$57*'[4]Inflow Cement results3'!CX123 -> 204.26856 | I26: ='[5]NRMCA mixture GL Midwest'!$O$57*'[4]Inflow Cement results3'!CY123 -> 205.47265 | ... AA26: ='[5]NRMCA mixture GL Midwest'!$O$57*'[4]Inflow Cement results3'!DQ123 -> 233.60286
A27: ='[4]State Stock Calc'!A242 -> Minnesota | B27: ='[5]NRMCA mixture North Central'!$O$57*'[4]Inflow Cement results3'!CR128 -> 17.299016 | C27: ='[5]NRMCA mixture North Central'!$O$57*'[4]Inflow Cement results3'!CS128 -> 17.475744 | D27: ='[5]NRMCA mixture North Central'!$O$57*'[4]Inflow Cement results3'!CT128 -> 17.645212 | E27: ='[5]NRMCA mixture North Central'!$O$57*'[4]Inflow Cement results3'!CU128 -> 17.811298 | F27: ='[5]NRMCA mixture North Central'!$O$57*'[4]Inflow Cement results3'!CV128 -> 17.968852 | G27: ='[5]NRMCA mixture North Central'!$O$57*'[4]Inflow Cement results3'!CW128 -> 18.121741 | H27: ='[5]NRMCA mixture North Central'!$O$57*'[4]Inflow Cement results3'!CX128 -> 18.261679 | I27: ='[5]NRMCA mixture North Central'!$O$57*'[4]Inflow Cement results3'!CY128 -> 18.395419 | ... AA27: ='[5]NRMCA mixture North Central'!$O$57*'[4]Inflow Cement results3'!DQ128 -> 22.538557
A28: ='[4]State Stock Calc'!A252 -> Mississippi | B28: ='[5]NRMCA mixture National'!$O$57*'[4]Inflow Cement results3'!CR133 -> 41.808328 | C28: ='[5]NRMCA mixture National'!$O$57*'[4]Inflow Cement results3'!CS133 -> 42.158821 | D28: ='[5]NRMCA mixture National'!$O$57*'[4]Inflow Cement results3'!CT133 -> 42.482846 | E28: ='[5]NRMCA mixture National'!$O$57*'[4]Inflow Cement results3'!CU133 -> 42.789235 | F28: ='[5]NRMCA mixture National'!$O$57*'[4]Inflow Cement results3'!CV133 -> 43.065171 | G28: ='[5]NRMCA mixture National'!$O$57*'[4]Inflow Cement results3'!CW133 -> 43.319495 | H28: ='[5]NRMCA mixture National'!$O$57*'[4]Inflow Cement results3'!CX133 -> 43.532002 | I28: ='[5]NRMCA mixture National'!$O$57*'[4]Inflow Cement results3'!CY133 -> 43.718673 | ... AA28: ='[5]NRMCA mixture National'!$O$57*'[4]Inflow Cement results3'!DQ133 -> 50.402474
A29: ='[4]State Stock Calc'!A262 -> Missouri | B29: ='[5]NRMCA mixture South Central'!$O$57*'[4]Inflow Cement results3'!CR138 -> 106.18096 | C29: ='[5]NRMCA mixture South Central'!$O$57*'[4]Inflow Cement results3'!CS138 -> 108.23977 | D29: ='[5]NRMCA mixture South Central'!$O$57*'[4]Inflow Cement results3'!CT138 -> 110.18934 | E29: ='[5]NRMCA mixture South Central'!$O$57*'[4]Inflow Cement results3'!CU138 -> 112.0612 | F29: ='[5]NRMCA mixture South Central'!$O$57*'[4]Inflow Cement results3'!CV138 -> 113.82044 | G29: ='[5]NRMCA mixture South Central'!$O$57*'[4]Inflow Cement results3'!CW138 -> 115.49783 | H29: ='[5]NRMCA mixture South Central'!$O$57*'[4]Inflow Cement results3'!CX138 -> 117.03604 | I29: ='[5]NRMCA mixture South Central'!$O$57*'[4]Inflow Cement results3'!CY138 -> 118.48673 | ... AA29: ='[5]NRMCA mixture South Central'!$O$57*'[4]Inflow Cement results3'!DQ138 -> 148.75529
A30: ='[4]State Stock Calc'!A272 -> Montana | B30: ='[5]NRMCA mixture Pacific NW'!$O$57*'[4]Inflow Cement results3'!CR143 -> 10.361214 | C30: ='[5]NRMCA mixture Pacific NW'!$O$57*'[4]Inflow Cement results3'!CS143 -> 10.550797 | D30: ='[5]NRMCA mixture Pacific NW'!$O$57*'[4]Inflow Cement results3'!CT143 -> 10.750893 | E30: ='[5]NRMCA mixture Pacific NW'!$O$57*'[4]Inflow Cement results3'!CU143 -> 10.965439 | F30: ='[5]NRMCA mixture Pacific NW'!$O$57*'[4]Inflow Cement results3'!CV143 -> 11.193607 | G30: ='[5]NRMCA mixture Pacific NW'!$O$57*'[4]Inflow Cement results3'!CW143 -> 11.439718 | H30: ='[5]NRMCA mixture Pacific NW'!$O$57*'[4]Inflow Cement results3'!CX143 -> 11.701581 | I30: ='[5]NRMCA mixture Pacific NW'!$O$57*'[4]Inflow Cement results3'!CY143 -> 11.985511 | ... AA30: ='[5]NRMCA mixture Pacific NW'!$O$57*'[4]Inflow Cement results3'!DQ143 -> 23.102486
A31: ='[4]State Stock Calc'!A282 -> Nebraska | B31: ='[5]NRMCA mixture North Central'!$O$57*'[4]Inflow Cement results3'!CR148 -> 10.30643 | C31: ='[5]NRMCA mixture North Central'!$O$57*'[4]Inflow Cement results3'!CS148 -> 10.373105 | D31: ='[5]NRMCA mixture North Central'!$O$57*'[4]Inflow Cement results3'!CT148 -> 10.433569 | E31: ='[5]NRMCA mixture North Central'!$O$57*'[4]Inflow Cement results3'!CU148 -> 10.490375 | F31: ='[5]NRMCA mixture North Central'!$O$57*'[4]Inflow Cement results3'!CV148 -> 10.540234 | G31: ='[5]NRMCA mixture North Central'!$O$57*'[4]Inflow Cement results3'!CW148 -> 10.585762 | H31: ='[5]NRMCA mixture North Central'!$O$57*'[4]Inflow Cement results3'!CX148 -> 10.621773 | I31: ='[5]NRMCA mixture North Central'!$O$57*'[4]Inflow Cement results3'!CY148 -> 10.652913 | ... AA31: ='[5]NRMCA mixture North Central'!$O$57*'[4]Inflow Cement results3'!DQ148 -> 12.714759
A32: ='[4]State Stock Calc'!A292 -> Nevada | B32: ='[5]NRMCA mixture Pacific SW'!$O$57*'[4]Inflow Cement results3'!CR153 -> 29.412122 | C32: ='[5]NRMCA mixture Pacific SW'!$O$57*'[4]Inflow Cement results3'!CS153 -> 29.676476 | D32: ='[5]NRMCA mixture Pacific SW'!$O$57*'[4]Inflow Cement results3'!CT153 -> 29.916389 | E32: ='[5]NRMCA mixture Pacific SW'!$O$57*'[4]Inflow Cement results3'!CU153 -> 30.13935 | F32: ='[5]NRMCA mixture Pacific SW'!$O$57*'[4]Inflow Cement results3'!CV153 -> 30.334483 | G32: ='[5]NRMCA mixture Pacific SW'!$O$57*'[4]Inflow Cement results3'!CW153 -> 30.509662 | H32: ='[5]NRMCA mixture Pacific SW'!$O$57*'[4]Inflow Cement results3'!CX153 -> 30.648121 | I32: ='[5]NRMCA mixture Pacific SW'!$O$57*'[4]Inflow Cement results3'!CY153 -> 30.764129 | ... AA32: ='[5]NRMCA mixture Pacific SW'!$O$57*'[4]Inflow Cement results3'!DQ153 -> 35.291562
A33: ='[4]State Stock Calc'!A302 -> New Hampshire | B33: ='[5]NRMCA mixture Eastern'!$O$57*'[4]Inflow Cement results3'!CR158 -> 42.331643 | C33: ='[5]NRMCA mixture Eastern'!$O$57*'[4]Inflow Cement results3'!CS158 -> 42.832439 | D33: ='[5]NRMCA mixture Eastern'!$O$57*'[4]Inflow Cement results3'!CT158 -> 43.308168 | E33: ='[5]NRMCA mixture Eastern'!$O$57*'[4]Inflow Cement results3'!CU158 -> 43.766613 | F33: ='[5]NRMCA mixture Eastern'!$O$57*'[4]Inflow Cement results3'!CV158 -> 44.193208 | G33: ='[5]NRMCA mixture Eastern'!$O$57*'[4]Inflow Cement results3'!CW158 -> 44.595098 | H33: ='[5]NRMCA mixture Eastern'!$O$57*'[4]Inflow Cement results3'!CX158 -> 44.949591 | I33: ='[5]NRMCA mixture Eastern'!$O$57*'[4]Inflow Cement results3'!CY158 -> 45.270593 | ... AA33: ='[5]NRMCA mixture Eastern'!$O$57*'[4]Inflow Cement results3'!DQ158 -> 52.9914
A34: ='[4]State Stock Calc'!A312 -> New Jersey | B34: ='[5]NRMCA mixture Eastern'!$O$57*'[4]Inflow Cement results3'!CR163 -> 241.0967 | C34: ='[5]NRMCA mixture Eastern'!$O$57*'[4]Inflow Cement results3'!CS163 -> 244.31694 | D34: ='[5]NRMCA mixture Eastern'!$O$57*'[4]Inflow Cement results3'!CT163 -> 247.42716 | E34: ='[5]NRMCA mixture Eastern'!$O$57*'[4]Inflow Cement results3'!CU163 -> 250.48409 | F34: ='[5]NRMCA mixture Eastern'!$O$57*'[4]Inflow Cement results3'!CV163 -> 253.40993 | G34: ='[5]NRMCA mixture Eastern'!$O$57*'[4]Inflow Cement results3'!CW163 -> 256.26317 | H34: ='[5]NRMCA mixture Eastern'!$O$57*'[4]Inflow Cement results3'!CX163 -> 258.92113 | I34: ='[5]NRMCA mixture Eastern'!$O$57*'[4]Inflow Cement results3'!CY163 -> 261.48785 | ... AA34: ='[5]NRMCA mixture Eastern'!$O$57*'[4]Inflow Cement results3'!DQ163 -> 344.90661
A35: ='[4]State Stock Calc'!A322 -> New Mexico | B35: ='[5]NRMCA mixture National'!$O$57*'[4]Inflow Cement results3'!CR168 -> 35.382907 | C35: ='[5]NRMCA mixture National'!$O$57*'[4]Inflow Cement results3'!CS168 -> 35.709299 | D35: ='[5]NRMCA mixture National'!$O$57*'[4]Inflow Cement results3'!CT168 -> 36.013085 | E35: ='[5]NRMCA mixture National'!$O$57*'[4]Inflow Cement results3'!CU168 -> 36.301383 | F35: ='[5]NRMCA mixture National'!$O$57*'[4]Inflow Cement results3'!CV168 -> 36.563602 | G35: ='[5]NRMCA mixture National'!$O$57*'[4]Inflow Cement results3'!CW168 -> 36.806819 | H35: ='[5]NRMCA mixture National'!$O$57*'[4]Inflow Cement results3'!CX168 -> 37.014261 | I35: ='[5]NRMCA mixture National'!$O$57*'[4]Inflow Cement results3'!CY168 -> 37.198694 | ... AA35: ='[5]NRMCA mixture National'!$O$57*'[4]Inflow Cement results3'!DQ168 -> 42.062649
A36: ='[4]State Stock Calc'!A332 -> New York | B36: ='[5]NRMCA mixture Eastern'!$O$57*'[4]Inflow Cement results3'!CR173 -> 425.83145 | C36: ='[5]NRMCA mixture Eastern'!$O$57*'[4]Inflow Cement results3'!CS173 -> 431.55978 | D36: ='[5]NRMCA mixture Eastern'!$O$57*'[4]Inflow Cement results3'!CT173 -> 437.18074 | E36: ='[5]NRMCA mixture Eastern'!$O$57*'[4]Inflow Cement results3'!CU173 -> 442.7972 | F36: ='[5]NRMCA mixture Eastern'!$O$57*'[4]Inflow Cement results3'!CV173 -> 448.28668 | G36: ='[5]NRMCA mixture Eastern'!$O$57*'[4]Inflow Cement results3'!CW173 -> 453.75467 | H36: ='[5]NRMCA mixture Eastern'!$O$57*'[4]Inflow Cement results3'!CX173 -> 459.00312 | I36: ='[5]NRMCA mixture Eastern'!$O$57*'[4]Inflow Cement results3'!CY173 -> 464.21413 | ... AA36: ='[5]NRMCA mixture Eastern'!$O$57*'[4]Inflow Cement results3'!DQ173 -> 652.43941
A37: ='[4]State Stock Calc'!A342 -> North Carolina | B37: ='[5]NRMCA mixture National'!$O$57*'[4]Inflow Cement results3'!CR178 -> 134.25971 | C37: ='[5]NRMCA mixture National'!$O$57*'[4]Inflow Cement results3'!CS178 -> 135.95243 | D37: ='[5]NRMCA mixture National'!$O$57*'[4]Inflow Cement results3'!CT178 -> 137.56511 | E37: ='[5]NRMCA mixture National'!$O$57*'[4]Inflow Cement results3'!CU178 -> 139.12038 | F37: ='[5]NRMCA mixture National'!$O$57*'[4]Inflow Cement results3'!CV178 -> 140.57848 | G37: ='[5]NRMCA mixture National'!$O$57*'[4]Inflow Cement results3'!CW178 -> 141.9617 | H37: ='[5]NRMCA mixture National'!$O$57*'[4]Inflow Cement results3'!CX178 -> 143.20777 | I37: ='[5]NRMCA mixture National'!$O$57*'[4]Inflow Cement results3'!CY178 -> 144.359 | ... AA37: ='[5]NRMCA mixture National'!$O$57*'[4]Inflow Cement results3'!DQ178 -> 170.78385
A38: ='[4]State Stock Calc'!A352 -> North Dakota | B38: ='[5]NRMCA mixture North Central'!$O$57*'[4]Inflow Cement results3'!CR183 -> 3.4872458 | C38: ='[5]NRMCA mixture North Central'!$O$57*'[4]Inflow Cement results3'!CS183 -> 3.505942 | D38: ='[5]NRMCA mixture North Central'!$O$57*'[4]Inflow Cement results3'!CT183 -> 3.5225138 | E38: ='[5]NRMCA mixture North Central'!$O$57*'[4]Inflow Cement results3'!CU183 -> 3.5378445 | F38: ='[5]NRMCA mixture North Central'!$O$57*'[4]Inflow Cement results3'!CV183 -> 3.5506221 | G38: ='[5]NRMCA mixture North Central'!$O$57*'[4]Inflow Cement results3'!CW183 -> 3.5617195 | H38: ='[5]NRMCA mixture North Central'!$O$57*'[4]Inflow Cement results3'!CX183 -> 3.5690837 | I38: ='[5]NRMCA mixture North Central'!$O$57*'[4]Inflow Cement results3'!CY183 -> 3.5743175 | ... AA38: ='[5]NRMCA mixture North Central'!$O$57*'[4]Inflow Cement results3'!DQ183 -> 4.442065
A39: ='[4]State Stock Calc'!A362 -> Ohio | B39: ='[5]NRMCA mixture GL Midwest'!$O$57*'[4]Inflow Cement results3'!CR188 -> 250.95801 | C39: ='[5]NRMCA mixture GL Midwest'!$O$57*'[4]Inflow Cement results3'!CS188 -> 253.1808 | D39: ='[5]NRMCA mixture GL Midwest'!$O$57*'[4]Inflow Cement results3'!CT188 -> 255.24808 | E39: ='[5]NRMCA mixture GL Midwest'!$O$57*'[4]Inflow Cement results3'!CU188 -> 257.20931 | F39: ='[5]NRMCA mixture GL Midwest'!$O$57*'[4]Inflow Cement results3'!CV188 -> 258.9865 | G39: ='[5]NRMCA mixture GL Midwest'!$O$57*'[4]Inflow Cement results3'!CW188 -> 260.62828 | H39: ='[5]NRMCA mixture GL Midwest'!$O$57*'[4]Inflow Cement results3'!CX188 -> 262.01226 | I39: ='[5]NRMCA mixture GL Midwest'!$O$57*'[4]Inflow Cement results3'!CY188 -> 263.22799 | ... AA39: ='[5]NRMCA mixture GL Midwest'!$O$57*'[4]Inflow Cement results3'!DQ188 -> 297.11194
A40: ='[4]State Stock Calc'!A372 -> Oklahoma | B40: ='[5]NRMCA mixture South Central'!$O$57*'[4]Inflow Cement results3'!CR193 -> 77.782112 | C40: ='[5]NRMCA mixture South Central'!$O$57*'[4]Inflow Cement results3'!CS193 -> 78.528758 | D40: ='[5]NRMCA mixture South Central'!$O$57*'[4]Inflow Cement results3'!CT193 -> 79.234023 | E40: ='[5]NRMCA mixture South Central'!$O$57*'[4]Inflow Cement results3'!CU193 -> 79.91558 | F40: ='[5]NRMCA mixture South Central'!$O$57*'[4]Inflow Cement results3'!CV193 -> 80.549196 | G40: ='[5]NRMCA mixture South Central'!$O$57*'[4]Inflow Cement results3'!CW193 -> 81.152985 | H40: ='[5]NRMCA mixture South Central'!$O$57*'[4]Inflow Cement results3'!CX193 -> 81.688637 | I40: ='[5]NRMCA mixture South Central'!$O$57*'[4]Inflow Cement results3'!CY193 -> 82.188615 | ... AA40: ='[5]NRMCA mixture South Central'!$O$57*'[4]Inflow Cement results3'!DQ193 -> 103.7339
A41: ='[4]State Stock Calc'!A382 -> Oregon | B41: ='[5]NRMCA mixture Pacific NW'!$O$57*'[4]Inflow Cement results3'!CR198 -> 29.780411 | C41: ='[5]NRMCA mixture Pacific NW'!$O$57*'[4]Inflow Cement results3'!CS198 -> 30.140931 | D41: ='[5]NRMCA mixture Pacific NW'!$O$57*'[4]Inflow Cement results3'!CT198 -> 30.481556 | E41: ='[5]NRMCA mixture Pacific NW'!$O$57*'[4]Inflow Cement results3'!CU198 -> 30.808189 | F41: ='[5]NRMCA mixture Pacific NW'!$O$57*'[4]Inflow Cement results3'!CV198 -> 31.110373 | G41: ='[5]NRMCA mixture Pacific NW'!$O$57*'[4]Inflow Cement results3'!CW198 -> 31.393982 | H41: ='[5]NRMCA mixture Pacific NW'!$O$57*'[4]Inflow Cement results3'!CX198 -> 31.64303 | I41: ='[5]NRMCA mixture Pacific NW'!$O$57*'[4]Inflow Cement results3'!CY198 -> 31.868853 | ... AA41: ='[5]NRMCA mixture Pacific NW'!$O$57*'[4]Inflow Cement results3'!DQ198 -> 37.392152
A42: ='[4]State Stock Calc'!A392 -> Pennsylvania | B42: ='[5]NRMCA mixture Eastern'!$O$57*'[4]Inflow Cement results3'!CR203 -> 465.53899 | C42: ='[5]NRMCA mixture Eastern'!$O$57*'[4]Inflow Cement results3'!CS203 -> 469.79419 | D42: ='[5]NRMCA mixture Eastern'!$O$57*'[4]Inflow Cement results3'!CT203 -> 473.76007 | E42: ='[5]NRMCA mixture Eastern'!$O$57*'[4]Inflow Cement results3'!CU203 -> 477.538 | F42: ='[5]NRMCA mixture Eastern'!$O$57*'[4]Inflow Cement results3'!CV203 -> 480.97777 | G42: ='[5]NRMCA mixture Eastern'!$O$57*'[4]Inflow Cement results3'!CW203 -> 484.17909 | H42: ='[5]NRMCA mixture Eastern'!$O$57*'[4]Inflow Cement results3'!CX203 -> 486.90468 | I42: ='[5]NRMCA mixture Eastern'!$O$57*'[4]Inflow Cement results3'!CY203 -> 489.33443 | ... AA42: ='[5]NRMCA mixture Eastern'!$O$57*'[4]Inflow Cement results3'!DQ203 -> 563.87313
A43: ='[4]State Stock Calc'!A402 -> Rhode Island | B43: ='[5]NRMCA mixture Eastern'!$O$57*'[4]Inflow Cement results3'!CR208 -> 20.417286 | C43: ='[5]NRMCA mixture Eastern'!$O$57*'[4]Inflow Cement results3'!CS208 -> 20.755141 | D43: ='[5]NRMCA mixture Eastern'!$O$57*'[4]Inflow Cement results3'!CT208 -> 21.088134 | E43: ='[5]NRMCA mixture Eastern'!$O$57*'[4]Inflow Cement results3'!CU208 -> 21.421469 | F43: ='[5]NRMCA mixture Eastern'!$O$57*'[4]Inflow Cement results3'!CV208 -> 21.748972 | G43: ='[5]NRMCA mixture Eastern'!$O$57*'[4]Inflow Cement results3'!CW208 -> 22.076352 | H43: ='[5]NRMCA mixture Eastern'!$O$57*'[4]Inflow Cement results3'!CX208 -> 22.393964 | I43: ='[5]NRMCA mixture Eastern'!$O$57*'[4]Inflow Cement results3'!CY208 -> 22.71185 | ... AA43: ='[5]NRMCA mixture Eastern'!$O$57*'[4]Inflow Cement results3'!DQ208 -> 34.417358
A44: ='[4]State Stock Calc'!A412 -> South Carolina | B44: ='[5]NRMCA mixture National'!$O$57*'[4]Inflow Cement results3'!CR213 -> 72.247067 | C44: ='[5]NRMCA mixture National'!$O$57*'[4]Inflow Cement results3'!CS213 -> 73.584284 | D44: ='[5]NRMCA mixture National'!$O$57*'[4]Inflow Cement results3'!CT213 -> 74.904872 | E44: ='[5]NRMCA mixture National'!$O$57*'[4]Inflow Cement results3'!CU213 -> 76.221321 | F44: ='[5]NRMCA mixture National'!$O$57*'[4]Inflow Cement results3'!CV213 -> 77.513704 | G44: ='[5]NRMCA mixture National'!$O$57*'[4]Inflow Cement results3'!CW213 -> 78.794854 | H44: ='[5]NRMCA mixture National'!$O$57*'[4]Inflow Cement results3'!CX213 -> 80.033421 | I44: ='[5]NRMCA mixture National'!$O$57*'[4]Inflow Cement results3'!CY213 -> 81.253355 | ... AA44: ='[5]NRMCA mixture National'!$O$57*'[4]Inflow Cement results3'!DQ213 -> 113.95424
A45: ='[4]State Stock Calc'!A422 -> South Dakota | B45: ='[5]NRMCA mixture North Central'!$O$57*'[4]Inflow Cement results3'!CR218 -> 3.3049795 | C45: ='[5]NRMCA mixture North Central'!$O$57*'[4]Inflow Cement results3'!CS218 -> 3.3363793 | D45: ='[5]NRMCA mixture North Central'!$O$57*'[4]Inflow Cement results3'!CT218 -> 3.3668414 | E45: ='[5]NRMCA mixture North Central'!$O$57*'[4]Inflow Cement results3'!CU218 -> 3.3974455 | F45: ='[5]NRMCA mixture North Central'!$O$57*'[4]Inflow Cement results3'!CV218 -> 3.4271692 | G45: ='[5]NRMCA mixture North Central'!$O$57*'[4]Inflow Cement results3'!CW218 -> 3.4571692 | H45: ='[5]NRMCA mixture North Central'!$O$57*'[4]Inflow Cement results3'!CX218 -> 3.485768 | I45: ='[5]NRMCA mixture North Central'!$O$57*'[4]Inflow Cement results3'!CY218 -> 3.5148873 | ... AA45: ='[5]NRMCA mixture North Central'!$O$57*'[4]Inflow Cement results3'!DQ218 -> 5.1363179
A46: ='[4]State Stock Calc'!A432 -> Tennessee | B46: ='[5]NRMCA mixture National'!$O$57*'[4]Inflow Cement results3'!CR223 -> 101.06846 | C46: ='[5]NRMCA mixture National'!$O$57*'[4]Inflow Cement results3'!CS223 -> 102.39514 | D46: ='[5]NRMCA mixture National'!$O$57*'[4]Inflow Cement results3'!CT223 -> 103.65378 | E46: ='[5]NRMCA mixture National'!$O$57*'[4]Inflow Cement results3'!CU223 -> 104.86191 | F46: ='[5]NRMCA mixture National'!$O$57*'[4]Inflow Cement results3'!CV223 -> 105.98843 | G46: ='[5]NRMCA mixture National'!$O$57*'[4]Inflow Cement results3'!CW223 -> 107.0509 | H46: ='[5]NRMCA mixture National'!$O$57*'[4]Inflow Cement results3'!CX223 -> 108.00108 | I46: ='[5]NRMCA mixture National'!$O$57*'[4]Inflow Cement results3'!CY223 -> 108.87256 | ... AA46: ='[5]NRMCA mixture National'!$O$57*'[4]Inflow Cement results3'!DQ223 -> 127.84427
A47: ='[4]State Stock Calc'!A442 -> Texas | B47: ='[5]NRMCA mixture South Central'!$O$57*'[4]Inflow Cement results3'!CR228 -> 610.65225 | C47: ='[5]NRMCA mixture South Central'!$O$57*'[4]Inflow Cement results3'!CS228 -> 623.10556 | D47: ='[5]NRMCA mixture South Central'!$O$57*'[4]Inflow Cement results3'!CT228 -> 636.12715 | E47: ='[5]NRMCA mixture South Central'!$O$57*'[4]Inflow Cement results3'!CU228 -> 649.96218 | F47: ='[5]NRMCA mixture South Central'!$O$57*'[4]Inflow Cement results3'!CV228 -> 664.5189 | G47: ='[5]NRMCA mixture South Central'!$O$57*'[4]Inflow Cement results3'!CW228 -> 680.06379 | H47: ='[5]NRMCA mixture South Central'!$O$57*'[4]Inflow Cement results3'!CX228 -> 696.40378 | I47: ='[5]NRMCA mixture South Central'!$O$57*'[4]Inflow Cement results3'!CY228 -> 713.93587 | ... AA47: ='[5]NRMCA mixture South Central'!$O$57*'[4]Inflow Cement results3'!DQ228 -> 1251.2331
A48: ='[4]State Stock Calc'!A452 -> Utah | B48: ='[5]NRMCA mixture National'!$O$57*'[4]Inflow Cement results3'!CR233 -> 66.563624 | C48: ='[5]NRMCA mixture National'!$O$57*'[4]Inflow Cement results3'!CS233 -> 68.125244 | D48: ='[5]NRMCA mixture National'!$O$57*'[4]Inflow Cement results3'!CT233 -> 69.716313 | E48: ='[5]NRMCA mixture National'!$O$57*'[4]Inflow Cement results3'!CU233 -> 71.354201 | F48: ='[5]NRMCA mixture National'!$O$57*'[4]Inflow Cement results3'!CV233 -> 73.027122 | G48: ='[5]NRMCA mixture National'!$O$57*'[4]Inflow Cement results3'!CW233 -> 74.753533 | H48: ='[5]NRMCA mixture National'!$O$57*'[4]Inflow Cement results3'!CX233 -> 76.512149 | I48: ='[5]NRMCA mixture National'!$O$57*'[4]Inflow Cement results3'!CY233 -> 78.332085 | ... AA48: ='[5]NRMCA mixture National'!$O$57*'[4]Inflow Cement results3'!DQ233 -> 119.96439
A49: ='[4]State Stock Calc'!A462 -> Vermont | B49: ='[5]NRMCA mixture Eastern'!$O$57*'[4]Inflow Cement results3'!CR238 -> 18.474534 | C49: ='[5]NRMCA mixture Eastern'!$O$57*'[4]Inflow Cement results3'!CS238 -> 18.681448 | D49: ='[5]NRMCA mixture Eastern'!$O$57*'[4]Inflow Cement results3'!CT238 -> 18.881192 | E49: ='[5]NRMCA mixture Eastern'!$O$57*'[4]Inflow Cement results3'!CU238 -> 19.077829 | F49: ='[5]NRMCA mixture Eastern'!$O$57*'[4]Inflow Cement results3'!CV238 -> 19.265604 | G49: ='[5]NRMCA mixture Eastern'!$O$57*'[4]Inflow Cement results3'!CW238 -> 19.448483 | H49: ='[5]NRMCA mixture Eastern'!$O$57*'[4]Inflow Cement results3'!CX238 -> 19.617267 | I49: ='[5]NRMCA mixture Eastern'!$O$57*'[4]Inflow Cement results3'!CY238 -> 19.77904 | ... AA49: ='[5]NRMCA mixture Eastern'!$O$57*'[4]Inflow Cement results3'!DQ238 -> 25.19808
A50: ='[4]State Stock Calc'!A472 -> Virginia | B50: ='[5]NRMCA mixture Eastern'!$O$57*'[4]Inflow Cement results3'!CR243 -> 376.01423 | C50: ='[5]NRMCA mixture Eastern'!$O$57*'[4]Inflow Cement results3'!CS243 -> 381.17457 | D50: ='[5]NRMCA mixture Eastern'!$O$57*'[4]Inflow Cement results3'!CT243 -> 386.119 | E50: ='[5]NRMCA mixture Eastern'!$O$57*'[4]Inflow Cement results3'!CU243 -> 390.91133 | F50: ='[5]NRMCA mixture Eastern'!$O$57*'[4]Inflow Cement results3'!CV243 -> 395.43909 | G50: ='[5]NRMCA mixture Eastern'!$O$57*'[4]Inflow Cement results3'!CW243 -> 399.76751 | H50: ='[5]NRMCA mixture Eastern'!$O$57*'[4]Inflow Cement results3'!CX243 -> 403.72284 | I50: ='[5]NRMCA mixture Eastern'!$O$57*'[4]Inflow Cement results3'!CY243 -> 407.43057 | ... AA50: ='[5]NRMCA mixture Eastern'!$O$57*'[4]Inflow Cement results3'!DQ243 -> 503.39486
A51: ='[4]State Stock Calc'!A482 -> Washington | B51: ='[5]NRMCA mixture Pacific NW'!$O$57*'[4]Inflow Cement results3'!CR248 -> 63.765019 | C51: ='[5]NRMCA mixture Pacific NW'!$O$57*'[4]Inflow Cement results3'!CS248 -> 64.390091 | D51: ='[5]NRMCA mixture Pacific NW'!$O$57*'[4]Inflow Cement results3'!CT248 -> 64.99014 | E51: ='[5]NRMCA mixture Pacific NW'!$O$57*'[4]Inflow Cement results3'!CU248 -> 65.577262 | F51: ='[5]NRMCA mixture Pacific NW'!$O$57*'[4]Inflow Cement results3'!CV248 -> 66.134493 | G51: ='[5]NRMCA mixture Pacific NW'!$O$57*'[4]Inflow Cement results3'!CW248 -> 66.673957 | H51: ='[5]NRMCA mixture Pacific NW'!$O$57*'[4]Inflow Cement results3'!CX248 -> 67.168552 | I51: ='[5]NRMCA mixture Pacific NW'!$O$57*'[4]Inflow Cement results3'!CY248 -> 67.640181 | ... AA51: ='[5]NRMCA mixture Pacific NW'!$O$57*'[4]Inflow Cement results3'!DQ248 -> 83.882487
A52: ='[4]State Stock Calc'!A492 -> West Virginia | B52: ='[5]NRMCA mixture Eastern'!$O$57*'[4]Inflow Cement results3'!CR253 -> 72.98599 | C52: ='[5]NRMCA mixture Eastern'!$O$57*'[4]Inflow Cement results3'!CS253 -> 73.757694 | D52: ='[5]NRMCA mixture Eastern'!$O$57*'[4]Inflow Cement results3'!CT253 -> 74.50321 | E52: ='[5]NRMCA mixture Eastern'!$O$57*'[4]Inflow Cement results3'!CU253 -> 75.237534 | F52: ='[5]NRMCA mixture Eastern'!$O$57*'[4]Inflow Cement results3'!CV253 -> 75.93817 | G52: ='[5]NRMCA mixture Eastern'!$O$57*'[4]Inflow Cement results3'!CW253 -> 76.619303 | H52: ='[5]NRMCA mixture Eastern'!$O$57*'[4]Inflow Cement results3'!CX253 -> 77.245118 | I52: ='[5]NRMCA mixture Eastern'!$O$57*'[4]Inflow Cement results3'!CY253 -> 77.84168 | ... AA52: ='[5]NRMCA mixture Eastern'!$O$57*'[4]Inflow Cement results3'!DQ253 -> 98.440002
A53: ='[4]State Stock Calc'!A502 -> Wisconsin | B53: ='[5]NRMCA mixture GL Midwest'!$O$57*'[4]Inflow Cement results3'!CR258 -> 138.34653 | C53: ='[5]NRMCA mixture GL Midwest'!$O$57*'[4]Inflow Cement results3'!CS258 -> 139.63985 | D53: ='[5]NRMCA mixture GL Midwest'!$O$57*'[4]Inflow Cement results3'!CT258 -> 140.85886 | E53: ='[5]NRMCA mixture GL Midwest'!$O$57*'[4]Inflow Cement results3'!CU258 -> 142.03297 | F53: ='[5]NRMCA mixture GL Midwest'!$O$57*'[4]Inflow Cement results3'!CV258 -> 143.12238 | G53: ='[5]NRMCA mixture GL Midwest'!$O$57*'[4]Inflow Cement results3'!CW258 -> 144.15614 | H53: ='[5]NRMCA mixture GL Midwest'!$O$57*'[4]Inflow Cement results3'!CX258 -> 145.06984 | I53: ='[5]NRMCA mixture GL Midwest'!$O$57*'[4]Inflow Cement results3'!CY258 -> 145.91416 | ... AA53: ='[5]NRMCA mixture GL Midwest'!$O$57*'[4]Inflow Cement results3'!DQ258 -> 169.95768
A54: ='[4]State Stock Calc'!A512 -> Wyoming | B54: ='[5]NRMCA mixture National'!$O$57*'[4]Inflow Cement results3'!CR263 -> 11.037747 | C54: ='[5]NRMCA mixture National'!$O$57*'[4]Inflow Cement results3'!CS263 -> 11.098709 | D54: ='[5]NRMCA mixture National'!$O$57*'[4]Inflow Cement results3'!CT263 -> 11.154849 | E54: ='[5]NRMCA mixture National'!$O$57*'[4]Inflow Cement results3'!CU263 -> 11.209409 | F54: ='[5]NRMCA mixture National'!$O$57*'[4]Inflow Cement results3'!CV263 -> 11.259387 | G54: ='[5]NRMCA mixture National'!$O$57*'[4]Inflow Cement results3'!CW263 -> 11.308454 | H54: ='[5]NRMCA mixture National'!$O$57*'[4]Inflow Cement results3'!CX263 -> 11.351934 | I54: ='[5]NRMCA mixture National'!$O$57*'[4]Inflow Cement results3'!CY263 -> 11.396161 | ... AA54: ='[5]NRMCA mixture National'!$O$57*'[4]Inflow Cement results3'!DQ263 -> 15.737735

Sheet 6. Concrete waste
A1: Projected concrete taken out of service (waste) per US state (m3)
B3: 2025 | C3: 2026 | D3: 2027 | E3: 2028 | F3: 2029 | G3: 2030 | H3: 2031 | I3: 2032 | J3: 2033 | K3: 2034 | L3: 2035 | M3: 2036 | N3: 2037 | O3: 2038 | P3: 2039 | Q3: 2040 | R3: 2041 | S3: 2042 | T3: 2043 | U3: 2044 | V3: 2045 | W3: 2046 | X3: 2047 | Y3: 2048 | Z3: 2049 | AA3: 2050
A4: USA | B4: =SUM(B5:B54) -> 2.0652558e+08 | C4: =SUM(C5:C54) -> 2.1111968e+08 | D4: =SUM(D5:D54) -> 2.1563971e+08 | E4: =SUM(E5:E54) -> 2.2009636e+08 | F4: =SUM(F5:F54) -> 2.2450127e+08 | G4: =SUM(G5:G54) -> 2.28867e+08 | H4: =SUM(H5:H54) -> 2.3320689e+08 | I4: =SUM(I5:I54) -> 2.3753493e+08 | ... AA4: =SUM(AA5:AA54) -> 3.2239314e+08
A5: Alabama | B5: ='[3]State Cement Outflow'!BY2*'[3]States conc cem ratio'!$BS2/'[3]States conc density'!$BS2*1000000 -> 3536879.1 | C5: ='[3]State Cement Outflow'!BZ2*'[3]States conc cem ratio'!$BS2/'[3]States conc density'!$BS2*1000000 -> 3625717.7 | D5: ='[3]State Cement Outflow'!CA2*'[3]States conc cem ratio'!$BS2/'[3]States conc density'!$BS2*1000000 -> 3712992.7 | E5: ='[3]State Cement Outflow'!CB2*'[3]States conc cem ratio'!$BS2/'[3]States conc density'!$BS2*1000000 -> 3798817.3 | F5: ='[3]State Cement Outflow'!CC2*'[3]States conc cem ratio'!$BS2/'[3]States conc density'!$BS2*1000000 -> 3883327 | G5: ='[3]State Cement Outflow'!CD2*'[3]States conc cem ratio'!$BS2/'[3]States conc density'!$BS2*1000000 -> 3966680.2 | H5: ='[3]State Cement Outflow'!CE2*'[3]States conc cem ratio'!$BS2/'[3]States conc density'!$BS2*1000000 -> 4049057 | I5: ='[3]State Cement Outflow'!CF2*'[3]States conc cem ratio'!$BS2/'[3]States conc density'!$BS2*1000000 -> 4130657.8 | ... AA5: ='[3]State Cement Outflow'!CX2*'[3]States conc cem ratio'!$BS2/'[3]States conc density'!$BS2*1000000 -> 5593201.2
A6: Alaska | B6: ='[3]State Cement Outflow'!BY3*'[3]States conc cem ratio'!$BS3/'[3]States conc density'!$BS3*1000000 -> 1037888.4 | C6: ='[3]State Cement Outflow'!BZ3*'[3]States conc cem ratio'!$BS3/'[3]States conc density'!$BS3*1000000 -> 1066215.5 | D6: ='[3]State Cement Outflow'!CA3*'[3]States conc cem ratio'!$BS3/'[3]States conc density'!$BS3*1000000 -> 1094172.2 | E6: ='[3]State Cement Outflow'!CB3*'[3]States conc cem ratio'!$BS3/'[3]States conc density'!$BS3*1000000 -> 1121795.8 | F6: ='[3]State Cement Outflow'!CC3*'[3]States conc cem ratio'!$BS3/'[3]States conc density'!$BS3*1000000 -> 1149136.6 | G6: ='[3]State Cement Outflow'!CD3*'[3]States conc cem ratio'!$BS3/'[3]States conc density'!$BS3*1000000 -> 1176258.1 | H6: ='[3]State Cement Outflow'!CE3*'[3]States conc cem ratio'!$BS3/'[3]States conc density'!$BS3*1000000 -> 1203237.1 | I6: ='[3]State Cement Outflow'!CF3*'[3]States conc cem ratio'!$BS3/'[3]States conc density'!$BS3*1000000 -> 1230163 | ... AA6: ='[3]State Cement Outflow'!CX3*'[3]States conc cem ratio'!$BS3/'[3]States conc density'!$BS3*1000000 -> 1784267.6
A7: Arizona | B7: ='[3]State Cement Outflow'!BY4*'[3]States conc cem ratio'!$BS4/'[3]States conc density'!$BS4*1000000 -> 4944255.2 | C7: ='[3]State Cement Outflow'!BZ4*'[3]States conc cem ratio'!$BS4/'[3]States conc density'!$BS4*1000000 -> 5075533.7 | D7: ='[3]State Cement Outflow'!CA4*'[3]States conc cem ratio'!$BS4/'[3]States conc density'!$BS4*1000000 -> 5204555.7 | E7: ='[3]State Cement Outflow'!CB4*'[3]States conc cem ratio'!$BS4/'[3]States conc density'!$BS4*1000000 -> 5331523.8 | F7: ='[3]State Cement Outflow'!CC4*'[3]States conc cem ratio'!$BS4/'[3]States conc density'!$BS4*1000000 -> 5456699 | G7: ='[3]State Cement Outflow'!CD4*'[3]States conc cem ratio'!$BS4/'[3]States conc density'!$BS4*1000000 -> 5580402.5 | H7: ='[3]State Cement Outflow'!CE4*'[3]States conc cem ratio'!$BS4/'[3]States conc density'!$BS4*1000000 -> 5703017.3 | I7: ='[3]State Cement Outflow'!CF4*'[3]States conc cem ratio'!$BS4/'[3]States conc density'!$BS4*1000000 -> 5824984.5 | ... AA7: ='[3]State Cement Outflow'!CX4*'[3]States conc cem ratio'!$BS4/'[3]States conc density'!$BS4*1000000 -> 8226927.8
