Workbook
Name Absc_graph: INDIRECT(#REF!)
Name Absc_graph: INDIRECT(#REF!)
Name Absc_graph: INDIRECT(#REF!)
Name Absc_graph: INDIRECT(#REF!)
Name Absc_graph: INDIRECT(#REF!)
Name Absc_graph: INDIRECT(#REF!)
Name Absc_graph: INDIRECT(#REF!)
Name Absc_graph: INDIRECT(#REF!)
Name Absc_graph: INDIRECT('[1]33'!$R$57)
Name Companies: [1]MD!$D$2:$D$66
Name Countries: [1]MD!#REF!
Name Indicators: [1]MD!$F$2:$F$3
Name IQ_CH: 110000
Name IQ_CQ: 5000
Name IQ_CY: 10000
Name IQ_DAILY: 500000
Name IQ_FH: 100000
Name IQ_FQ: 500
Name IQ_FWD_CY: 10001
Name IQ_FWD_CY1: 10002
Name IQ_FWD_CY2: 10003
Name IQ_FWD_FY: 1001
Name IQ_FWD_FY1: 1002
Name IQ_FWD_FY2: 1003
Name IQ_FWD_Q: 501
Name IQ_FWD_Q1: 502
Name IQ_FWD_Q2: 503
Name IQ_FY: 1000
Name IQ_LATESTK: 1000
Name IQ_LATESTQ: 500
Name IQ_LTM: 2000
Name IQ_LTMMONTH: 120000
Name IQ_MONTH: 15000
Name IQ_NTM: 6000
Name IQ_TODAY: 0
Name IQ_WEEK: 50000
Name IQ_YTD: 3000
Name IQ_YTDMONTH: 130000
Name Ord_graph: INDIRECT(#REF!)
Name Ord_graph: INDIRECT(#REF!)
Name Ord_graph: INDIRECT(#REF!)
Name Ord_graph: INDIRECT(#REF!)
Name Ord_graph: INDIRECT(#REF!)
Name Ord_graph: INDIRECT(#REF!)
Name Ord_graph: INDIRECT(#REF!)
Name Ord_graph: INDIRECT(#REF!)
Name Ord_graph: INDIRECT('[1]33'!$R$56)
Name Region: [1]MD!$A$2:$A$71
Name Type: [2]MD!$D$2:$D$57
Name Net_Generation_by_State__Type_1: #REF!
Name Indicators: #REF!
Name Companies: #REF!
Name Net_Generation_by_State__Type_1: #REF!
Name Countries: #REF!
Name Region: #REF!
Name Region: #REF!
Name Net_Generation_by_State__Type_1: #REF!
Name Region: #REF!
Name Companies: #REF!
Name Indicators: #REF!

Sheet Cover Sheet
A1: Supplementary Data for
A2: Chapter 5: Mapping supplementary cementitious material resource potential for concrete decarbonization in the United States
A5: This spreadsheet includes:
A6: SD1 | B6: Cement stock per capita per state
A7: SD2 | B7: Future cement demand per state (for RMC only)
A8: SD3.1 | B8: Electricity generation by coal per state
A9: SD3.2 | B9: Coal consumption for electricity generation per state
A10: SD3.3 | B10: Fly ash production from coal electricity generation per state
A11: SD3.4 | B11: Bottom ash production from coal electricity generation per state
A12: SD4.1 | B12: Blast furnace capacity
A13: SD4.2 | B13: Pig iron production per state
A14: SD4.3 | B14: Blast furnace slag production per state
A15: SD5 | B15: Silica fume production per state
A16: SD6.1 | B16: Agricultural yield distribution between states
A17: SD6.2 | B17: Agricultural ash and byproduct ratios
... A21: SD7.1 | B21: Bauxite residue production per state
A22: SD8.1 | B22: Estimated recovered coal ash from landfill | C22: Alt material
A23: SD8.2 | B23: Estimated recovered coal ash from ponds | C23: Alt material
A24: SD9 | B24: GHG emission factors per state (40% SCMs in 2050)
A25: SD10 | B25: NOx emission factors per state (40% SCMs in 2050)
A26: SD11 | B26: Pb emission factors per state (40% SCMs in 2050)
A27: SD12 | B27: CO emission factors per state (40% SCMs in 2050)
A28: SD13 | B28: VOC emission factors per state (40% SCMs in 2050)
A29: SD14 | B29: PM5 emission factors per state (40% SCMs in 2050)
A30: SD15 | B30: PM10 emission factors per state (40% SCMs in 2050)
A31: SD16 | B31: SOx emission factors per state (40% SCMs in 2050)

Sheet SD1
A1: Cement stock per capita per state and application in the US between 1950 and 2050.
A2: 1950-2024: Historical, 2025-2050: Projected
A3: thousand metric tons / capita
A5: State | B5: Application | C5: 1950 | D5: 1951 | E5: 1952 | F5: 1953 | G5: 1954 | H5: 1955 | I5: 1956 | J5: 1957 | K5: 1958 | L5: 1959 | M5: 1960 | N5: 1961 | O5: 1962 | P5: 1963 | Q5: 1964 | R5: 1965 | S5: 1966 | T5: 1967 | U5: 1968 | V5: 1969 | W5: 1970 | X5: 1971 | Y5: 1972 | Z5: 1973 | AA5: 1974 | AB5: 1975 | AC5: 1976 | AD5: 1977 | AE5: 1978 | AF5: 1979 | AG5: 1980 | AH5: 1981 | AI5: 1982 | AJ5: 1983 | AK5: 1984 | AL5: 1985 | AM5: 1986 | AN5: 1987 | AO5: 1988 | AP5: 1989 | AQ5: 1990 | AR5: 1991 | AS5: 1992 | AT5: 1993 | AU5: 1994 | AV5: 1995 | AW5: 1996 | AX5: 1997 | AY5: 1998 | AZ5: 1999 | BA5: 2000 | BB5: 2001 | BC5: 2002 | BD5: 2003 | BE5: 2004 | BF5: 2005 | BG5: 2006 | BH5: 2007 | BI5: 2008 | BJ5: 2009 | BK5: 2010 | BL5: 2011 | BM5: 2012 | BN5: 2013 | BO5: 2014 | BP5: 2015 | BQ5: 2016 | BR5: 2017 | BS5: 2018 | BT5: 2019 | BU5: 2020 | BV5: 2021 | BW5: 2022 | BX5: 2023 | BY5: 2024 | BZ5: 2025 | CA5: 2026 | CB5: 2027 | CC5: 2028 | CD5: 2029 | CE5: 2030 | CF5: 2031 | CG5: 2032 | CH5: 2033 | CI5: 2034 | CJ5: 2035 | CK5: 2036 | CL5: 2037 | CM5: 2038 | CN5: 2039 | CO5: 2040 | CP5: 2041 | CQ5: 2042 | CR5: 2043 | CS5: 2044 | CT5: 2045 | CU5: 2046 | CV5: 2047 | CW5: 2048 | CX5: 2049 | CY5: 2050 | DA5: Growth pattern assumption
A6: Alabama | B6: Residential | C6: 0.88814149 | D6: 0.96588936 | E6: 1.045802 | F6: 1.127976 | G6: 1.2145532 | H6: 1.3089638 | I6: 1.4052612 | J6: 1.4935684 | K6: 1.58619 | L6: 1.6876079 | M6: 1.7796685 | N6: 1.8745415 | O6: 1.9723398 | P6: 2.0775786 | Q6: 2.1862236 | R6: 2.2963111 | S6: 2.406853 | T6: 2.514401 | U6: 2.6274913 | V6: 2.7391983 | W6: 2.8433943 | X6: 2.9328097 | Y6: 3.0266505 | Z6: 3.1268509 | AA6: 3.2127228 | AB6: 3.2779749 | AC6: 3.3479632 | AD6: 3.4257497 | AE6: 3.5109572 | AF6: 3.5936084 | AG6: 3.6606455 | AH6: 3.7486472 | AI6: 3.8258477 | AJ6: 3.9119541 | AK6: 4.013079 | AL6: 4.1173092 | AM6: 4.2266284 | AN6: 4.3369665 | AO6: 4.4456862 | AP6: 4.5511399 | AQ6: 4.6533018 | AR6: 4.7104962 | AS6: 4.7725229 | AT6: 4.8379784 | AU6: 4.9113738 | AV6: 4.9775992 | AW6: 5.0450545 | AX6: 5.102282 | AY6: 5.152576 | AZ6: 5.2028947 | BA6: 5.2620236 | BB6: 5.3369078 | BC6: 5.3884499 | BD6: 5.4488915 | BE6: 5.5202134 | BF6: 5.6089867 | BG6: 5.6868028 | BH6: 5.7539812 | BI6: 5.7597655 | BJ6: 5.7543835 | BK6: 5.7348545 | BL6: 5.7454988 | BM6: 5.7536789 | BN6: 5.7640504 | BO6: 5.7776253 | BP6: 5.7957867 | BQ6: 5.8178933 | BR6: 5.841936 | BS6: 5.8761847 | BT6: 5.9051538 | BU6: 5.8195509 | BV6: 5.865207 | BW6: 5.8698731 | BX6: 5.8747772 | BY6: 5.8799305 | BZ6: 5.8853445 | CA6: 5.8910312 | CB6: 5.897003 | CC6: 5.9032726 | CD6: 5.9098531 | CE6: 5.9167581 | CF6: 5.9240015 | CG6: 5.9315976 | CH6: 5.9395608 | CI6: 5.947906 | CJ6: 5.9566484 | CK6: 5.9658032 | CL6: 5.9753861 | CM6: 5.9854124 | CN6: 5.995898 | CO6: 6.0068583 | CP6: 6.0183089 | CQ6: 6.030265 | CR6: 6.0427414 | CS6: 6.0557526 | CT6: 6.0693124 | CU6: 6.0834338 | CV6: 6.0981289 | CW6: 6.1134086 | CX6: 6.1292825 | CY6: 6.1457585 | DA6: North America medium-moderate
A7: Alabama | B7: Non-residential | C7: 0.85223522 | D7: 0.92683986 | E7: 1.0035217 | F7: 1.0823736 | G7: 1.1654506 | H7: 1.2560443 | I7: 1.3484486 | J7: 1.4331856 | K7: 1.5220626 | L7: 1.6193802 | M7: 1.7077187 | N7: 1.7987556 | O7: 1.8925991 | P7: 1.9935814 | Q7: 2.0978309 | R7: 2.2034623 | S7: 2.3095262 | T7: 2.4127117 | U7: 2.5212075 | V7: 2.6283643 | W7: 2.7282977 | X7: 2.8140276 | Y7: 2.9039761 | Z7: 2.9999908 | AA7: 3.0822104 | AB7: 3.1445867 | AC7: 3.2114377 | AD7: 3.2856878 | AE7: 3.3669594 | AF7: 3.4456623 | AG7: 3.5092494 | AH7: 3.5927696 | AI7: 3.6657407 | AJ7: 3.7470513 | AK7: 3.8425454 | AL7: 3.9407698 | AM7: 4.0436077 | AN7: 4.1471336 | AO7: 4.2487983 | AP7: 4.3470036 | AQ7: 4.4417089 | AR7: 4.4930816 | AS7: 4.54877 | AT7: 4.6074213 | AU7: 4.6733593 | AV7: 4.7320818 | AW7: 4.7978633 | AX7: 4.8637382 | AY7: 4.9506551 | AZ7: 5.0292295 | BA7: 5.0979988 | BB7: 5.1598606 | BC7: 5.2116895 | BD7: 5.2519018 | BE7: 5.2929728 | BF7: 5.3401 | BG7: 5.4043117 | BH7: 5.464316 | BI7: 5.5339936 | BJ7: 5.5531279 | BK7: 5.5317433 | BL7: 5.5338204 | BM7: 5.5405114 | BN7: 5.5363412 | BO7: 5.5264695 | BP7: 5.5108655 | BQ7: 5.4984162 | BR7: 5.4851856 | BS7: 5.4651999 | BT7: 5.4604249 | BU7: 5.3317749 | BV7: 5.3313004 | BW7: 5.3391078 | BX7: 5.347368 | BY7: 5.3561054 | BZ7: 5.3653453 | CA7: 5.3751142 | CB7: 5.3854395 | CC7: 5.3963498 | CD7: 5.4078745 | CE7: 5.4200444 | CF7: 5.4328908 | CG7: 5.4464461 | CH7: 5.4607435 | CI7: 5.475817 | CJ7: 5.4917012 | CK7: 5.5084309 | CL7: 5.5260415 | CM7: 5.5445684 | CN7: 5.5640467 | CO7: 5.5845112 | CP7: 5.6059958 | CQ7: 5.6285333 | CR7: 5.6521548 | CS7: 5.6768893 | CT7: 5.7027633 | CU7: 5.7297997 | CV7: 5.7580177 | CW7: 5.7874314 | CX7: 5.8180496 | CY7: 5.8498743 | DA7: North America medium-moderate
A8: Alabama | B8: Infrastructure | C8: 0.72933404 | D8: 0.79317985 | E8: 0.8588032 | F8: 0.9262832 | G8: 0.9973783 | H8: 1.0749043 | I8: 1.1539765 | J8: 1.2264808 | K8: 1.3025173 | L8: 1.3857591 | M8: 1.4612884 | N8: 1.5390839 | O8: 1.6192185 | P8: 1.7053745 | Q8: 1.7942067 | R8: 1.8840633 | S8: 1.9740867 | T8: 2.061392 | U8: 2.1529296 | V8: 2.2429474 | W8: 2.3263443 | X8: 2.3971668 | Y8: 2.471074 | Z8: 2.5495953 | AA8: 2.6156866 | AB8: 2.6641315 | AC8: 2.7157076 | AD8: 2.7728919 | AE8: 2.8353432 | AF8: 2.8948433 | AG8: 2.9406502 | AH8: 3.0022014 | AI8: 3.0538207 | AJ8: 3.1116648 | AK8: 3.1807287 | AL8: 3.2512066 | AM8: 3.3247055 | AN8: 3.3978622 | AO8: 3.4684915 | AP8: 3.5352222 | AQ8: 3.5980174 | AR8: 3.624204 | AS8: 3.6533714 | AT8: 3.6843785 | AU8: 3.7209461 | AV8: 3.7506876 | AW8: 3.7848109 | AX8: 3.8111745 | AY8: 3.8347509 | AZ8: 3.8716132 | BA8: 3.904275 | BB8: 3.9466047 | BC8: 3.9950846 | BD8: 4.0593332 | BE8: 4.1217083 | BF8: 4.1740263 | BG8: 4.2262953 | BH8: 4.2806498 | BI8: 4.3342627 | BJ8: 4.3540916 | BK8: 4.3772366 | BL8: 4.4243293 | BM8: 4.4597776 | BN8: 4.4990786 | BO8: 4.5387249 | BP8: 4.5854393 | BQ8: 4.6425549 | BR8: 4.7039983 | BS8: 4.7657187 | BT8: 4.8256911 | BU8: 4.752622 | BV8: 4.8098359 | BW8: 4.8550184 | BX8: 4.8996825 | BY8: 4.9438171 | BZ8: 4.9874118 | CA8: 5.0304569 | CB8: 5.0729434 | CC8: 5.1148632 | CD8: 5.1562087 | CE8: 5.1969732 | CF8: 5.2371505 | CG8: 5.2767354 | CH8: 5.3157231 | CI8: 5.3541096 | CJ8: 5.3918916 | CK8: 5.4290663 | CL8: 5.4656316 | CM8: 5.5015862 | CN8: 5.536929 | CO8: 5.5716599 | CP8: 5.6057789 | CQ8: 5.6392871 | CR8: 5.6721856 | CS8: 5.7044762 | CT8: 5.7361613 | CU8: 5.7672436 | CV8: 5.7977262 | CW8: 5.8276128 | CX8: 5.8569072 | CY8: 5.885614 | DA8: North America medium-moderate
A9: Alabama | B9: Total | C9: =SUM(C6:C8) -> 2.4697107 | D9: =SUM(D6:D8) -> 2.6859091 | E9: =SUM(E6:E8) -> 2.9081269 | F9: =SUM(F6:F8) -> 3.1366328 | G9: =SUM(G6:G8) -> 3.3773822 | H9: =SUM(H6:H8) -> 3.6399124 | I9: =SUM(I6:I8) -> 3.9076863 | J9: =SUM(J6:J8) -> 4.1532348 | ... CY9: =SUM(CY6:CY8) -> 17.881247
A10: Arizona | B10: Residential | C10: 6.130244 | D10: 6.2507367 | E10: 6.3752064 | F10: 6.5037355 | G10: 6.6475962 | H10: 6.8226351 | I10: 6.9952244 | J10: 7.118816 | K10: 7.2558157 | L10: 7.4245177 | M10: 7.5446296 | N10: 7.7123681 | O10: 7.884611 | P10: 8.078659 | Q10: 8.2776284 | R10: 8.4740212 | S10: 8.6645913 | T10: 8.8377456 | U10: 9.0241012 | V10: 9.1996109 | W10: 9.3449272 | X10: 9.2688316 | Y10: 9.220505 | Z10: 9.2022903 | AA10: 9.1519481 | AB10: 9.0547123 | AC10: 8.9822982 | AD10: 8.9402426 | AE10: 8.9248773 | AF10: 8.9092209 | AG10: 8.8614797 | AH10: 8.8020378 | AI10: 8.7233407 | AJ10: 8.6706225 | AK10: 8.6548968 | AL10: 8.6481977 | AM10: 8.6538767 | AN10: 8.6628759 | AO10: 8.6698024 | AP10: 8.671648 | AQ10: 8.6686926 | AR10: 8.522775 | AS10: 8.3981499 | AT10: 8.2903745 | AU10: 8.2054092 | AV10: 8.1167074 | AW10: 8.0375929 | AX10: 7.9762429 | AY10: 7.9416971 | AZ10: 7.9164113 | BA10: 7.8992927 | BB10: 7.9530917 | BC10: 8.0254253 | BD10: 8.0983227 | BE10: 8.2182975 | BF10: 8.3765584 | BG10: 8.5135089 | BH10: 8.4843044 | BI10: 8.4131108 | BJ10: 8.2890978 | BK10: 8.1390264 | BL10: 8.0994342 | BM10: 8.0701282 | BN10: 8.0411145 | BO10: 8.0065438 | BP10: 7.9913582 | BQ10: 7.9727378 | BR10: 7.9743971 | BS10: 7.9668487 | BT10: 7.9136682 | BU10: 8.1322733 | BV10: 8.1622983 | BW10: 8.1669751 | BX10: 8.1722011 | BY10: 8.1780369 | BZ10: 8.1845489 | CA10: 8.1918093 | CB10: 8.1998962 | CC10: 8.208894 | CD10: 8.2188933 | CE10: 8.2299902 | CF10: 8.2422862 | CG10: 8.2558869 | CH10: 8.270901 | CI10: 8.2874385 | CJ10: 8.3056076 | CK10: 8.3255122 | CL10: 8.3472472 | CM10: 8.3708936 | CN10: 8.3965122 | CO10: 8.424136 | CP10: 8.453762 | CQ10: 8.4853413 | CR10: 8.5187697 | CS10: 8.5538771 | CT10: 8.5904185 | CU10: 8.6280671 | CV10: 8.6664104 | CW10: 8.7049524 | CX10: 8.7431227 | CY10: 8.7802945 | DA10: North America high-fast
A11: Arizona | B11: Non-residential | C11: 6.0981422 | D11: 6.2180039 | E11: 6.3418218 | F11: 6.4696779 | G11: 6.6127852 | H11: 6.7869074 | I11: 6.9585929 | J11: 7.0815372 | K11: 7.2178193 | L11: 7.3856374 | M11: 7.5051192 | N11: 7.6719773 | O11: 7.8433143 | P11: 8.0363393 | Q11: 8.2342547 | R11: 8.4295989 | S11: 8.6191387 | T11: 8.7913355 | U11: 8.9766383 | V11: 9.1511151 | W11: 9.2955064 | X11: 9.2195967 | Y11: 9.1712372 | Z11: 9.1527403 | AA11: 9.1021719 | AB11: 9.0048205 | AC11: 8.9320011 | AD11: 8.8891949 | AE11: 8.8727259 | AF11: 8.8557256 | AG11: 8.806539 | AH11: 8.7454162 | AI11: 8.6648162 | AJ11: 8.6097122 | AK11: 8.5910382 | AL11: 8.5809558 | AM11: 8.5827826 | AN11: 8.5874953 | AO11: 8.5897193 | AP11: 8.5864554 | AQ11: 8.5779781 | AR11: 8.4275461 | AS11: 8.2979735 | AT11: 8.1848478 | AU11: 8.0941062 | AV11: 7.9993495 | AW11: 7.9372021 | AX11: 7.8818083 | AY11: 7.8787054 | AZ11: 7.9096524 | BA11: 7.9141704 | BB11: 7.9125958 | BC11: 7.8840095 | BD11: 7.8568405 | BE11: 7.8604966 | BF11: 7.8916009 | BG11: 7.935595 | BH11: 7.9965387 | BI11: 7.9758759 | BJ11: 7.866945 | BK11: 7.7145629 | BL11: 7.6392511 | BM11: 7.5521138 | BN11: 7.4841004 | BO11: 7.3966229 | BP11: 7.318258 | BQ11: 7.2099371 | BR11: 7.1152403 | BS11: 7.0477609 | BT11: 6.9670316 | BU11: 7.1439066 | BV11: 7.1586802 | BW11: 7.1682823 | BX11: 7.1791008 | BY11: 7.1912831 | BZ11: 7.2049921 | CA11: 7.220408 | CB11: 7.2377286 | CC11: 7.2571706 | CD11: 7.2789698 | CE11: 7.3033812 | CF11: 7.3306781 | CG11: 7.3611508 | CH11: 7.3951036 | CI11: 7.43285 | CJ11: 7.4747067 | CK11: 7.5209841 | CL11: 7.5719737 | CM11: 7.6279321 | CN11: 7.68906 | CO11: 7.7554764 | CP11: 7.8271882 | CQ11: 7.9040543 | CR11: 7.9857476 | CS11: 8.0717156 | CT11: 8.1611453 | CU11: 8.2529388 | CV11: 8.3457072 | CW11: 8.4377928 | CX11: 8.5273295 | CY11: 8.6123455 | DA11: North America high-fast
A12: Arizona | B12: Infrastructure | C12: 4.204943 | D12: 4.2875927 | E12: 4.3729696 | F12: 4.4611295 | G12: 4.5598023 | H12: 4.6798545 | I12: 4.7982135 | J12: 4.8829406 | K12: 4.9768272 | L12: 5.0923997 | M12: 5.1745523 | N12: 5.2892368 | O12: 5.4068214 | P12: 5.5391052 | Q12: 5.6744249 | R12: 5.8075418 | S12: 5.9361213 | T12: 6.0520927 | U12: 6.1763307 | V12: 6.2922086 | W12: 6.3863225 | X12: 6.3281591 | Y12: 6.2880533 | Z12: 6.2675533 | AA12: 6.2239204 | AB12: 6.1469929 | AC12: 6.0859424 | AD12: 6.0445593 | AE12: 6.0203312 | AF12: 5.9947637 | AG12: 5.9460692 | AH12: 5.8882537 | AI12: 5.816165 | AJ12: 5.7608605 | AK12: 5.7299238 | AL12: 5.7041997 | AM12: 5.6860129 | AN12: 5.6691744 | AO12: 5.6500079 | AP12: 5.6264725 | AQ12: 5.5987835 | AR12: 5.4772811 | AS12: 5.3699155 | AT12: 5.2736645 | AU12: 5.1926454 | AV12: 5.1086822 | AW12: 5.0500279 | AX12: 4.9836791 | AY12: 4.918428 | AZ12: 4.8861916 | BA12: 4.8556581 | BB12: 4.8428945 | BC12: 4.8367435 | BD12: 4.8509818 | BE12: 4.8961416 | BF12: 4.958707 | BG12: 5.0029903 | BH12: 5.0502667 | BI12: 5.0422946 | BJ12: 5.0062585 | BK12: 4.9563207 | BL12: 4.9644961 | BM12: 4.9515082 | BN12: 4.9579675 | BO12: 4.9187592 | BP12: 4.8772839 | BQ12: 4.82814 | BR12: 4.8008573 | BS12: 4.8010196 | BT12: 4.7883776 | BU12: 4.8969862 | BV12: 4.890574 | BW12: 4.9599103 | BX12: 5.0326019 | BY12: 5.1087569 | BZ12: 5.1884764 | CA12: 5.2718515 | CB12: 5.358961 | CC12: 5.4498684 | CD12: 5.5446178 | CE12: 5.6432305 | CF12: 5.7457004 | CG12: 5.8519897 | CH12: 5.9620235 | CI12: 6.0756855 | CJ12: 6.1928119 | CK12: 6.3131875 | CL12: 6.4365402 | CM12: 6.5625378 | CN12: 6.6907845 | CO12: 6.8208193 | CP12: 6.9521162 | CQ12: 7.0840862 | CR12: 7.2160818 | CS12: 7.3474041 | CT12: 7.477313 | CU12: 7.6050398 | CV12: 7.7298034 | CW12: 7.8508278 | CX12: 7.967362 | CY12: 8.0787006 | DA12: North America high-fast
A13: Arizona | B13: Total | C13: =SUM(C10:C12) -> 16.433329 | D13: =SUM(D10:D12) -> 16.756333 | E13: =SUM(E10:E12) -> 17.089998 | F13: =SUM(F10:F12) -> 17.434543 | G13: =SUM(G10:G12) -> 17.820184 | H13: =SUM(H10:H12) -> 18.289397 | I13: =SUM(I10:I12) -> 18.752031 | J13: =SUM(J10:J12) -> 19.083294 | ... CY13: =SUM(CY10:CY12) -> 25.471341
A14: Arkansas | B14: Residential | C14: 0.43480355 | D14: 0.47912453 | E14: 0.52562947 | F14: 0.57443239 | G14: 0.62670701 | H14: 0.68436082 | I14: 0.74443227 | J14: 0.80168809 | K14: 0.86268014 | L14: 0.93000005 | M14: 0.9937347 | N14: 1.0443837 | O14: 1.0964603 | P14: 1.1524631 | Q14: 1.2101371 | R14: 1.2683904 | S14: 1.3266781 | T14: 1.3831066 | U14: 1.4423765 | V14: 1.5006796 | W14: 1.5546746 | X14: 1.5943985 | Y14: 1.6362998 | Z14: 1.6813914 | AA14: 1.7185654 | AB14: 1.7446029 | AC14: 1.7731024 | AD14: 1.8056443 | AE14: 1.8419769 | AF14: 1.8768417 | AG14: 1.9034726 | AH14: 1.9510895 | AI14: 1.9931558 | AJ14: 2.0399316 | AK14: 2.0946197 | AL14: 2.1510176 | AM14: 2.2101662 | AN14: 2.2699421 | AO14: 2.3289641 | AP14: 2.3863653 | AQ14: 2.4421268 | AR14: 2.4632035 | AS14: 2.4868228 | AT14: 2.512229 | AU14: 2.5417382 | AV14: 2.5675163 | AW14: 2.5959718 | AX14: 2.6189077 | AY14: 2.6465603 | AZ14: 2.6808175 | BA14: 2.7260968 | BB14: 2.7797129 | BC14: 2.8334044 | BD14: 2.9086822 | BE14: 2.9706392 | BF14: 3.052081 | BG14: 3.1165462 | BH14: 3.1572386 | BI14: 3.1960027 | BJ14: 3.2121922 | BK14: 3.2237018 | BL14: 3.2548257 | BM14: 3.2884184 | BN14: 3.3267081 | BO14: 3.3539511 | BP14: 3.3844673 | BQ14: 3.431399 | BR14: 3.4851403 | BS14: 3.5468262 | BT14: 3.5989946 | BU14: 3.6647101 | BV14: 3.7179174 | BW14: 3.7268174 | BX14: 3.736329 | BY14: 3.7464948 | BZ14: 3.7573601 | CA14: 3.7689737 | CB14: 3.7813874 | CC14: 3.7946572 | CD14: 3.8088426 | CE14: 3.8240074 | CF14: 3.8402202 | CG14: 3.8575541 | CH14: 3.8760874 | CI14: 3.8959039 | CJ14: 3.9170935 | CK14: 3.939752 | CL14: 3.9639821 | CM14: 3.9898937 | CN14: 4.0176039 | CO14: 4.047238 | CP14: 4.0789298 | CQ14: 4.1128216 | CR14: 4.1490654 | CS14: 4.1878227 | CT14: 4.229265 | CU14: 4.2735743 | CV14: 4.3209431 | CW14: 4.3715745 | CX14: 4.4256822 | CY14: 4.4834901 | DA14: North America high-moderate
A15: Arkansas | B15: Non-residential | C15: 0.8771475 | D15: 0.96655808 | E15: 1.0603745 | F15: 1.1588266 | G15: 1.2642824 | H15: 1.3805899 | I15: 1.5017745 | J15: 1.6172791 | K15: 1.7403209 | L15: 1.876128 | M15: 2.0047023 | N15: 2.106878 | O15: 2.2119333 | P15: 2.3249081 | Q15: 2.4412526 | R15: 2.5587631 | S15: 2.676339 | T15: 2.7901579 | U15: 2.9096998 | V15: 3.0272781 | W15: 3.1361469 | X15: 3.2162039 | Y15: 3.3006224 | Z15: 3.3914373 | AA15: 3.4662295 | AB15: 3.5184935 | AC15: 3.5756489 | AD15: 3.6408694 | AE15: 3.713631 | AF15: 3.783309 | AG15: 3.8362369 | AH15: 3.931282 | AI15: 4.0149259 | AJ15: 4.1078418 | AK15: 4.2164669 | AL15: 4.3282643 | AM15: 4.4453106 | AN15: 4.5632993 | AO15: 4.6794232 | AP15: 4.7919134 | AQ15: 4.9007134 | AR15: 4.9394679 | AS15: 4.9830246 | AT15: 5.0298547 | AU15: 5.0846285 | AV15: 5.1315404 | AW15: 5.1612798 | AX15: 5.2167385 | AY15: 5.2844264 | AZ15: 5.3289447 | BA15: 5.3426504 | BB15: 5.3767421 | BC15: 5.3900867 | BD15: 5.4044392 | BE15: 5.4411851 | BF15: 5.4864242 | BG15: 5.5269765 | BH15: 5.5541749 | BI15: 5.5635317 | BJ15: 5.5281849 | BK15: 5.4756759 | BL15: 5.4372087 | BM15: 5.4224964 | BN15: 5.4075475 | BO15: 5.3994284 | BP15: 5.3754951 | BQ15: 5.3477636 | BR15: 5.3161109 | BS15: 5.2966683 | BT15: 5.2712406 | BU15: 5.2817008 | BV15: 5.2682934 | BW15: 5.2811474 | BX15: 5.2948277 | BY15: 5.3093863 | BZ15: 5.3248779 | CA15: 5.3413607 | CB15: 5.3588961 | CC15: 5.3775487 | CD15: 5.3973871 | CE15: 5.4184833 | CF15: 5.4409132 | CG15: 5.4647567 | CH15: 5.4900975 | CI15: 5.5170236 | CJ15: 5.5456268 | CK15: 5.576003 | CL15: 5.6082523 | CM15: 5.6424782 | CN15: 5.6787881 | CO15: 5.7172926 | CP15: 5.7581052 | CQ15: 5.8013418 | CR15: 5.8471197 | CS15: 5.8955573 | CT15: 5.9467725 | CU15: 6.0008814 | CV15: 6.0579971 | CW15: 6.1182274 | CX15: 6.1816725 | CY15: 6.2484228 | DA15: North America high-moderate
A16: Arkansas | B16: Infrastructure | C16: 1.3555532 | D16: 1.4937291 | E16: 1.6387135 | F16: 1.7908615 | G16: 1.9538313 | H16: 2.1335679 | I16: 2.3208348 | J16: 2.4993106 | K16: 2.6894114 | L16: 2.899201 | M16: 3.0977505 | N16: 3.2554157 | O16: 3.4173997 | P16: 3.591439 | Q16: 3.7704365 | R16: 3.9509075 | S16: 4.1310588 | T16: 4.3048781 | U16: 4.4868996 | V16: 4.6651194 | W16: 4.8289815 | X16: 4.9475523 | Y16: 5.0718394 | Z16: 5.2048958 | AA16: 5.3119952 | AB16: 5.3830171 | AC16: 5.4602849 | AD16: 5.5486671 | AE16: 5.6473334 | AF16: 5.7398573 | AG16: 5.8051235 | AH16: 5.9322792 | AI16: 6.0399905 | AJ16: 6.1601856 | AK16: 6.302796 | AL16: 6.4484329 | AM16: 6.6002928 | AN16: 6.7517075 | AO16: 6.8983269 | AP16: 7.0374059 | AQ16: 7.1688485 | AR16: 7.1949109 | AS16: 7.2271954 | AT16: 7.2633786 | AU16: 7.3107234 | AV16: 7.3448565 | AW16: 7.3730865 | AX16: 7.4144921 | AY16: 7.4452555 | AZ16: 7.4633055 | BA16: 7.4780382 | BB16: 7.5120408 | BC16: 7.5479918 | BD16: 7.5941463 | BE16: 7.6654157 | BF16: 7.7114793 | BG16: 7.7643647 | BH16: 7.8064004 | BI16: 7.8007551 | BJ16: 7.7973244 | BK16: 7.7849603 | BL16: 7.7920076 | BM16: 7.8254911 | BN16: 7.8864791 | BO16: 7.9479258 | BP16: 7.9883337 | BQ16: 8.023841 | BR16: 8.043496 | BS16: 8.0475826 | BT16: 8.0687135 | BU16: 8.1231395 | BV16: 8.1229073 | BW16: 8.1462082 | BX16: 8.1693251 | BY16: 8.1922469 | BZ16: 8.2149621 | CA16: 8.2374595 | CB16: 8.259728 | CC16: 8.2817568 | CD16: 8.3035351 | CE16: 8.3250522 | CF16: 8.3462977 | CG16: 8.3672617 | CH16: 8.3879342 | CI16: 8.4083056 | CJ16: 8.4283666 | CK16: 8.4481085 | CL16: 8.4675225 | CM16: 8.4866005 | CN16: 8.5053347 | CO16: 8.5237177 | CP16: 8.5417426 | CQ16: 8.5594029 | CR16: 8.5766926 | CS16: 8.5936062 | CT16: 8.6101387 | CU16: 8.6262856 | CV16: 8.6420429 | CW16: 8.6574073 | CX16: 8.6723757 | CY16: 8.686946 | DA16: North America high-moderate
A17: Arkansas | B17: Total | C17: =SUM(C14:C16) -> 2.6675042 | D17: =SUM(D14:D16) -> 2.9394117 | E17: =SUM(E14:E16) -> 3.2247175 | F17: =SUM(F14:F16) -> 3.5241205 | G17: =SUM(G14:G16) -> 3.8448207 | H17: =SUM(H14:H16) -> 4.1985186 | I17: =SUM(I14:I16) -> 4.5670416 | J17: =SUM(J14:J16) -> 4.9182778 | ... CY17: =SUM(CY14:CY16) -> 19.418859
A18: California | B18: Residential | C18: 0.97863063 | D18: 1.0218961 | E18: 1.0645877 | F18: 1.1069148 | G18: 1.1509935 | H18: 1.1998415 | I18: 1.2477757 | J18: 1.2864193 | K18: 1.3269117 | L18: 1.3727779 | M18: 1.4092478 | N18: 1.453269 | O18: 1.4980348 | P18: 1.5468864 | Q18: 1.5966659 | R18: 1.6459383 | S18: 1.6940594 | T18: 1.738728 | U18: 1.7859442 | V18: 1.8309703 | W18: 1.8699021 | X18: 1.9181769 | Y18: 1.9690783 | Z18: 2.0238272 | AA18: 2.0690526 | AB18: 2.1008713 | AC18: 2.1356535 | AD18: 2.1753051 | AE18: 2.2195256 | AF18: 2.2619803 | AG18: 2.294512 | AH18: 2.2993391 | AI18: 2.2978378 | AJ18: 2.3019875 | AK18: 2.3149757 | AL18: 2.3295516 | AM18: 2.3467295 | AN18: 2.364151 | AO18: 2.3803944 | AP18: 2.3946572 | AQ18: 2.4070294 | AR18: 2.4275893 | AS18: 2.450657 | AT18: 2.475487 | AU18: 2.504361 | AV18: 2.5295596 | AW18: 2.5571747 | AX18: 2.5936105 | AY18: 2.6367577 | AZ18: 2.6957068 | BA18: 2.7717818 | BB18: 2.8655881 | BC18: 2.962808 | BD18: 3.0502737 | BE18: 3.1543198 | BF18: 3.2616945 | BG18: 3.331795 | BH18: 3.3692912 | BI18: 3.3729505 | BJ18: 3.37933 | BK18: 3.3712915 | BL18: 3.3719619 | BM18: 3.3777394 | BN18: 3.3981795 | BO18: 3.4054256 | BP18: 3.4313439 | BQ18: 3.4614267 | BR18: 3.5020892 | BS18: 3.5538369 | BT18: 3.6119935 | BU18: 3.6703151 | BV18: 3.7661062 | BW18: 3.774657 | BX18: 3.7836713 | BY18: 3.7931738 | BZ18: 3.8031905 | CA18: 3.813749 | CB18: 3.8248778 | CC18: 3.8366073 | CD18: 3.8489692 | CE18: 3.8619967 | CF18: 3.8757247 | CG18: 3.8901899 | CH18: 3.9054304 | CI18: 3.9214865 | CJ18: 3.9384001 | CK18: 3.9562148 | CL18: 3.9749765 | CM18: 3.9947328 | CN18: 4.0155334 | CO18: 4.0374297 | CP18: 4.0604753 | CQ18: 4.0847256 | CR18: 4.1102379 | CS18: 4.1370713 | CT18: 4.1652865 | CU18: 4.1949458 | CV18: 4.2261127 | CW18: 4.2588519 | CX18: 4.2932287 | CY18: 4.3293091 | DA18: North America medium-moderate
A19: California | B19: Non-residential | C19: 1.4038584 | D19: 1.4659234 | E19: 1.527165 | F19: 1.5878837 | G19: 1.6511153 | H19: 1.7211883 | I19: 1.7899505 | J19: 1.8453852 | K19: 1.9034721 | L19: 1.9692676 | M19: 2.0215838 | N19: 2.0847322 | O19: 2.1489484 | P19: 2.2190247 | Q19: 2.2904306 | R19: 2.3611068 | S19: 2.430128 | T19: 2.4941912 | U19: 2.5619012 | V19: 2.6264587 | W19: 2.6822592 | X19: 2.7514417 | Y19: 2.8243657 | Z19: 2.902775 | AA19: 2.9674797 | AB19: 3.0128991 | AC19: 3.062505 | AD19: 3.119019 | AE19: 3.1819965 | AF19: 3.2423356 | AG19: 3.28832 | AH19: 3.2944658 | AI19: 3.2913997 | AJ19: 3.2962948 | AK19: 3.3137132 | AL19: 3.3332441 | AM19: 3.356334 | AN19: 3.3795927 | AO19: 3.4009748 | AP19: 3.4193248 | AQ19: 3.4347684 | AR19: 3.4616253 | AS19: 3.4918508 | AT19: 3.5243727 | AU19: 3.5624626 | AV19: 3.5950458 | AW19: 3.6257697 | AX19: 3.6696647 | AY19: 3.7309917 | AZ19: 3.8014974 | BA19: 3.8650156 | BB19: 3.9171978 | BC19: 3.9546574 | BD19: 3.9993814 | BE19: 4.0524143 | BF19: 4.1068228 | BG19: 4.1611082 | BH19: 4.1944161 | BI19: 4.2056838 | BJ19: 4.1802806 | BK19: 4.1389125 | BL19: 4.1067294 | BM19: 4.0762928 | BN19: 4.0464813 | BO19: 4.0268652 | BP19: 4.024852 | BQ19: 4.0212838 | BR19: 4.0347925 | BS19: 4.0566622 | BT19: 4.0644717 | BU19: 4.0820581 | BV19: 4.1460479 | BW19: 4.156443 | BX19: 4.1674646 | BY19: 4.1791493 | BZ19: 4.1915359 | CA19: 4.2046649 | CB19: 4.2185791 | CC19: 4.2333236 | CD19: 4.2489455 | CE19: 4.2654946 | CF19: 4.2830226 | CG19: 4.3015841 | CH19: 4.3212356 | CI19: 4.3420366 | CJ19: 4.3640485 | CK19: 4.3873354 | CL19: 4.4119637 | CM19: 4.4380016 | CN19: 4.4655198 | CO19: 4.4945904 | CP19: 4.5252872 | CQ19: 4.5576849 | CR19: 4.5918591 | CS19: 4.6278853 | CT19: 4.6658384 | CU19: 4.7057918 | CV19: 4.7478168 | CW19: 4.7919807 | CX19: 4.8383463 | CY19: 4.8869695 | DA19: North America medium-moderate
A20: California | B20: Infrastructure | C20: 1.7779474 | D20: 1.8565507 | E20: 1.934111 | F20: 2.0110084 | G20: 2.0910866 | H20: 2.1798259 | I20: 2.266899 | J20: 2.3370821 | K20: 2.4106052 | L20: 2.4938611 | M20: 2.5599999 | N20: 2.6397877 | O20: 2.72083 | P20: 2.8091602 | Q20: 2.8989966 | R20: 2.98768 | S20: 3.0739802 | T20: 3.1536499 | U20: 3.2375181 | V20: 3.3169024 | W20: 3.3846327 | X20: 3.4686366 | Y20: 3.5566591 | Z20: 3.650844 | AA20: 3.7268316 | AB20: 3.7775067 | AC20: 3.8325594 | AD20: 3.8954107 | AE20: 3.9654825 | AF20: 4.0312423 | AG20: 4.077855 | AH20: 4.0740283 | AI20: 4.0578034 | AJ20: 4.0509584 | AK20: 4.0592998 | AL20: 4.06967 | AM20: 4.0839265 | AN20: 4.0977993 | AO20: 4.1087197 | AP20: 4.1152446 | AQ20: 4.1175532 | AR20: 4.1321584 | AS20: 4.1503441 | AT20: 4.1707747 | AU20: 4.1976197 | AV20: 4.216884 | AW20: 4.239046 | AX20: 4.2673668 | AY20: 4.2888552 | AZ20: 4.3304474 | BA20: 4.3748431 | BB20: 4.4266351 | BC20: 4.4834943 | BD20: 4.5364455 | BE20: 4.6015627 | BF20: 4.6850446 | BG20: 4.7694779 | BH20: 4.8463804 | BI20: 4.8908032 | BJ20: 4.8873843 | BK20: 4.8801427 | BL20: 4.8981993 | BM20: 4.9236194 | BN20: 4.9470158 | BO20: 4.9764114 | BP20: 4.9915414 | BQ20: 5.0200172 | BR20: 5.058522 | BS20: 5.1124713 | BT20: 5.1727226 | BU20: 5.2449227 | BV20: 5.3547808 | BW20: 5.3924785 | BX20: 5.4295713 | BY20: 5.4660572 | BZ20: 5.5019346 | CA20: 5.5372027 | CB20: 5.5718613 | CC20: 5.6059105 | CD20: 5.6393511 | CE20: 5.6721845 | CF20: 5.7044125 | CG20: 5.7360373 | CH20: 5.7670616 | CI20: 5.7974886 | CJ20: 5.8273218 | CK20: 5.8565653 | CL20: 5.8852233 | CM20: 5.9133005 | CN20: 5.9408019 | CO20: 5.9677329 | CP20: 5.994099 | CQ20: 6.0199061 | CR20: 6.0451604 | CS20: 6.0698681 | CT20: 6.094036 | CU20: 6.1176706 | CV20: 6.1407791 | CW20: 6.1633685 | CX20: 6.1854461 | CY20: 6.2070193 | DA20: North America medium-moderate
A21: California | B21: Total | C21: =SUM(C18:C20) -> 4.1604365 | D21: =SUM(D18:D20) -> 4.3443702 | E21: =SUM(E18:E20) -> 4.5258636 | F21: =SUM(F18:F20) -> 4.7058069 | G21: =SUM(G18:G20) -> 4.8931954 | H21: =SUM(H18:H20) -> 5.1008556 | I21: =SUM(I18:I20) -> 5.3046252 | J21: =SUM(J18:J20) -> 5.4688866 | ... CY21: =SUM(CY18:CY20) -> 15.423298
A22: Colorado | B22: Residential | C22: 2.2062608 | D22: 2.3397375 | E22: 2.4726469 | F22: 2.6053608 | G22: 2.7428329 | H22: 2.8924342 | I22: 3.0406393 | J22: 3.1666937 | K22: 3.2975695 | L22: 3.4422125 | M22: 3.5635942 | N22: 3.6788723 | O22: 3.7960768 | P22: 3.9236851 | Q22: 4.0537058 | R22: 4.1824947 | S22: 4.3084067 | T22: 4.4255738 | U22: 4.5492567 | V22: 4.6673913 | W22: 4.7700042 | X22: 4.8347106 | Y22: 4.9065107 | Z22: 4.9881537 | AA22: 5.0467009 | AB22: 5.0734554 | AC22: 5.1084519 | AD22: 5.155926 | AE22: 5.2148 | AF22: 5.2699965 | AG22: 5.3027325 | AH22: 5.3754422 | AI22: 5.4317715 | AJ22: 5.4999176 | AK22: 5.5880601 | AL22: 5.6792118 | AM22: 5.7760141 | AN22: 5.8728152 | AO22: 5.9660909 | AP22: 6.0537574 | AQ22: 6.1359407 | AR22: 6.0877881 | AS22: 6.049965 | AT22: 6.0200338 | AU22: 6.002985 | AV22: 5.9799157 | AW22: 6.0057217 | AX22: 6.0384948 | AY22: 6.0751169 | AZ22: 6.1228117 | BA22: 6.1769386 | BB22: 6.2976247 | BC22: 6.4039143 | BD22: 6.4453673 | BE22: 6.5145912 | BF22: 6.6262471 | BG22: 6.7483123 | BH22: 6.7682848 | BI22: 6.7209288 | BJ22: 6.6489496 | BK22: 6.581502 | BL22: 6.5373217 | BM22: 6.523376 | BN22: 6.5092845 | BO22: 6.5093379 | BP22: 6.4937365 | BQ22: 6.5078964 | BR22: 6.5530452 | BS22: 6.6375745 | BT22: 6.6791653 | BU22: 6.7983386 | BV22: 6.9318293 | BW22: 6.9383169 | BX22: 6.9452296 | BY22: 6.952594 | BZ22: 6.9604382 | CA22: 6.9687921 | CB22: 6.9776868 | CC22: 6.9871553 | CD22: 6.9972324 | CE22: 7.0079545 | CF22: 7.0193597 | CG22: 7.0314881 | CH22: 7.0443816 | CI22: 7.0580838 | CJ22: 7.0726401 | CK22: 7.0880977 | CL22: 7.1045056 | CM22: 7.1219142 | CN22: 7.1403755 | CO22: 7.1599428 | CP22: 7.1806703 | CQ22: 7.2026134 | CR22: 7.2258276 | CS22: 7.2503688 | CT22: 7.2762923 | CU22: 7.3036527 | CV22: 7.3325029 | CW22: 7.3628933 | CX22: 7.3948715 | CY22: 7.4284804 | DA22: North America high-moderate
A23: Colorado | B23: Non-residential | C23: 2.6568472 | D23: 2.8175839 | E23: 2.9776375 | F23: 3.1374556 | G23: 3.3030038 | H23: 3.4831583 | I23: 3.6616314 | J23: 3.8134299 | K23: 3.9710345 | L23: 4.1452178 | M23: 4.2913887 | N23: 4.430209 | O23: 4.571348 | P23: 4.7250137 | Q23: 4.8815813 | R23: 5.0366608 | S23: 5.1882682 | T23: 5.3293334 | U23: 5.4782285 | V23: 5.6204191 | W23: 5.7438863 | X23: 5.8216669 | Y23: 5.9079377 | Z23: 6.0059951 | AA23: 6.076157 | AB23: 6.107932 | AC23: 6.1495104 | AD23: 6.205971 | AE23: 6.2759923 | AF23: 6.3413932 | AG23: 6.3795298 | AH23: 6.4654891 | AI23: 6.5314252 | AJ23: 6.6112636 | AK23: 6.714826 | AL23: 6.8216284 | AM23: 6.9348263 | AN23: 7.047591 | AO23: 7.155658 | AP23: 7.2565005 | AQ23: 7.3502554 | AR23: 7.2873491 | AS23: 7.2365442 | AT23: 7.1949094 | AU23: 7.1684597 | AV23: 7.1344383 | AW23: 7.1113229 | AX23: 7.1063602 | AY23: 7.1674583 | AZ23: 7.2296387 | BA23: 7.2807398 | BB23: 7.3475263 | BC23: 7.3966467 | BD23: 7.4149265 | BE23: 7.4265253 | BF23: 7.4253001 | BG23: 7.4349836 | BH23: 7.4779413 | BI23: 7.5098682 | BJ23: 7.4577996 | BK23: 7.3574336 | BL23: 7.2737729 | BM23: 7.2066092 | BN23: 7.1397503 | BO23: 7.0771655 | BP23: 7.0044345 | BQ23: 6.9556721 | BR23: 6.9317971 | BS23: 6.8475577 | BT23: 6.7838774 | BU23: 6.8037607 | BV23: 6.8187426 | BW23: 6.8284573 | BX23: 6.838775 | BY23: 6.8497307 | BZ23: 6.8613611 | CA23: 6.8737045 | CB23: 6.8868012 | CC23: 6.9006929 | CD23: 6.9154233 | CE23: 6.9310377 | CF23: 6.947583 | CG23: 6.9651078 | CH23: 6.9836622 | CI23: 7.0032975 | CJ23: 7.0240665 | CK23: 7.0460228 | CL23: 7.0692207 | CM23: 7.0937152 | CN23: 7.1195611 | CO23: 7.146813 | CP23: 7.1755244 | CQ23: 7.2057477 | CR23: 7.2375326 | CS23: 7.270926 | CT23: 7.3059709 | CU23: 7.3427052 | CV23: 7.3811606 | CW23: 7.4213613 | CX23: 7.4633225 | CY23: 7.5070488 | DA23: North America high-moderate
A24: Colorado | B24: Infrastructure | C24: 1.8443877 | D24: 1.9559712 | E24: 2.0670801 | F24: 2.1780248 | G24: 2.2929456 | H24: 2.4180022 | I24: 2.5418846 | J24: 2.6472364 | K24: 2.756597 | L24: 2.877431 | M24: 2.978764 | N24: 3.074914 | O24: 3.1725593 | P24: 3.2787438 | Q24: 3.3867345 | R24: 3.4934231 | S24: 3.5973639 | T24: 3.6935728 | U24: 3.7947225 | V24: 3.8906383 | W24: 3.9728913 | X24: 4.022869 | Y24: 4.0780004 | Z24: 4.1405204 | AA24: 4.182838 | AB24: 4.1976372 | AC24: 4.2183506 | AD24: 4.2484941 | AE24: 4.287151 | AF24: 4.3217105 | AG24: 4.3364708 | AH24: 4.3825863 | AI24: 4.4137566 | AJ24: 4.4535493 | AK24: 4.5088005 | AL24: 4.565309 | AM24: 4.6252838 | AN24: 4.6840019 | AO24: 4.73852 | AP24: 4.7871008 | AQ24: 4.8298565 | AR24: 4.7682227 | AS24: 4.7146526 | AT24: 4.6671341 | AU24: 4.6298687 | AV24: 4.5870879 | AW24: 4.5508275 | AX24: 4.5170404 | AY24: 4.4933547 | AZ24: 4.4858882 | BA24: 4.4934756 | BB24: 4.5317578 | BC24: 4.5846147 | BD24: 4.6314376 | BE24: 4.7001847 | BF24: 4.7466864 | BG24: 4.7874086 | BH24: 4.8388628 | BI24: 4.9079778 | BJ24: 4.9271687 | BK24: 4.9326722 | BL24: 4.9482303 | BM24: 4.9678649 | BN24: 5.0001347 | BO24: 5.0435573 | BP24: 5.0463645 | BQ24: 5.0631261 | BR24: 5.1049683 | BS24: 5.1230194 | BT24: 5.2209722 | BU24: 5.2991529 | BV24: 5.3520942 | BW24: 5.4165312 | BX24: 5.4816351 | BY24: 5.5473769 | BZ24: 5.6137256 | CA24: 5.6806476 | CB24: 5.7481069 | CC24: 5.8160652 | CD24: 5.8844816 | CE24: 5.953313 | CF24: 6.0225136 | CG24: 6.0920356 | CH24: 6.1618286 | CI24: 6.23184 | CJ24: 6.3020153 | CK24: 6.3722976 | CL24: 6.4426282 | CM24: 6.5129466 | CN24: 6.5831907 | CO24: 6.6532968 | CP24: 6.7231998 | CQ24: 6.7928338 | CR24: 6.8621318 | CS24: 6.9310262 | CT24: 6.9994489 | CU24: 7.0673317 | CV24: 7.1346067 | CW24: 7.2012061 | CX24: 7.2670629 | CY24: 7.3321111 | DA24: North America high-moderate
A25: Colorado | B25: Total | C25: =SUM(C22:C24) -> 6.7074957 | D25: =SUM(D22:D24) -> 7.1132925 | E25: =SUM(E22:E24) -> 7.5173644 | F25: =SUM(F22:F24) -> 7.9208412 | G25: =SUM(G22:G24) -> 8.3387823 | H25: =SUM(H22:H24) -> 8.7935948 | I25: =SUM(I22:I24) -> 9.2441554 | J25: =SUM(J22:J24) -> 9.62736 | ... CY25: =SUM(CY22:CY24) -> 22.26764
A26: Connecticut | B26: Residential | C26: 0.44802285 | D26: 0.47793445 | E26: 0.50790148 | F26: 0.53798631 | G26: 0.56920505 | H26: 0.60309844 | I26: 0.63685789 | J26: 0.66610341 | K26: 0.69646515 | L26: 0.7298455 | M26: 0.75839048 | N26: 0.78773223 | O26: 0.81760333 | P26: 0.84984056 | Q26: 0.88273401 | R26: 0.91548719 | S26: 0.94772739 | T26: 0.97814242 | U26: 1.0100886 | V26: 1.0408904 | W26: 1.0682939 | X26: 1.1134897 | Y26: 1.161031 | Z26: 1.2117145 | AA26: 1.2575118 | AB26: 1.295764 | AC26: 1.3363488 | AD26: 1.3805515 | AE26: 1.4283044 | AF26: 1.4755916 | AG26: 1.5169687 | AH26: 1.5503319 | AI26: 1.5791275 | AJ26: 1.6115016 | AK26: 1.6499477 | AL26: 1.6895431 | AM26: 1.7310952 | AN26: 1.7729305 | AO26: 1.8139726 | AP26: 1.8535564 | AQ26: 1.8916809 | AR26: 1.9272528 | AS26: 1.9650242 | AT26: 2.0044489 | AU26: 2.0474312 | AV26: 2.0876918 | AW26: 2.1409539 | AX26: 2.1847747 | AY26: 2.2449351 | AZ26: 2.3084164 | BA26: 2.3621559 | BB26: 2.4091404 | BC26: 2.4612107 | BD26: 2.5138471 | BE26: 2.5674363 | BF26: 2.6252994 | BG26: 2.6620461 | BH26: 2.7010024 | BI26: 2.7155411 | BJ26: 2.723813 | BK26: 2.7251059 | BL26: 2.7374662 | BM26: 2.760619 | BN26: 2.7899667 | BO26: 2.8218851 | BP26: 2.8611988 | BQ26: 2.8974043 | BR26: 2.9310957 | BS26: 2.9636817 | BT26: 2.9938108 | BU26: 3.0110354 | BV26: 3.0171243 | BW26: 3.0190105 | BX26: 3.0210447 | BY26: 3.0232385 | BZ26: 3.0256042 | CA26: 3.0281554 | CB26: 3.0309064 | CC26: 3.0338727 | CD26: 3.0370711 | CE26: 3.0405196 | CF26: 3.0442375 | CG26: 3.0482457 | CH26: 3.0525666 | CI26: 3.0572242 | CJ26: 3.0622444 | CK26: 3.067655 | CL26: 3.0734859 | CM26: 3.0797691 | CN26: 3.0865389 | CO26: 3.0938322 | CP26: 3.1016885 | CQ26: 3.11015 | CR26: 3.1192618 | CS26: 3.1290724 | CT26: 3.1396332 | CU26: 3.1509993 | CV26: 3.163229 | CW26: 3.1763847 | CX26: 3.1905322 | CY26: 3.2057416 | DA26: North America low-moderate
A27: Connecticut | B27: Non-residential | C27: 0.7301917 | D27: 0.77876677 | E27: 0.82743579 | F27: 0.87645987 | G27: 0.92757615 | H27: 0.98255868 | I27: 1.0365872 | J27: 1.0842249 | K27: 1.1339871 | L27: 1.1873341 | M27: 1.2336099 | N27: 1.2812885 | O27: 1.3301281 | P27: 1.3825184 | Q27: 1.4358371 | R27: 1.488862 | S27: 1.5408319 | T27: 1.5903928 | U27: 1.6419859 | V27: 1.6913398 | W27: 1.7361642 | X27: 1.8097091 | Y27: 1.8871645 | Z27: 1.9683708 | AA27: 2.0411959 | AB27: 2.103376 | AC27: 2.1694946 | AD27: 2.2414012 | AE27: 2.3183283 | AF27: 2.393524 | AG27: 2.4595467 | AH27: 2.5122174 | AI27: 2.5586987 | AJ27: 2.6112472 | AK27: 2.6726711 | AL27: 2.7359213 | AM27: 2.8018852 | AN27: 2.8679367 | AO27: 2.9323878 | AP27: 2.9942588 | AQ27: 3.0527745 | AR27: 3.1082401 | AS27: 3.1669259 | AT27: 3.2283401 | AU27: 3.2942197 | AV27: 3.3561543 | AW27: 3.415792 | AX27: 3.4886294 | AY27: 3.5687525 | AZ27: 3.6472541 | BA27: 3.7369228 | BB27: 3.8074148 | BC27: 3.8694184 | BD27: 3.9248346 | BE27: 4.0056571 | BF27: 4.0795259 | BG27: 4.154995 | BH27: 4.2032533 | BI27: 4.233325 | BJ27: 4.2338492 | BK27: 4.2194546 | BL27: 4.2217691 | BM27: 4.2247851 | BN27: 4.2292983 | BO27: 4.2326226 | BP27: 4.2390458 | BQ27: 4.2484501 | BR27: 4.2500377 | BS27: 4.2434389 | BT27: 4.2425082 | BU27: 4.2317676 | BV27: 4.20761 | BW27: 4.2135964 | BX27: 4.2198131 | BY27: 4.2262668 | BZ27: 4.2329644 | CA27: 4.2399128 | CB27: 4.2471187 | CC27: 4.254589 | CD27: 4.2623302 | CE27: 4.2703488 | CF27: 4.2786511 | CG27: 4.2872431 | CH27: 4.2961307 | CI27: 4.3053192 | CJ27: 4.3148137 | CK27: 4.3246189 | CL27: 4.3347388 | CM27: 4.3451768 | CN27: 4.355936 | CO27: 4.3670182 | CP27: 4.3784248 | CQ27: 4.390156 | CR27: 4.4022113 | CS27: 4.4145887 | CT27: 4.4272853 | CU27: 4.4402968 | CV27: 4.4536173 | CW27: 4.4672396 | CX27: 4.4811548 | CY27: 4.4953522 | DA27: North America low-moderate
A28: Connecticut | B28: Infrastructure | C28: 0.47307146 | D28: 0.50465534 | E28: 0.53629768 | F28: 0.56806418 | G28: 0.60102752 | H28: 0.63681405 | I28: 0.67245724 | J28: 0.70333067 | K28: 0.73537681 | L28: 0.77060068 | M28: 0.80070392 | N28: 0.83162608 | O28: 0.86307519 | P28: 0.89697846 | Q28: 0.93151533 | R28: 0.96582688 | S28: 0.99949895 | T28: 1.0311228 | U28: 1.0642172 | V28: 1.0959302 | W28: 1.123854 | X28: 1.1702613 | Y28: 1.218848 | Z28: 1.270418 | AA28: 1.3164573 | AB28: 1.3541232 | AC28: 1.3938127 | AD28: 1.4368524 | AE28: 1.4831434 | AF28: 1.5284202 | AG28: 1.5669118 | AH28: 1.596512 | AI28: 1.6207473 | AJ28: 1.6482081 | AK28: 1.6815173 | AL28: 1.715468 | AM28: 1.7509039 | AN28: 1.7860501 | AO28: 1.8197628 | AP28: 1.8513332 | AQ28: 1.8807548 | AR28: 1.9066321 | AS28: 1.9341759 | AT28: 1.9628068 | AU28: 1.9945364 | AV28: 2.0227379 | AW28: 2.0508931 | AX28: 2.0824748 | AY28: 2.1068059 | AZ28: 2.1349892 | BA28: 2.1748684 | BB28: 2.2140791 | BC28: 2.2470382 | BD28: 2.2646288 | BE28: 2.2797545 | BF28: 2.2887235 | BG28: 2.3069366 | BH28: 2.3373145 | BI28: 2.3703848 | BJ28: 2.3944552 | BK28: 2.421754 | BL28: 2.4530639 | BM28: 2.4855561 | BN28: 2.5346066 | BO28: 2.5786886 | BP28: 2.6418051 | BQ28: 2.7073796 | BR28: 2.7647358 | BS28: 2.8156988 | BT28: 2.8701346 | BU28: 2.9065407 | BV28: 2.9250143 | BW28: 2.9253111 | BX28: 2.925644 | BY28: 2.9260177 | BZ28: 2.9264369 | CA28: 2.9269074 | CB28: 2.9274354 | CC28: 2.9280279 | CD28: 2.9286927 | CE28: 2.9294386 | CF28: 2.9302757 | CG28: 2.931215 | CH28: 2.9322688 | CI28: 2.9334514 | CJ28: 2.9347782 | CK28: 2.9362668 | CL28: 2.937937 | CM28: 2.9398109 | CN28: 2.9419132 | CO28: 2.9442717 | CP28: 2.9469175 | CQ28: 2.9498854 | CR28: 2.9532145 | CS28: 2.9569485 | CT28: 2.9611363 | CU28: 2.9658328 | CV28: 2.9710992 | CW28: 2.9770042 | CX28: 2.9836243 | CY28: 2.9910451 | DA28: North America low-moderate
A29: Connecticut | B29: Total | C29: =SUM(C26:C28) -> 1.651286 | D29: =SUM(D26:D28) -> 1.7613566 | E29: =SUM(E26:E28) -> 1.871635 | F29: =SUM(F26:F28) -> 1.9825104 | G29: =SUM(G26:G28) -> 2.0978087 | H29: =SUM(H26:H28) -> 2.2224712 | I29: =SUM(I26:I28) -> 2.3459023 | J29: =SUM(J26:J28) -> 2.453659 | ... CY29: =SUM(CY26:CY28) -> 10.692139
A30: Delaware | B30: Residential | C30: 1.3189018 | D30: 1.3880168 | E30: 1.4564214 | F30: 1.5243804 | G30: 1.5948107 | H30: 1.6719542 | I30: 1.747949 | J30: 1.8109709 | K30: 1.8765835 | L30: 1.9498294 | M30: 2.0097375 | N30: 2.0809013 | O30: 2.1532665 | P30: 2.2316566 | Q30: 2.3115537 | R30: 2.3908768 | S30: 2.4686704 | T30: 2.5415464 | U30: 2.618249 | V30: 2.6918396 | W30: 2.7565306 | X30: 2.8562466 | Y30: 2.9608637 | Z30: 3.0723252 | AA30: 3.1702825 | AB30: 3.2483069 | AC30: 3.3313636 | AD30: 3.4225613 | AE30: 3.521606 | AF30: 3.6185287 | AG30: 3.7000908 | AH30: 3.7578988 | AI30: 3.8042566 | AJ30: 3.8588855 | AK30: 3.9275789 | AL30: 3.9984485 | AM30: 4.0733655 | AN30: 4.1483552 | AO30: 4.2209217 | AP30: 4.2895746 | AQ30: 4.3543834 | AR30: 4.3751259 | AS30: 4.400658 | AT30: 4.4295837 | AU30: 4.4659278 | AV30: 4.4958884 | AW30: 4.5135145 | AX30: 4.5289036 | AY30: 4.5558972 | AZ30: 4.5864989 | BA30: 4.6211676 | BB30: 4.6563583 | BC30: 4.7148028 | BD30: 4.8060137 | BE30: 4.9104176 | BF30: 5.0042866 | BG30: 5.0745132 | BH30: 5.1230685 | BI30: 5.1306356 | BJ30: 5.1265737 | BK30: 5.107031 | BL30: 5.1222473 | BM30: 5.135659 | BN30: 5.1502445 | BO30: 5.1872271 | BP30: 5.232875 | BQ30: 5.290795 | BR30: 5.3564834 | BS30: 5.4123165 | BT30: 5.5011651 | BU30: 5.580231 | BV30: 5.7000191 | BW30: 5.7052145 | BX30: 5.7106761 | BY30: 5.7164168 | BZ30: 5.7224495 | CA30: 5.7287877 | CB30: 5.7354456 | CC30: 5.7424377 | CD30: 5.7497789 | CE30: 5.7574847 | CF30: 5.7655709 | CG30: 5.7740539 | CH30: 5.7829504 | CI30: 5.7922775 | CJ30: 5.8020526 | CK30: 5.8122935 | CL30: 5.8230181 | CM30: 5.8342446 | CN30: 5.8459912 | CO30: 5.8582763 | CP30: 5.8711181 | CQ30: 5.8845345 | CR30: 5.8985434 | CS30: 5.9131621 | CT30: 5.9284072 | CU30: 5.9442947 | CV30: 5.9608395 | CW30: 5.9780554 | CX30: 5.9959547 | CY30: 6.014548 | DA30: North America medium-moderate
A31: Delaware | B31: Non-residential | C31: 1.0883426 | D31: 1.1453755 | E31: 1.2018222 | F31: 1.2579012 | G31: 1.3160195 | H31: 1.3796774 | I31: 1.4423874 | J31: 1.4943924 | K31: 1.548535 | L31: 1.6089766 | M31: 1.6584119 | N31: 1.7171349 | O31: 1.776849 | P31: 1.841534 | Q31: 1.9074613 | R31: 1.972913 | S31: 2.0370996 | T31: 2.0972238 | U31: 2.1604991 | V31: 2.2211972 | W31: 2.2745387 | X31: 2.3567635 | Y31: 2.4430087 | Z31: 2.5348705 | AA31: 2.6155488 | AB31: 2.6797288 | AC31: 2.7479999 | AD31: 2.8229146 | AE31: 2.9042163 | AF31: 2.9836634 | AG31: 3.0503157 | AH31: 3.0972461 | AI31: 3.1345825 | AJ31: 3.1785836 | AK31: 3.2340152 | AL31: 3.2910535 | AM31: 3.3512295 | AN31: 3.4112515 | AO31: 3.4690491 | AP31: 3.5233833 | AQ31: 3.5743031 | AR31: 3.588757 | AS31: 3.6069441 | AT31: 3.6277116 | AU31: 3.6543803 | AV31: 3.6755614 | AW31: 3.7092261 | AX31: 3.7492498 | AY31: 3.8190849 | AZ31: 3.843594 | BA31: 3.8200738 | BB31: 3.792403 | BC31: 3.7669675 | BD31: 3.7167058 | BE31: 3.6626218 | BF31: 3.621336 | BG31: 3.6239236 | BH31: 3.6117582 | BI31: 3.6042142 | BJ31: 3.5617539 | BK31: 3.51658 | BL31: 3.4916234 | BM31: 3.4646032 | BN31: 3.4428337 | BO31: 3.4061091 | BP31: 3.3758316 | BQ31: 3.3297298 | BR31: 3.2871812 | BS31: 3.2428208 | BT31: 3.1910723 | BU31: 3.1161301 | BV31: 3.048286 | BW31: 3.0589907 | BX31: 3.0701543 | BY31: 3.081795 | BZ31: 3.0939314 | CA31: 3.1065826 | CB31: 3.1197683 | CC31: 3.1335086 | CD31: 3.1478239 | CE31: 3.1627353 | CF31: 3.1782641 | CG31: 3.1944319 | CH31: 3.2112607 | CI31: 3.2287726 | CJ31: 3.2469898 | CK31: 3.2659346 | CL31: 3.2856292 | CM31: 3.3060956 | CN31: 3.3273554 | CO31: 3.3494297 | CP31: 3.372339 | CQ31: 3.3961028 | CR31: 3.4207395 | CS31: 3.4462663 | CT31: 3.4726985 | CU31: 3.5000496 | CV31: 3.5283307 | CW31: 3.5575504 | CX31: 3.5877142 | CY31: 3.6188239 | DA31: North America low-moderate
A32: Delaware | B32: Infrastructure | C32: 1.386757 | D32: 1.4594277 | E32: 1.5313513 | F32: 1.6028056 | G32: 1.6768572 | H32: 1.7579647 | I32: 1.8378592 | J32: 1.9041042 | K32: 1.9730576 | L32: 2.050012 | M32: 2.1129039 | N32: 2.1875717 | O32: 2.2634197 | P32: 2.3454882 | Q32: 2.4289885 | R32: 2.5116872 | S32: 2.5925273 | T32: 2.6678885 | U32: 2.7469014 | V32: 2.8222039 | W32: 2.8876417 | X32: 2.9891909 | Y32: 3.0951769 | Z32: 3.2075604 | AA32: 3.3048671 | AB32: 3.3802644 | AC32: 3.4599352 | AD32: 3.5470894 | AE32: 3.641367 | AF32: 3.7322431 | AG32: 3.8057623 | AH32: 3.8534872 | AI32: 3.8880268 | AJ32: 3.9301085 | AK32: 3.9858177 | AL32: 4.0426503 | AM32: 4.1025708 | AN32: 4.1613977 | AO32: 4.2165059 | AP32: 4.266329 | AQ32: 4.3109431 | AR32: 4.3100283 | AS32: 4.3132736 | AT32: 4.3192348 | AU32: 4.3321719 | AV32: 4.3376057 | AW32: 4.3647211 | AX32: 4.3870019 | AY32: 4.4157358 | AZ32: 4.4047841 | BA32: 4.3510046 | BB32: 4.2970619 | BC32: 4.254283 | BD32: 4.1720731 | BE32: 4.0917827 | BF32: 4.0384411 | BG32: 4.0059754 | BH32: 3.9874338 | BI32: 3.9825285 | BJ32: 3.9548873 | BK32: 3.9357388 | BL32: 3.9329876 | BM32: 3.8984102 | BN32: 3.8893055 | BO32: 3.8557464 | BP32: 3.8642639 | BQ32: 3.8504744 | BR32: 3.8021298 | BS32: 3.7432832 | BT32: 3.6725365 | BU32: 3.5689077 | BV32: 3.4845951 | BW32: 3.4848532 | BX32: 3.4851429 | BY32: 3.4854679 | BZ32: 3.4858326 | CA32: 3.4862419 | CB32: 3.486701 | CC32: 3.4872162 | CD32: 3.4877943 | CE32: 3.4884428 | CF32: 3.4891704 | CG32: 3.4899868 | CH32: 3.4909026 | CI32: 3.4919299 | CJ32: 3.4930823 | CK32: 3.494375 | CL32: 3.4958249 | CM32: 3.4974511 | CN32: 3.4992749 | CO32: 3.50132 | CP32: 3.5036132 | CQ32: 3.5061843 | CR32: 3.5090666 | CS32: 3.5122974 | CT32: 3.5159182 | CU32: 3.5199755 | CV32: 3.524521 | CW32: 3.5296124 | CX32: 3.5353139 | CY32: 3.5416967 | DA32: North America low-moderate
A33: Delaware | B33: Total | C33: =SUM(C30:C32) -> 3.7940013 | D33: =SUM(D30:D32) -> 3.99282 | E33: =SUM(E30:E32) -> 4.1895948 | F33: =SUM(F30:F32) -> 4.3850872 | G33: =SUM(G30:G32) -> 4.5876874 | H33: =SUM(H30:H32) -> 4.8095963 | I33: =SUM(I30:I32) -> 5.0281955 | J33: =SUM(J30:J32) -> 5.2094675 | ... CY33: =SUM(CY30:CY32) -> 13.175069
A34: Florida | B34: Residential | C34: 5.1315705 | D34: 5.2083962 | E34: 5.2909268 | F34: 5.3787368 | G34: 5.4807435 | H34: 5.6096083 | I34: 5.737365 | J34: 5.8257965 | K34: 5.9260005 | L34: 6.0527175 | M34: 6.1403819 | N34: 6.27012 | O34: 6.4037002 | P34: 6.555132 | Q34: 6.7106654 | R34: 6.8642066 | S34: 7.0131245 | T34: 7.1480446 | U34: 7.2937352 | V34: 7.4307431 | W34: 7.5434607 | X34: 7.5533183 | Y34: 7.5791667 | Z34: 7.6242807 | AA34: 7.6378961 | AB34: 7.6075683 | AC34: 7.5936615 | AD34: 7.6017034 | AE34: 7.6293483 | AF34: 7.6540598 | AG34: 7.6486366 | AH34: 7.6127258 | AI34: 7.558982 | AJ34: 7.5266851 | AK34: 7.5256208 | AL34: 7.5316649 | AM34: 7.5478375 | AN34: 7.5663262 | AO34: 7.5824715 | AP34: 7.5936725 | AQ34: 7.6001953 | AR34: 7.5923565 | AS34: 7.5943546 | AT34: 7.6035577 | AU34: 7.6266605 | AV34: 7.6399438 | AW34: 7.6628367 | AX34: 7.6909296 | AY34: 7.7365684 | AZ34: 7.8031861 | BA34: 7.9195715 | BB34: 8.0495532 | BC34: 8.2034821 | BD34: 8.3576249 | BE34: 8.5446195 | BF34: 8.7820557 | BG34: 8.9430631 | BH34: 8.9408345 | BI34: 8.8716201 | BJ34: 8.79031 | BK34: 8.6882984 | BL34: 8.6462005 | BM34: 8.6009191 | BN34: 8.5857448 | BO34: 8.5612482 | BP34: 8.5314265 | BQ34: 8.5012213 | BR34: 8.5049488 | BS34: 8.5711036 | BT34: 8.6181797 | BU34: 8.7361516 | BV34: 8.840531 | BW34: 8.8414948 | BX34: 8.8425708 | BY34: 8.843771 | BZ34: 8.8451086 | CA34: 8.8465979 | CB34: 8.8482543 | CC34: 8.8500941 | CD34: 8.8521348 | CE34: 8.8543948 | CF34: 8.8568933 | CG34: 8.8596499 | CH34: 8.8626844 | CI34: 8.8660164 | CJ34: 8.8696648 | CK34: 8.8736468 | CL34: 8.8779774 | CM34: 8.882668 | CN34: 8.8877255 | CO34: 8.8931508 | CP34: 8.8989373 | CQ34: 8.905069 | CR34: 8.9115193 | CS34: 8.9182492 | CT34: 8.9252063 | CU34: 8.9323237 | CV34: 8.9395205 | CW34: 8.9467022 | CX34: 8.9537634 | CY34: 8.9605915 | DA34: North America high-fast
A35: Florida | B35: Non-residential | C35: 3.6088764 | D35: 3.6629056 | E35: 3.7209468 | F35: 3.7827009 | G35: 3.854439 | H35: 3.9450657 | I35: 4.0349131 | J35: 4.0971042 | K35: 4.1675744 | L35: 4.2566903 | M35: 4.3183414 | N35: 4.4095811 | O35: 4.5035217 | P35: 4.6100151 | Q35: 4.7193901 | R35: 4.8273594 | S35: 4.9320702 | T35: 5.0269265 | U35: 5.1293423 | V35: 5.2256309 | W35: 5.3048082 | X35: 5.3116157 | Y35: 5.3296243 | Z35: 5.361126 | AA35: 5.3704064 | AB35: 5.3486994 | AC35: 5.3384411 | AD35: 5.3435019 | AE35: 5.3622144 | AF35: 5.3787108 | AG35: 5.3738429 | AH35: 5.3473593 | AI35: 5.3081325 | AJ35: 5.2837714 | AK35: 5.281144 | AL35: 5.2832719 | AM35: 5.2922685 | AN35: 5.3026309 | AO35: 5.3110756 | AP35: 5.3157686 | AQ35: 5.3168941 | AR35: 5.3076054 | AS35: 5.304949 | AT35: 5.307075 | AU35: 5.3186938 | AV35: 5.3231275 | AW35: 5.3320497 | AX35: 5.3533756 | AY35: 5.3918962 | AZ35: 5.4174397 | BA35: 5.4250638 | BB35: 5.4196186 | BC35: 5.399949 | BD35: 5.3846766 | BE35: 5.3988365 | BF35: 5.4285454 | BG35: 5.4984926 | BH35: 5.5379377 | BI35: 5.550928 | BJ35: 5.5032979 | BK35: 5.4170211 | BL35: 5.3633847 | BM35: 5.3010445 | BN35: 5.2437668 | BO35: 5.1843294 | BP35: 5.0990418 | BQ35: 5.0197296 | BR35: 4.9502742 | BS35: 4.8906976 | BT35: 4.8598417 | BU35: 4.8586689 | BV35: 4.8308282 | BW35: 4.8455246 | BX35: 4.8621428 | BY35: 4.8809322 | BZ35: 4.902174 | CA35: 4.9261846 | CB35: 4.9533201 | CC35: 4.9839804 | CD35: 5.0186138 | CE35: 5.0577221 | CF35: 5.1018651 | CG35: 5.1516652 | CH35: 5.2078113 | CI35: 5.2710614 | CJ35: 5.3422433 | CK35: 5.4222516 | CL35: 5.5120404 | CM35: 5.6126081 | CN35: 5.7249726 | CO35: 5.8501324 | CP35: 5.9890089 | CQ35: 6.1423653 | CR35: 6.310697 | CS35: 6.49409 | CT35: 6.6920486 | CU35: 6.9033002 | CV35: 7.1255995 | CW35: 7.3555686 | CX35: 7.5886303 | CY35: 7.8191023 | DA35: North America high-fast
A36: Florida | B36: Infrastructure | C36: 2.5778005 | D36: 2.616393 | E36: 2.6578509 | F36: 2.7019599 | G36: 2.7531984 | H36: 2.8179248 | I36: 2.8820868 | J36: 2.9264805 | K36: 2.9767657 | L36: 3.0403339 | M36: 3.0842309 | N36: 3.149182 | O36: 3.2159508 | P36: 3.2915346 | Q36: 3.3689779 | R36: 3.4451632 | S36: 3.5187052 | T36: 3.5848252 | U36: 3.6558908 | V36: 3.722053 | W36: 3.7753934 | X36: 3.7766509 | Y36: 3.785294 | Z36: 3.8029239 | AA36: 3.8040032 | AB36: 3.7822529 | AC36: 3.7679771 | AD36: 3.7639419 | AE36: 3.768966 | AF36: 3.7717322 | AG36: 3.7585851 | AH36: 3.7295816 | AI36: 3.6909134 | AJ36: 3.66233 | AK36: 3.6487653 | AL36: 3.6381177 | AM36: 3.6319205 | AN36: 3.6262641 | AO36: 3.6188226 | AP36: 3.6083036 | AQ36: 3.5948558 | AR36: 3.5733639 | AS36: 3.5562424 | AT36: 3.5421899 | AU36: 3.5345936 | AV36: 3.5215658 | AW36: 3.5115447 | AX36: 3.5025946 | AY36: 3.4825399 | AZ36: 3.4663059 | BA36: 3.4436004 | BB36: 3.4254413 | BC36: 3.4076299 | BD36: 3.3946789 | BE36: 3.4027566 | BF36: 3.4257321 | BG36: 3.4642 | BH36: 3.4999028 | BI36: 3.5086298 | BJ36: 3.4842067 | BK36: 3.4586957 | BL36: 3.4503491 | BM36: 3.4359961 | BN36: 3.4263185 | BO36: 3.4173059 | BP36: 3.4064972 | BQ36: 3.3849954 | BR36: 3.3626018 | BS36: 3.3494075 | BT36: 3.3755975 | BU36: 3.3941132 | BV36: 3.392569 | BW36: 3.4585414 | BX36: 3.5284464 | BY36: 3.6025081 | BZ36: 3.6809573 | CA36: 3.7640305 | CB36: 3.8519676 | CC36: 3.9450091 | CD36: 4.0433937 | CE36: 4.1473532 | CF36: 4.2571085 | CG36: 4.3728628 | CH36: 4.4947951 | CI36: 4.6230514 | CJ36: 4.757735 | CK36: 4.8988958 | CL36: 5.046518 | CM36: 5.2005069 | CN36: 5.3606751 | CO36: 5.5267284 | CP36: 5.6982523 | CQ36: 5.8746999 | CR36: 6.0553821 | CS36: 6.2394617 | CT36: 6.4259527 | CU36: 6.6137255 | CV36: 6.8015205 | CW36: 6.9879694 | CX36: 7.1716257 | CY36: 7.3510032 | DA36: North America high-fast
A37: Florida | B37: Total | C37: =SUM(C34:C36) -> 11.318247 | D37: =SUM(D34:D36) -> 11.487695 | E37: =SUM(E34:E36) -> 11.669725 | F37: =SUM(F34:F36) -> 11.863398 | G37: =SUM(G34:G36) -> 12.088381 | H37: =SUM(H34:H36) -> 12.372599 | I37: =SUM(I34:I36) -> 12.654365 | J37: =SUM(J34:J36) -> 12.849381 | ... CY37: =SUM(CY34:CY36) -> 24.130697
A38: Georgia | B38: Residential | C38: 1.6664615 | D38: 1.7984487 | E38: 1.9326219 | F38: 2.0691454 | G38: 2.2119041 | H38: 2.3670028 | I38: 2.5235418 | J38: 2.663912 | K38: 2.8102732 | L38: 2.9704276 | M38: 3.1123939 | N38: 3.242952 | O38: 3.3761175 | P38: 3.5194966 | Q38: 3.6660518 | R38: 3.812468 | S38: 3.9571646 | T38: 4.0946133 | U38: 4.2388252 | V38: 4.3785773 | W38: 4.5043175 | X38: 4.6187204 | Y38: 4.7394216 | Z38: 4.8693523 | AA38: 4.976345 | AB38: 5.0510891 | AC38: 5.1329638 | AD38: 5.2265408 | AE38: 5.3310872 | AF38: 5.4313819 | AG38: 5.5078488 | AH38: 5.5582277 | AI38: 5.5919761 | AJ38: 5.6382014 | AK38: 5.7050869 | AL38: 5.7751028 | AM38: 5.8508856 | AN38: 5.9266653 | AO38: 5.9988985 | AP38: 6.0655349 | AQ38: 6.1267573 | AR38: 6.1035163 | AS38: 6.0890441 | AT38: 6.0811119 | AU38: 6.0849639 | AV38: 6.0815942 | AW38: 6.0919006 | AX38: 6.0994896 | AY38: 6.1168505 | AZ38: 6.1349737 | BA38: 6.2014492 | BB38: 6.2705895 | BC38: 6.3223979 | BD38: 6.3994389 | BE38: 6.4796276 | BF38: 6.5912308 | BG38: 6.7253942 | BH38: 6.7623355 | BI38: 6.7467601 | BJ38: 6.6748186 | BK38: 6.5893819 | BL38: 6.5586643 | BM38: 6.5451567 | BN38: 6.5800082 | BO38: 6.5751094 | BP38: 6.5716815 | BQ38: 6.584244 | BR38: 6.6088307 | BS38: 6.6750983 | BT38: 6.6986804 | BU38: 6.7217063 | BV38: 6.7952738 | BW38: 6.7968221 | BX38: 6.7985087 | BY38: 6.8003445 | BZ38: 6.8023411 | CA38: 6.8045105 | CB38: 6.8068653 | CC38: 6.8094186 | CD38: 6.8121836 | CE38: 6.815174 | CF38: 6.8184033 | CG38: 6.8218851 | CH38: 6.8256324 | CI38: 6.8296574 | CJ38: 6.8339716 | CK38: 6.8385848 | CL38: 6.8435048 | CM38: 6.848737 | CN38: 6.8542837 | CO38: 6.8601435 | CP38: 6.8663103 | CQ38: 6.8727731 | CR38: 6.8795147 | CS38: 6.8865115 | CT38: 6.8937325 | CU38: 6.9011389 | CV38: 6.9086842 | CW38: 6.9163136 | CX38: 6.9239649 | CY38: 6.931569 | DA38: North America medium-fast
A39: Georgia | B39: Non-residential | C39: 1.8190649 | D39: 1.9631387 | E39: 2.1095985 | F39: 2.2586239 | G39: 2.4144555 | H39: 2.5837571 | I39: 2.7546309 | J39: 2.9078552 | K39: 3.0676191 | L39: 3.2424392 | M39: 3.3974053 | N39: 3.5399181 | O39: 3.6852762 | P39: 3.8417816 | Q39: 4.0017513 | R39: 4.1615653 | S39: 4.3194955 | T39: 4.4695046 | U39: 4.6268818 | V39: 4.7793706 | W39: 4.9165364 | X39: 5.0412907 | Y39: 5.1728715 | Z39: 5.3144649 | AA39: 5.4309411 | AB39: 5.5121188 | AC39: 5.600962 | AD39: 5.7024384 | AE39: 5.8157231 | AF39: 5.9241752 | AG39: 6.0063987 | AH39: 6.0599176 | AI39: 6.0950175 | AJ39: 6.1434464 | AK39: 6.2141132 | AL39: 6.2878607 | AM39: 6.3675468 | AN39: 6.4468558 | AO39: 6.5219042 | AP39: 6.5904417 | AQ39: 6.6526571 | AR39: 6.6226736 | AS39: 6.6019263 | AT39: 6.5879848 | AU39: 6.5865772 | AV39: 6.5769623 | AW39: 6.5679628 | AX39: 6.5659883 | AY39: 6.594219 | AZ39: 6.5988018 | BA39: 6.5702018 | BB39: 6.5531675 | BC39: 6.514882 | BD39: 6.4739814 | BE39: 6.4750546 | BF39: 6.4676337 | BG39: 6.4474804 | BH39: 6.4326573 | BI39: 6.4088633 | BJ39: 6.3451545 | BK39: 6.2421049 | BL39: 6.1990381 | BM39: 6.1375006 | BN39: 6.0788784 | BO39: 6.0278028 | BP39: 5.976111 | BQ39: 5.9185456 | BR39: 5.8729241 | BS39: 5.8199953 | BT39: 5.7930368 | BU39: 5.7657843 | BV39: 5.7567402 | BW39: 5.7642043 | BX39: 5.7725368 | BY39: 5.7818328 | BZ39: 5.7921962 | CA39: 5.8037404 | CB39: 5.816588 | CC39: 5.8308714 | CD39: 5.8467323 | CE39: 5.8643215 | CF39: 5.8837976 | CG39: 5.9053259 | CH39: 5.9290758 | CI39: 5.9552178 | CJ39: 5.9839192 | CK39: 6.0153386 | CL39: 6.0496182 | CM39: 6.0868754 | CN39: 6.1271911 | CO39: 6.1705969 | CP39: 6.2170598 | CQ39: 6.2664657 | CR39: 6.3186014 | CS39: 6.3731376 | CT39: 6.429614 | CU39: 6.4874294 | CV39: 6.5458403 | CW39: 6.6039707 | CX39: 6.6608377 | CY39: 6.7153951 | DA39: North America medium-fast
A40: Georgia | B40: Infrastructure | C40: 1.3199778 | D40: 1.4245227 | E40: 1.5307988 | F40: 1.6389359 | G40: 1.7520104 | H40: 1.8748562 | I40: 1.9988372 | J40: 2.1100005 | K40: 2.2258908 | L40: 2.3526765 | M40: 2.4650085 | N40: 2.5682352 | O40: 2.6734269 | P40: 2.7865695 | Q40: 2.9020408 | R40: 3.0171577 | S40: 3.1306016 | T40: 3.2379189 | U40: 3.3501256 | V40: 3.4582443 | W40: 3.5546179 | X40: 3.6413555 | Y40: 3.732294 | Z40: 3.8296784 | AA40: 3.9079587 | AB40: 3.9596982 | AC40: 4.0160357 | AD40: 4.0805498 | AE40: 4.1526269 | AF40: 4.2201869 | AG40: 4.2677082 | AH40: 4.2936695 | AI40: 4.3053473 | AJ40: 4.3258023 | AK40: 4.3615236 | AL40: 4.3986341 | AM40: 4.439231 | AN40: 4.4787532 | AO40: 4.5144034 | AP40: 4.5445687 | AQ40: 4.569406 | AR40: 4.5295297 | AS40: 4.495955 | AT40: 4.4669423 | AU40: 4.4466753 | AV40: 4.4201339 | AW40: 4.3944788 | AX40: 4.367286 | AY40: 4.3361788 | AZ40: 4.3086468 | BA40: 4.262829 | BB40: 4.2382869 | BC40: 4.2079213 | BD40: 4.1782597 | BE40: 4.1876801 | BF40: 4.1981525 | BG40: 4.1998649 | BH40: 4.2339875 | BI40: 4.2267418 | BJ40: 4.1829719 | BK40: 4.1322698 | BL40: 4.1087112 | BM40: 4.082675 | BN40: 4.0538883 | BO40: 4.054253 | BP40: 4.0605533 | BQ40: 4.0652063 | BR40: 4.0751427 | BS40: 4.0659521 | BT40: 4.0743653 | BU40: 4.0696346 | BV40: 4.0968772 | BW40: 4.183037 | BX40: 4.268388 | BY40: 4.3528322 | BZ40: 4.4362761 | CA40: 4.5186308 | CB40: 4.5998123 | CC40: 4.6797421 | CD40: 4.7583469 | CE40: 4.8355594 | CF40: 4.911318 | CG40: 4.985567 | CH40: 5.0582567 | CI40: 5.1293434 | CJ40: 5.1987893 | CK40: 5.2665624 | CL40: 5.3326365 | CM40: 5.396991 | CN40: 5.4596106 | CO40: 5.5204851 | CP40: 5.5796095 | CQ40: 5.6369833 | CR40: 5.6926105 | CS40: 5.7464993 | CT40: 5.7986618 | CU40: 5.8491136 | CV40: 5.8978737 | CW40: 5.9449641 | CX40: 5.9904097 | CY40: 6.0342376 | DA40: North America medium-fast
A41: Georgia | B41: Total | C41: =SUM(C38:C40) -> 4.8055043 | D41: =SUM(D38:D40) -> 5.1861102 | E41: =SUM(E38:E40) -> 5.5730192 | F41: =SUM(F38:F40) -> 5.9667052 | G41: =SUM(G38:G40) -> 6.37837 | H41: =SUM(H38:H40) -> 6.8256161 | I41: =SUM(I38:I40) -> 7.2770098 | J41: =SUM(J38:J40) -> 7.6817677 | ... CY41: =SUM(CY38:CY40) -> 19.681202
A42: Idaho | B42: Residential | C42: 2.1601276 | D42: 2.3338093 | E42: 2.5106392 | F42: 2.6908283 | G42: 2.8794316 | H42: 3.0844175 | I42: 3.2916046 | J42: 3.4779961 | K42: 3.6724806 | L42: 3.885275 | M42: 4.0745494 | N42: 4.2859219 | O42: 4.503465 | P42: 4.7374582 | Q42: 4.9786579 | R42: 5.2225783 | S42: 5.4669738 | T42: 5.7040284 | U42: 5.9531188 | V42: 6.1985365 | W42: 6.4264541 | X42: 6.5039173 | Y42: 6.5912503 | Z42: 6.6920732 | AA42: 6.7621769 | AB42: 6.7900126 | AC42: 6.8292197 | AD42: 6.8853918 | AE42: 6.9570176 | AF42: 7.0239394 | AG42: 7.0611448 | AH42: 7.2101562 | AI42: 7.3377566 | AJ42: 7.4818251 | AK42: 7.6538888 | AL42: 7.831065 | AM42: 8.0170832 | AN42: 8.2041816 | AO42: 8.3873849 | AP42: 8.5636331 | AQ42: 8.7329414 | AR42: 8.6815529 | AS42: 8.6437333 | AT42: 8.6161655 | AU42: 8.606141 | AV42: 8.5866742 | AW42: 8.5578627 | AX42: 8.5117949 | AY42: 8.4829966 | AZ42: 8.4664661 | BA42: 8.4297328 | BB42: 8.4249439 | BC42: 8.4103123 | BD42: 8.4222657 | BE42: 8.425987 | BF42: 8.4734484 | BG42: 8.5215919 | BH42: 8.5144889 | BI42: 8.4382081 | BJ42: 8.3354775 | BK42: 8.2002529 | BL42: 8.1651596 | BM42: 8.1669481 | BN42: 8.1551446 | BO42: 8.1315951 | BP42: 8.1157073 | BQ42: 8.0673907 | BR42: 8.0156737 | BS42: 8.0213972 | BT42: 7.936483 | BU42: 7.7809576 | BV42: 7.6830902 | BW42: 7.6900129 | BX42: 7.6977541 | BY42: 7.7064053 | BZ42: 7.7160671 | CA42: 7.7268497 | CB42: 7.7388728 | CC42: 7.7522664 | CD42: 7.7671705 | CE42: 7.7837352 | CF42: 7.80212 | CG42: 7.8224928 | CH42: 7.8450283 | CI42: 7.8699056 | CJ42: 7.8973045 | CK42: 7.9274015 | CL42: 7.9603634 | CM42: 7.9963398 | CN42: 8.0354536 | CO42: 8.0777892 | CP42: 8.1233791 | CQ42: 8.1721884 | CR42: 8.224097 | CS42: 8.2788819 | CT42: 8.3362 | CU42: 8.395572 | CV42: 8.4563735 | CW42: 8.5178325 | CX42: 8.5790399 | CY42: 8.638975 | DA42: North America high-fast
A43: Idaho | B43: Non-residential | C43: 0.90573305 | D43: 0.97855712 | E43: 1.0527012 | F43: 1.1282538 | G43: 1.2073344 | H43: 1.2932842 | I43: 1.3801569 | J43: 1.4583101 | K43: 1.5398567 | L43: 1.6290804 | M43: 1.7084422 | N43: 1.7970693 | O43: 1.8882833 | P43: 1.986394 | Q43: 2.0875249 | R43: 2.1897945 | S43: 2.2922596 | T43: 2.3916414 | U43: 2.4960619 | V43: 2.598931 | W43: 2.6944465 | X43: 2.7268608 | Y43: 2.7633891 | Z43: 2.8055429 | AA43: 2.8347779 | AB43: 2.8462432 | AC43: 2.8624203 | AD43: 2.8856444 | AE43: 2.915271 | AF43: 2.942837 | AG43: 2.9578433 | AH43: 3.019555 | AI43: 3.0721389 | AJ43: 3.1314605 | AK43: 3.2023362 | AL43: 3.2751553 | AM43: 3.3514661 | AN43: 3.4279992 | AO43: 3.5026551 | AP43: 3.5741383 | AQ43: 3.6424442 | AR43: 3.6184165 | AS43: 3.599903 | AT43: 3.5855148 | AU43: 3.5783114 | AV43: 3.566981 | AW43: 3.5517723 | AX43: 3.5591024 | AY43: 3.5737885 | AZ43: 3.5939914 | BA43: 3.6143705 | BB43: 3.6275128 | BC43: 3.6303267 | BD43: 3.6323755 | BE43: 3.6648662 | BF43: 3.6725912 | BG43: 3.7140926 | BH43: 3.7415379 | BI43: 3.734933 | BJ43: 3.6827811 | BK43: 3.6215544 | BL43: 3.5994761 | BM43: 3.5725182 | BN43: 3.5393888 | BO43: 3.4919078 | BP43: 3.4590443 | BQ43: 3.4063408 | BR43: 3.3332878 | BS43: 3.2657654 | BT43: 3.2202607 | BU43: 3.1349544 | BV43: 3.0789101 | BW43: 3.0922297 | BX43: 3.1073323 | BY43: 3.1244609 | BZ43: 3.143893 | CA43: 3.1659452 | CB43: 3.1909794 | CC43: 3.2194096 | CD43: 3.2517094 | CE43: 3.2884213 | CF43: 3.3301666 | CG43: 3.3776576 | CH43: 3.4317105 | CI43: 3.4932602 | CJ43: 3.5633762 | CK43: 3.6432791 | CL43: 3.7343573 | CM43: 3.8381817 | CN43: 3.9565147 | CO43: 4.0913108 | CP43: 4.2446997 | CQ43: 4.4189418 | CR43: 4.6163411 | CS43: 4.8390952 | CT43: 5.0890577 | CU43: 5.3673884 | CV43: 5.6740748 | CW43: 6.0073363 | CX43: 6.3629758 | CY43: 6.7338241 | DA43: North America high-fast
A44: Idaho | B44: Infrastructure | C44: 1.2099762 | D44: 1.3072624 | E44: 1.4063118 | F44: 1.5072421 | G44: 1.6128844 | H44: 1.7277004 | I44: 1.8437442 | J44: 1.9481297 | K44: 2.0570313 | L44: 2.1761613 | M44: 2.2820729 | N44: 2.4002948 | O44: 2.5218754 | P44: 2.6525331 | Q44: 2.7870405 | R44: 2.9228252 | S44: 3.0585583 | T44: 3.1897808 | U44: 3.327256 | V44: 3.4620864 | W44: 3.5864222 | X44: 3.6261227 | Y44: 3.670662 | Z44: 3.7220128 | AA44: 3.7553645 | AB44: 3.7642089 | AC44: 3.7785618 | AD44: 3.8015358 | AE44: 3.8322718 | AF44: 3.8594746 | AG44: 3.8691352 | AH44: 3.9387919 | AI44: 3.9951425 | AJ44: 4.0593801 | AK44: 4.13794 | AL44: 4.2179849 | AM44: 4.301586 | AN44: 4.3843788 | AO44: 4.4635614 | AP44: 4.5374066 | AQ44: 4.6059127 | AR44: 4.5561342 | AS44: 4.5133631 | AT44: 4.4757669 | AU44: 4.4474591 | AV44: 4.413357 | AW44: 4.3797629 | AX44: 4.3620222 | AY44: 4.3286387 | AZ44: 4.3141361 | BA44: 4.3320949 | BB44: 4.3458453 | BC44: 4.3739259 | BD44: 4.372147 | BE44: 4.4265256 | BF44: 4.4667611 | BG44: 4.4781828 | BH44: 4.5224637 | BI44: 4.5469498 | BJ44: 4.550957 | BK44: 4.5756335 | BL44: 4.6348937 | BM44: 4.6616338 | BN44: 4.6899975 | BO44: 4.7185924 | BP44: 4.7589092 | BQ44: 4.7608639 | BR44: 4.7479203 | BS44: 4.7328933 | BT44: 4.8138746 | BU44: 4.8083813 | BV44: 4.8079866 | BW44: 4.8775418 | BX44: 4.9505054 | BY44: 5.0269923 | BZ44: 5.1071104 | CA44: 5.1909587 | CB44: 5.2786241 | CC44: 5.3701787 | CD44: 5.4656756 | CE44: 5.5651456 | CF44: 5.668592 | CG44: 5.7759866 | CH44: 5.8872639 | CI44: 6.0023165 | CJ44: 6.1209891 | CK44: 6.2430734 | CL44: 6.3683033 | CM44: 6.4963503 | CN44: 6.62682 | CO44: 6.7592505 | CP44: 6.8931111 | CQ44: 7.0278048 | CR44: 7.1626723 | CS44: 7.2969984 | CT44: 7.4300229 | CU44: 7.5609531 | CV44: 7.68898 | CW44: 7.8132969 | CX44: 7.9331198 | CY44: 8.0477091 | DA44: North America high-fast
A45: Idaho | B45: Total | C45: =SUM(C42:C44) -> 4.2758369 | D45: =SUM(D42:D44) -> 4.6196289 | E45: =SUM(E42:E44) -> 4.9696522 | F45: =SUM(F42:F44) -> 5.3263242 | G45: =SUM(G42:G44) -> 5.6996503 | H45: =SUM(H42:H44) -> 6.1054021 | I45: =SUM(I42:I44) -> 6.5155057 | J45: =SUM(J42:J44) -> 6.8844359 | ... CY45: =SUM(CY42:CY44) -> 23.420508
A46: Illinois | B46: Residential | C46: 0.55421711 | D46: 0.5973819 | E46: 0.6411886 | F46: 0.68569294 | G46: 0.73218186 | H46: 0.78267074 | I46: 0.83354981 | J46: 0.87901076 | K46: 0.92637783 | L46: 0.97821751 | M46: 1.0239976 | N46: 1.0734469 | O46: 1.1241516 | P46: 1.1786626 | Q46: 1.2346561 | R46: 1.2910151 | S46: 1.3471888 | T46: 1.4012647 | U46: 1.4580132 | V46: 1.5135799 | W46: 1.5646142 | X46: 1.6303039 | Y46: 1.6993888 | Z46: 1.7730317 | AA46: 1.8394849 | AB46: 1.894867 | AC46: 1.9536285 | AD46: 2.0176451 | AE46: 2.0868137 | AF46: 2.1552639 | AG46: 2.2150468 | AH46: 2.2767607 | AI46: 2.3322867 | AJ46: 2.39361 | AK46: 2.4645447 | AL46: 2.5378494 | AM46: 2.6147723 | AN46: 2.6928206 | AO46: 2.7703577 | AP46: 2.8463422 | AQ46: 2.9207357 | AR46: 2.9607716 | AS46: 3.0038783 | AT46: 3.0491827 | AU46: 3.0995394 | AV46: 3.1454189 | AW46: 3.2042719 | AX46: 3.2650472 | AY46: 3.3300694 | AZ46: 3.4031784 | BA46: 3.4811897 | BB46: 3.5762175 | BC46: 3.6896495 | BD46: 3.7719555 | BE46: 3.8677221 | BF46: 3.9586121 | BG46: 4.0204148 | BH46: 4.077168 | BI46: 4.1024348 | BJ46: 4.1186314 | BK46: 4.129694 | BL46: 4.1463378 | BM46: 4.1646774 | BN46: 4.1955314 | BO46: 4.223505 | BP46: 4.2659063 | BQ46: 4.3074862 | BR46: 4.3506125 | BS46: 4.3977701 | BT46: 4.4378007 | BU46: 4.4183872 | BV46: 4.4814644 | BW46: 4.4893846 | BX46: 4.4977255 | BY46: 4.5065087 | BZ46: 4.5157566 | CA46: 4.5254928 | CB46: 4.535742 | CC46: 4.5465299 | CD46: 4.5578834 | CE46: 4.5698305 | CF46: 4.5824004 | CG46: 4.5956235 | CH46: 4.6095312 | CI46: 4.6241565 | CJ46: 4.6395333 | CK46: 4.6556968 | CL46: 4.6726833 | CM46: 4.6905304 | CN46: 4.7092766 | CO46: 4.7289617 | CP46: 4.7496262 | CQ46: 4.7713118 | CR46: 4.7940604 | CS46: 4.8179151 | CT46: 4.8429189 | CU46: 4.8691153 | CV46: 4.8965476 | CW46: 4.9252586 | CX46: 4.9552905 | CY46: 4.9866843 | DA46: North America medium-moderate
A47: Illinois | B47: Non-residential | C47: 0.68904311 | D47: 0.74270872 | E47: 0.7971724 | F47: 0.85250344 | G47: 0.91030186 | H47: 0.97307331 | I47: 1.0363299 | J47: 1.0928502 | K47: 1.1517404 | L47: 1.2161912 | M47: 1.2731082 | N47: 1.3345867 | O47: 1.3976258 | P47: 1.4653965 | Q47: 1.5350094 | R47: 1.6050752 | S47: 1.6749079 | T47: 1.7421287 | U47: 1.8126665 | V47: 1.8817269 | W47: 1.945141 | X47: 2.0267594 | Y47: 2.1125775 | Z47: 2.2040345 | AA47: 2.2865168 | AB47: 2.3551892 | AC47: 2.4280071 | AD47: 2.5072901 | AE47: 2.5928964 | AF47: 2.6775128 | AG47: 2.7512408 | AH47: 2.8272311 | AI47: 2.8953771 | AJ47: 2.9705607 | AK47: 3.0575048 | AL47: 3.1471873 | AM47: 3.2411413 | AN47: 3.3362495 | AO47: 3.4304595 | AP47: 3.52246 | AQ47: 3.6121874 | AR47: 3.6590783 | AS47: 3.7095176 | AT47: 3.762414 | AU47: 3.821312 | AV47: 3.8743599 | AW47: 3.9239292 | AX47: 3.9735789 | AY47: 4.033392 | AZ47: 4.0940729 | BA47: 4.1398782 | BB47: 4.2077854 | BC47: 4.2560501 | BD47: 4.3091318 | BE47: 4.3662862 | BF47: 4.4537352 | BG47: 4.5380208 | BH47: 4.6030037 | BI47: 4.63813 | BJ47: 4.6378838 | BK47: 4.6188359 | BL47: 4.6122765 | BM47: 4.6149821 | BN47: 4.6093647 | BO47: 4.615744 | BP47: 4.6370717 | BQ47: 4.6614831 | BR47: 4.6826632 | BS47: 4.7075131 | BT47: 4.7163979 | BU47: 4.6736076 | BV47: 4.7095841 | BW47: 4.7190559 | BX47: 4.7290882 | BY47: 4.7397127 | BZ47: 4.7509624 | CA47: 4.762872 | CB47: 4.7754777 | CC47: 4.7888174 | CD47: 4.8029307 | CE47: 4.8178587 | CF47: 4.8336443 | CG47: 4.8503321 | CH47: 4.8679681 | CI47: 4.8865999 | CJ47: 4.9062766 | CK47: 4.9270487 | CL47: 4.9489678 | CM47: 4.9720863 | CN47: 4.9964577 | CO47: 5.0221358 | CP47: 5.0491744 | CQ47: 5.0776272 | CR47: 5.1075469 | CS47: 5.138985 | CT47: 5.1719907 | CU47: 5.2066105 | CV47: 5.242887 | CW47: 5.2808581 | CX47: 5.3205557 | CY47: 5.3620044 | DA47: North America medium-moderate
A48: Illinois | B48: Infrastructure | C48: 0.81957197 | D48: 0.88340365 | E48: 0.94818441 | F48: 1.0139965 | G48: 1.0827424 | H48: 1.1574017 | I48: 1.2326344 | J48: 1.2998483 | K48: 1.3698698 | L48: 1.4464868 | M48: 1.5141141 | N48: 1.5871231 | O48: 1.6619251 | P48: 1.7422667 | Q48: 1.8246801 | R48: 1.9074753 | S48: 1.9897933 | T48: 2.068755 | U48: 2.1513588 | V48: 2.2318439 | W48: 2.3051915 | X48: 2.3996383 | Y48: 2.4984984 | Z48: 2.6034151 | AA48: 2.6969415 | AB48: 2.7732664 | AC48: 2.8536924 | AD48: 2.9409317 | AE48: 3.0347757 | AF48: 3.126494 | AG48: 3.2042872 | AH48: 3.2835638 | AI48: 3.3524371 | AJ48: 3.4285879 | AK48: 3.5176163 | AL48: 3.6087747 | AM48: 3.7038707 | AN48: 3.7991807 | AO48: 3.8922481 | AP48: 3.9814978 | AQ48: 4.0668405 | AR48: 4.1021707 | AS48: 4.140864 | AT48: 4.1816396 | AU48: 4.2287342 | AV48: 4.2680775 | AW48: 4.3068227 | AX48: 4.3409006 | AY48: 4.3647225 | AZ48: 4.396194 | BA48: 4.4243518 | BB48: 4.4898661 | BC48: 4.547042 | BD48: 4.6024734 | BE48: 4.6479575 | BF48: 4.706277 | BG48: 4.7924056 | BH48: 4.8531394 | BI48: 4.9148804 | BJ48: 4.9601626 | BK48: 5.0028272 | BL48: 5.049058 | BM48: 5.1040675 | BN48: 5.1540519 | BO48: 5.239466 | BP48: 5.3230609 | BQ48: 5.4153956 | BR48: 5.4961685 | BS48: 5.5785732 | BT48: 5.6607574 | BU48: 5.6731026 | BV48: 5.7751296 | BW48: 5.8053445 | BX48: 5.8349688 | BY48: 5.8640067 | BZ48: 5.8924624 | CA48: 5.9203407 | CB48: 5.9476466 | CC48: 5.9743857 | CD48: 6.0005633 | CE48: 6.0261856 | CF48: 6.0512586 | CG48: 6.0757887 | CH48: 6.0997825 | CI48: 6.1232467 | CJ48: 6.1461884 | CK48: 6.1686147 | CL48: 6.1905327 | CM48: 6.21195 | CN48: 6.2328739 | CO48: 6.2533121 | CP48: 6.2732722 | CQ48: 6.292762 | CR48: 6.3117893 | CS48: 6.3303619 | CT48: 6.3484878 | CU48: 6.3661748 | CV48: 6.3834308 | CW48: 6.4002638 | CX48: 6.4166817 | CY48: 6.4326924 | DA48: North America medium-moderate
A49: Illinois | B49: Total | C49: =SUM(C46:C48) -> 2.0628322 | D49: =SUM(D46:D48) -> 2.2234943 | E49: =SUM(E46:E48) -> 2.3865454 | F49: =SUM(F46:F48) -> 2.5521928 | G49: =SUM(G46:G48) -> 2.7252262 | H49: =SUM(H46:H48) -> 2.9131457 | I49: =SUM(I46:I48) -> 3.1025141 | J49: =SUM(J46:J48) -> 3.2717093 | ... CY49: =SUM(CY46:CY48) -> 16.781381
A50: Indiana | B50: Residential | C50: 0.76400242 | D50: 0.82124403 | E50: 0.87912545 | F50: 0.93772874 | G50: 0.9988144 | H50: 1.0651169 | I50: 1.1317086 | J50: 1.1907295 | K50: 1.2521391 | L50: 1.3193913 | M50: 1.3782816 | N50: 1.4432003 | O50: 1.5096921 | P50: 1.5811773 | Q50: 1.6545294 | R50: 1.7282505 | S50: 1.8016064 | T50: 1.8720465 | U50: 1.9459496 | V50: 2.0181691 | W50: 2.0842495 | X50: 2.1654984 | Y50: 2.2508133 | Z50: 2.3416991 | AA50: 2.4226407 | AB50: 2.4886273 | AC50: 2.5587127 | AD50: 2.6353158 | AE50: 2.7182516 | AF50: 2.7998465 | AG50: 2.8698156 | AH50: 2.9469825 | AI50: 3.016002 | AJ50: 3.092381 | AK50: 3.1810218 | AL50: 3.2725519 | AM50: 3.3685713 | AN50: 3.4658588 | AO50: 3.5623066 | AP50: 3.656579 | AQ50: 3.7486331 | AR50: 3.7961627 | AS50: 3.8475954 | AT50: 3.9018035 | AU50: 3.9624291 | AV50: 4.0172841 | AW50: 4.0759574 | AX50: 4.1308618 | AY50: 4.1865075 | AZ50: 4.2514871 | BA50: 4.3193195 | BB50: 4.3995158 | BC50: 4.4962423 | BD50: 4.5810283 | BE50: 4.6737073 | BF50: 4.7727162 | BG50: 4.8409666 | BH50: 4.8949725 | BI50: 4.912976 | BJ50: 4.921563 | BK50: 4.9233159 | BL50: 4.9393798 | BM50: 4.9606337 | BN50: 4.9955017 | BO50: 5.0170232 | BP50: 5.0452559 | BQ50: 5.0745123 | BR50: 5.1091736 | BS50: 5.1552969 | BT50: 5.1761378 | BU50: 5.1839984 | BV50: 5.2324957 | BW50: 5.2389822 | BX50: 5.2458058 | BY50: 5.2529831 | BZ50: 5.260531 | CA50: 5.2684676 | CB50: 5.2768112 | CC50: 5.2855812 | CD50: 5.2947974 | CE50: 5.3044805 | CF50: 5.3146519 | CG50: 5.3253336 | CH50: 5.3365482 | CI50: 5.3483193 | CJ50: 5.3606708 | CK50: 5.3736272 | CL50: 5.3872137 | CM50: 5.4014559 | CN50: 5.4163798 | CO50: 5.4320117 | CP50: 5.448378 | CQ50: 5.4655055 | CR50: 5.4834207 | CS50: 5.5021498 | CT50: 5.5217189 | CU50: 5.5421532 | CV50: 5.5634773 | CW50: 5.5857144 | CX50: 5.6088864 | CY50: 5.6330134 | DA50: North America medium-moderate
A51: Indiana | B51: Non-residential | C51: 1.0419543 | D51: 1.120021 | E51: 1.1989602 | F51: 1.278884 | G51: 1.3621932 | H51: 1.4526173 | I51: 1.5434357 | J51: 1.623929 | K51: 1.7076799 | L51: 1.7993991 | M51: 1.879714 | N51: 1.9682502 | O51: 2.0589314 | P51: 2.1564218 | Q51: 2.2564566 | R51: 2.3569924 | S51: 2.4570265 | T51: 2.5530783 | U51: 2.6538446 | V51: 2.7523031 | W51: 2.8423724 | X51: 2.9531053 | Y51: 3.0693529 | Z51: 3.1931582 | AA51: 3.3033503 | AB51: 3.3930824 | AC51: 3.4883252 | AD51: 3.5923606 | AE51: 3.704918 | AF51: 3.8155116 | AG51: 3.9100936 | AH51: 4.0142919 | AI51: 4.1071662 | AJ51: 4.209839 | AK51: 4.3289697 | AL51: 4.4517497 | AM51: 4.5803355 | AN51: 4.7103093 | AO51: 4.8387725 | AP51: 4.9638812 | AQ51: 5.0855555 | AR51: 5.146347 | AS51: 5.2120906 | AT51: 5.2812411 | AU51: 5.3587599 | AV51: 5.4280204 | AW51: 5.499005 | AX51: 5.5916686 | AY51: 5.7013128 | AZ51: 5.7998951 | BA51: 5.872534 | BB51: 5.9489097 | BC51: 5.9893761 | BD51: 6.0348812 | BE51: 6.08106 | BF51: 6.1224396 | BG51: 6.1678023 | BH51: 6.2197485 | BI51: 6.2357976 | BJ51: 6.2163899 | BK51: 6.188138 | BL51: 6.1793851 | BM51: 6.1958575 | BN51: 6.1732207 | BO51: 6.1747999 | BP51: 6.1892656 | BQ51: 6.1824152 | BR51: 6.1783535 | BS51: 6.1480687 | BT51: 6.1346304 | BU51: 6.1032748 | BV51: 6.1023489 | BW51: 6.1071529 | BX51: 6.1122285 | BY51: 6.1175894 | BZ51: 6.1232499 | CA51: 6.1292245 | CB51: 6.1355285 | CC51: 6.1421775 | CD51: 6.1491874 | CE51: 6.1565745 | CF51: 6.1643556 | CG51: 6.1725475 | CH51: 6.1811672 | CI51: 6.190232 | CJ51: 6.199759 | CK51: 6.2097652 | CL51: 6.2202674 | CM51: 6.2312821 | CN51: 6.2428251 | CO51: 6.2549114 | CP51: 6.2675551 | CQ51: 6.280769 | CR51: 6.2945647 | CS51: 6.3089516 | CT51: 6.3239373 | CU51: 6.3395269 | CV51: 6.3557226 | CW51: 6.3725236 | CX51: 6.3899252 | CY51: 6.4079188 | DA51: North America medium-moderate
A52: Indiana | B52: Infrastructure | C52: 0.75994798 | D52: 0.81688575 | E52: 0.87445978 | F52: 0.9327515 | G52: 0.99351163 | H52: 1.0594593 | I52: 1.1256913 | J52: 1.1843869 | K52: 1.2454482 | L52: 1.3123045 | M52: 1.3708173 | N52: 1.4352866 | O52: 1.5012635 | P52: 1.5721272 | Q52: 1.6447397 | R52: 1.7175771 | S52: 1.7898695 | T52: 1.8590346 | U52: 1.9313676 | V52: 2.0016954 | W52: 2.0655295 | X52: 2.1439618 | Y52: 2.2259108 | Z52: 2.3128101 | AA52: 2.3891657 | AB52: 2.4499357 | AC52: 2.5140197 | AD52: 2.5837755 | AE52: 2.6589769 | AF52: 2.7319537 | AG52: 2.7924441 | AH52: 2.8588252 | AI52: 2.916032 | AJ52: 2.9794552 | AK52: 3.0539391 | AL52: 3.1301304 | AM52: 3.2095907 | AN52: 3.2890871 | AO52: 3.3664946 | AP52: 3.4404582 | AQ52: 3.5109106 | AR52: 3.5378189 | AS52: 3.5676316 | AT52: 3.5992376 | AU52: 3.6362748 | AV52: 3.6666403 | AW52: 3.7004585 | AX52: 3.7425373 | AY52: 3.7799955 | AZ52: 3.8210104 | BA52: 3.8593003 | BB52: 3.9127454 | BC52: 3.9506692 | BD52: 3.9908255 | BE52: 4.039565 | BF52: 4.0709354 | BG52: 4.1209071 | BH52: 4.1709039 | BI52: 4.2166415 | BJ52: 4.2603552 | BK52: 4.3035203 | BL52: 4.3587392 | BM52: 4.4172951 | BN52: 4.4495344 | BO52: 4.5072102 | BP52: 4.5942887 | BQ52: 4.65501 | BR52: 4.7259082 | BS52: 4.7753664 | BT52: 4.8468085 | BU52: 4.9174901 | BV52: 5.0073445 | BW52: 5.0501043 | BX52: 5.0923024 | BY52: 5.133931 | BZ52: 5.1749829 | CA52: 5.2154517 | CB52: 5.2553316 | CC52: 5.2946176 | CD52: 5.3333053 | CE52: 5.3713911 | CF52: 5.4088717 | CG52: 5.445745 | CH52: 5.4820089 | CI52: 5.5176624 | CJ52: 5.5527049 | CK52: 5.5871362 | CL52: 5.6209568 | CM52: 5.6541679 | CN52: 5.6867709 | CO52: 5.7187678 | CP52: 5.7501612 | CQ52: 5.7809539 | CR52: 5.8111493 | CS52: 5.8407512 | CT52: 5.8697637 | CU52: 5.8981914 | CV52: 5.926039 | CW52: 5.9533117 | CX52: 5.9800151 | CY52: 6.0061548 | DA52: North America medium-moderate
A53: Indiana | B53: Total | C53: =SUM(C50:C52) -> 2.5659047 | D53: =SUM(D50:D52) -> 2.7581507 | E53: =SUM(E50:E52) -> 2.9525455 | F53: =SUM(F50:F52) -> 3.1493642 | G53: =SUM(G50:G52) -> 3.3545193 | H53: =SUM(H50:H52) -> 3.5771935 | I53: =SUM(I50:I52) -> 3.8008356 | J53: =SUM(J50:J52) -> 3.9990454 | ... CY53: =SUM(CY50:CY52) -> 18.047087
A54: Iowa | B54: Residential | C54: 0.48570796 | D54: 0.52900928 | E54: 0.57361521 | F54: 0.61958217 | G54: 0.66809185 | H54: 0.72104212 | I54: 0.77516904 | J54: 0.82501889 | K54: 0.87737774 | L54: 0.93473578 | M54: 0.98704235 | N54: 1.0427801 | O54: 1.1004498 | P54: 1.1625906 | Q54: 1.2269726 | R54: 1.2925049 | S54: 1.3586343 | T54: 1.4234084 | U54: 1.4916566 | V54: 1.5594602 | W54: 1.6233119 | X54: 1.6908687 | Y54: 1.7619012 | Z54: 1.8376116 | AA54: 1.9058239 | AB54: 1.9625261 | AC54: 2.0226921 | AD54: 2.0882598 | AE54: 2.1591172 | AF54: 2.2291879 | AG54: 2.290254 | AH54: 2.3652725 | AI54: 2.434549 | AJ54: 2.5105712 | AK54: 2.5974566 | AL54: 2.6876944 | AM54: 2.7826617 | AN54: 2.8797623 | AO54: 2.9772686 | AP54: 3.0740619 | AQ54: 3.1700898 | AR54: 3.2239735 | AS54: 3.281381 | AT54: 3.3413847 | AU54: 3.4071421 | AV54: 3.4681937 | AW54: 3.5299503 | AX54: 3.5859512 | AY54: 3.6500369 | AZ54: 3.7213913 | BA54: 3.7922718 | BB54: 3.8544981 | BC54: 3.9283349 | BD54: 4.0154084 | BE54: 4.1150357 | BF54: 4.2069481 | BG54: 4.2787989 | BH54: 4.3505228 | BI54: 4.4059621 | BJ54: 4.4512541 | BK54: 4.4761367 | BL54: 4.512754 | BM54: 4.5646955 | BN54: 4.6282651 | BO54: 4.6779862 | BP54: 4.7295449 | BQ54: 4.8006941 | BR54: 4.8713573 | BS54: 4.9697567 | BT54: 5.0225993 | BU54: 5.042643 | BV54: 5.1083427 | BW54: 5.1151207 | BX54: 5.1222523 | BY54: 5.1297548 | BZ54: 5.1376465 | CA54: 5.1459461 | CB54: 5.1546733 | CC54: 5.1638486 | CD54: 5.173493 | CE54: 5.1836287 | CF54: 5.1942783 | CG54: 5.2054653 | CH54: 5.2172139 | CI54: 5.2295493 | CJ54: 5.2424971 | CK54: 5.2560837 | CL54: 5.2703361 | CM54: 5.2852819 | CN54: 5.3009492 | CO54: 5.3173665 | CP54: 5.3345626 | CQ54: 5.3525665 | CR54: 5.3714073 | CS54: 5.3911139 | CT54: 5.4117149 | CU54: 5.4332384 | CV54: 5.4557116 | CW54: 5.4791609 | CX54: 5.503611 | CY54: 5.5290851 | DA54: North America medium-moderate
A55: Iowa | B55: Non-residential | C55: 0.94414411 | D55: 1.0283154 | E55: 1.1150228 | F55: 1.2043757 | G55: 1.2986713 | H55: 1.4015988 | I55: 1.5068134 | J55: 1.6037141 | K55: 1.7054919 | L55: 1.8169873 | M55: 1.9186632 | N55: 2.0270085 | O55: 2.1391088 | P55: 2.2598992 | Q55: 2.3850447 | R55: 2.5124235 | S55: 2.6409589 | T55: 2.7668536 | U55: 2.8994919 | V55: 3.0312526 | W55: 3.1553126 | X55: 3.2865489 | Y55: 3.4245071 | Z55: 3.5715128 | AA55: 3.7038853 | AB55: 3.8138107 | AC55: 3.9303783 | AD55: 4.0573357 | AE55: 4.1944432 | AF55: 4.3298652 | AG55: 4.4476023 | AH55: 4.5922099 | AI55: 4.7253973 | AJ55: 4.8714044 | AK55: 5.0381994 | AL55: 5.2111458 | AM55: 5.3928843 | AN55: 5.5783318 | AO55: 5.7640943 | AP55: 5.9479618 | AQ55: 6.1297982 | AR55: 6.2295239 | AS55: 6.3356089 | AT55: 6.4462364 | AU55: 6.5675318 | AV55: 6.6791532 | AW55: 6.8123504 | AX55: 6.9696409 | AY55: 7.140446 | AZ55: 7.2912174 | BA55: 7.4108412 | BB55: 7.5258427 | BC55: 7.624253 | BD55: 7.6979089 | BE55: 7.7631415 | BF55: 7.8503032 | BG55: 7.9345758 | BH55: 8.0172725 | BI55: 8.0834781 | BJ55: 8.0887433 | BK55: 8.0769443 | BL55: 8.0795639 | BM55: 8.1082417 | BN55: 8.0995552 | BO55: 8.0955631 | BP55: 8.1115346 | BQ55: 8.1286405 | BR55: 8.1403057 | BS55: 8.1472334 | BT55: 8.1638192 | BU55: 8.1166982 | BV55: 8.1599325 | BW55: 8.1644059 | BX55: 8.1691484 | BY55: 8.1741745 | BZ55: 8.1794994 | CA55: 8.1851385 | CB55: 8.1911081 | CC55: 8.1974248 | CD55: 8.2041057 | CE55: 8.2111684 | CF55: 8.2186307 | CG55: 8.2265108 | CH55: 8.2348271 | CI55: 8.2435981 | CJ55: 8.2528423 | CK55: 8.2625781 | CL55: 8.2728235 | CM55: 8.2835961 | CN55: 8.2949128 | CO55: 8.3067896 | CP55: 8.3192414 | CQ55: 8.3322815 | CR55: 8.3459215 | CS55: 8.3601709 | CT55: 8.3750365 | CU55: 8.3905225 | CV55: 8.4066294 | CW55: 8.4233541 | CX55: 8.4406889 | CY55: 8.4586216 | DA55: North America high-moderate
A56: Iowa | B56: Infrastructure | C56: 1.5338927 | D56: 1.6706406 | E56: 1.8115081 | F56: 1.9566731 | G56: 2.1098665 | H56: 2.2770798 | I56: 2.4480019 | J56: 2.6054035 | K56: 2.7707053 | L56: 2.9517564 | M56: 3.1167937 | N56: 3.2925728 | O56: 3.4743167 | P56: 3.6699872 | Q56: 3.8724713 | R56: 4.0782364 | S56: 4.2854326 | T56: 4.4877745 | U56: 4.7003786 | V56: 4.9107221 | W56: 5.1075698 | X56: 5.3149563 | Y56: 5.5319785 | Z56: 5.7622651 | AA56: 5.9672009 | AB56: 6.1339596 | AC56: 6.3096832 | AD56: 6.5003581 | AE56: 6.7055092 | AF56: 6.9058386 | AG56: 7.0752986 | AH56: 7.2848713 | AI56: 7.4732554 | AJ56: 7.6797493 | AK56: 7.9172193 | AL56: 8.1618087 | AM56: 8.4177295 | AN56: 8.676644 | AO56: 8.932958 | AP56: 9.1829999 | AQ56: 9.4264691 | AR56: 9.5392203 | AS56: 9.6600172 | AT56: 9.785933 | AU56: 9.9269555 | AV56: 10.050085 | AW56: 10.200535 | AX56: 10.370841 | AY56: 10.514477 | AZ56: 10.661916 | BA56: 10.810108 | BB56: 10.978796 | BC56: 11.154668 | BD56: 11.311655 | BE56: 11.50966 | BF56: 11.712526 | BG56: 11.922756 | BH56: 12.085235 | BI56: 12.222021 | BJ56: 12.350394 | BK56: 12.465118 | BL56: 12.605649 | BM56: 12.802413 | BN56: 12.929715 | BO56: 13.135021 | BP56: 13.337886 | BQ56: 13.523721 | BR56: 13.734116 | BS56: 13.938165 | BT56: 14.164919 | BU56: 14.251535 | BV56: 14.434121 | BW56: 14.434121 | BX56: 14.434121 | BY56: 14.434121 | BZ56: 14.434121 | CA56: 14.434121 | CB56: 14.434121 | CC56: 14.434121 | CD56: 14.434121 | CE56: 14.434121 | CF56: 14.434121 | CG56: 14.434121 | CH56: 14.434121 | CI56: 14.434121 | CJ56: 14.434121 | CK56: 14.434121 | CL56: 14.434121 | CM56: 14.434121 | CN56: 14.434121 | CO56: 14.434121 | CP56: 14.434121 | CQ56: 14.434121 | CR56: 14.434121 | CS56: 14.434121 | CT56: 14.434121 | CU56: 14.434121 | CV56: 14.434121 | CW56: 14.434121 | CX56: 14.434121 | CY56: 14.434121 | DA56: Assumed constant from 2021
A57: Iowa | B57: Total | C57: =SUM(C54:C56) -> 2.9637448 | D57: =SUM(D54:D56) -> 3.2279653 | E57: =SUM(E54:E56) -> 3.5001461 | F57: =SUM(F54:F56) -> 3.780631 | G57: =SUM(G54:G56) -> 4.0766296 | H57: =SUM(H54:H56) -> 4.3997207 | I57: =SUM(I54:I56) -> 4.7299844 | J57: =SUM(J54:J56) -> 5.0341365 | ... CY57: =SUM(CY54:CY56) -> 28.421828
A58: Kansas | B58: Residential | C58: 0.75862513 | D58: 0.81881338 | E58: 0.88000906 | F58: 0.94228693 | G58: 1.0074162 | H58: 1.0781782 | I58: 1.1496089 | J58: 1.2136853 | K58: 1.2805016 | L58: 1.3536138 | M58: 1.4184482 | N58: 1.4975076 | O58: 1.5792353 | P58: 1.6672676 | Q58: 1.7583971 | R58: 1.8510556 | S58: 1.9444493 | T58: 2.0357853 | U58: 2.1319709 | V58: 2.2274001 | W58: 2.3170693 | X58: 2.4085855 | Y58: 2.5047031 | Z58: 2.6071028 | AA58: 2.6985106 | AB58: 2.7733253 | AC58: 2.8527659 | AD58: 2.9395359 | AE58: 3.0334383 | AF58: 3.1259142 | AG58: 3.2054729 | AH58: 3.2790985 | AI58: 3.3431579 | AJ58: 3.4148851 | AK58: 3.4995884 | AL58: 3.5868513 | AM58: 3.6783942 | AN58: 3.7706673 | AO58: 3.8613794 | AP58: 3.9491072 | AQ58: 4.0338386 | AR58: 4.0896977 | AS58: 4.1498045 | AT58: 4.2129547 | AU58: 4.2830937 | AV58: 4.3470539 | AW58: 4.4355129 | AX58: 4.5103071 | AY58: 4.59061 | AZ58: 4.7037783 | BA58: 4.7813549 | BB58: 4.8501814 | BC58: 4.9261313 | BD58: 5.0063592 | BE58: 5.0771007 | BF58: 5.1621023 | BG58: 5.236172 | BH58: 5.2901529 | BI58: 5.3192956 | BJ58: 5.3353288 | BK58: 5.3343375 | BL58: 5.3453821 | BM58: 5.36468 | BN58: 5.3955849 | BO58: 5.4271384 | BP58: 5.4593198 | BQ58: 5.5158035 | BR58: 5.5845467 | BS58: 5.6436626 | BT58: 5.6834219 | BU58: 5.6762206 | BV58: 5.7273031 | BW58: 5.7324137 | BX58: 5.737786 | BY58: 5.7434325 | BZ58: 5.749366 | CA58: 5.7555997 | CB58: 5.7621476 | CC58: 5.7690237 | CD58: 5.7762428 | CE58: 5.7838199 | CF58: 5.7917707 | CG58: 5.8001112 | CH58: 5.8088576 | CI58: 5.8180267 | CJ58: 5.8276356 | CK58: 5.8377016 | CL58: 5.8482422 | CM58: 5.8592753 | CN58: 5.8708185 | CO58: 5.8828898 | CP58: 5.8955069 | CQ58: 5.9086873 | CR58: 5.9224485 | CS58: 5.936807 | CT58: 5.9517793 | CU58: 5.9673806 | CV58: 5.9836255 | CW58: 6.0005272 | CX58: 6.0180975 | CY58: 6.0363467 | DA58: North America medium-moderate
A59: Kansas | B59: Non-residential | C59: 1.343684 | D59: 1.45029 | E59: 1.5586804 | F59: 1.6689875 | G59: 1.7843452 | H59: 1.9096795 | I59: 2.0361982 | J59: 2.1496908 | K59: 2.2680365 | L59: 2.3975334 | M59: 2.5123682 | N59: 2.6523982 | O59: 2.7971536 | P59: 2.9530748 | Q59: 3.1144794 | R59: 3.2785889 | S59: 3.4439953 | T59: 3.6057489 | U59: 3.7760799 | V59: 3.9450539 | W59: 4.103801 | X59: 4.2657868 | Y59: 4.4358782 | Z59: 4.6170387 | AA59: 4.7786558 | AB59: 4.9107899 | AC59: 5.0510023 | AD59: 5.2040569 | AE59: 5.3695775 | AF59: 5.532375 | AG59: 5.6720659 | AH59: 5.8009865 | AI59: 5.9126687 | AJ59: 6.0376036 | AK59: 6.1851589 | AL59: 6.336852 | AM59: 6.4956979 | AN59: 6.6553787 | AO59: 6.8118079 | AP59: 6.962438 | AQ59: 7.1072238 | AR59: 7.2004801 | AS59: 7.3007285 | AT59: 7.4058239 | AU59: 7.5227454 | AV59: 7.6281627 | AW59: 7.7456214 | AX59: 7.867594 | AY59: 8.0078406 | AZ59: 8.1228503 | BA59: 8.2238096 | BB59: 8.3485215 | BC59: 8.4350971 | BD59: 8.4793696 | BE59: 8.5201482 | BF59: 8.5598737 | BG59: 8.5789278 | BH59: 8.5883413 | BI59: 8.624767 | BJ59: 8.6114273 | BK59: 8.575454 | BL59: 8.5683309 | BM59: 8.5632037 | BN59: 8.5776298 | BO59: 8.5891428 | BP59: 8.6086374 | BQ59: 8.6756292 | BR59: 8.7548482 | BS59: 8.7857195 | BT59: 8.8155755 | BU59: 8.7830266 | BV59: 8.8382905 | BW59: 8.8392228 | BX59: 8.8402103 | BY59: 8.8412558 | BZ59: 8.8423623 | CA59: 8.8435329 | CB59: 8.8447706 | CC59: 8.8460787 | CD59: 8.8474605 | CE59: 8.8489192 | CF59: 8.8504583 | CG59: 8.8520811 | CH59: 8.8537911 | CI59: 8.8555914 | CJ59: 8.8574856 | CK59: 8.8594768 | CL59: 8.8615681 | CM59: 8.8637625 | CN59: 8.8660627 | CO59: 8.8684714 | CP59: 8.8709907 | CQ59: 8.8736224 | CR59: 8.8763681 | CS59: 8.8792287 | CT59: 8.8822046 | CU59: 8.8852956 | CV59: 8.8885007 | CW59: 8.8918182 | CX59: 8.8952454 | CY59: 8.8987788 | DA59: North America high-moderate
A60: Kansas | B60: Infrastructure | C60: 1.7209114 | D60: 1.8574459 | E60: 1.9962654 | F60: 2.137539 | G60: 2.2852792 | H60: 2.445793 | I60: 2.6078162 | J60: 2.7531425 | K60: 2.9046605 | L60: 3.0704212 | M60: 3.2173422 | N60: 3.3964343 | O60: 3.5814386 | P60: 3.7805465 | Q60: 3.9864085 | R60: 4.1953789 | S60: 4.4055511 | T60: 4.6104678 | U60: 4.8256606 | V60: 5.0382629 | W60: 5.2367624 | X60: 5.438303 | Y60: 5.6489364 | Z60: 5.872313 | AA60: 6.0690895 | AB60: 6.2264111 | AC60: 6.3922746 | AD60: 6.5726883 | AE60: 6.7670942 | AF60: 6.9559799 | AG60: 7.1131956 | AH60: 7.2544863 | AI60: 7.371565 | AJ60: 7.5034693 | AK60: 7.6621888 | AL60: 7.8240463 | AM60: 7.9928992 | AN60: 8.1606522 | AO60: 8.3220681 | AP60: 8.473882 | AQ60: 8.6160363 | AR60: 8.6920884 | AS60: 8.7752682 | AT60: 8.8628635 | AU60: 8.963857 | AV60: 9.0484241 | AW60: 9.157776 | AX60: 9.2570401 | AY60: 9.3286396 | AZ60: 9.3863667 | BA60: 9.4614125 | BB60: 9.5979794 | BC60: 9.7074313 | BD60: 9.837563 | BE60: 9.990331 | BF60: 10.119482 | BG60: 10.272496 | BH60: 10.377948 | BI60: 10.496296 | BJ60: 10.56262 | BK60: 10.62998 | BL60: 10.733301 | BM60: 10.855314 | BN60: 10.945707 | BO60: 11.052102 | BP60: 11.144993 | BQ60: 11.240488 | BR60: 11.310189 | BS60: 11.374687 | BT60: 11.45263 | BU60: 11.467185 | BV60: 11.570111 | BW60: 11.570111 | BX60: 11.570111 | BY60: 11.570111 | BZ60: 11.570111 | CA60: 11.570111 | CB60: 11.570111 | CC60: 11.570111 | CD60: 11.570111 | CE60: 11.570111 | CF60: 11.570111 | CG60: 11.570111 | CH60: 11.570111 | CI60: 11.570111 | CJ60: 11.570111 | CK60: 11.570111 | CL60: 11.570111 | CM60: 11.570111 | CN60: 11.570111 | CO60: 11.570111 | CP60: 11.570111 | CQ60: 11.570111 | CR60: 11.570111 | CS60: 11.570111 | CT60: 11.570111 | CU60: 11.570111 | CV60: 11.570111 | CW60: 11.570111 | CX60: 11.570111 | CY60: 11.570111 | DA60: Assumed constant from 2021
A61: Kansas | B61: Total | C61: =SUM(C58:C60) -> 3.8232205 | D61: =SUM(D58:D60) -> 4.1265493 | E61: =SUM(E58:E60) -> 4.4349549 | F61: =SUM(F58:F60) -> 4.7488135 | G61: =SUM(G58:G60) -> 5.0770405 | H61: =SUM(H58:H60) -> 5.4336507 | I61: =SUM(I58:I60) -> 5.7936233 | J61: =SUM(J58:J60) -> 6.1165186 | ... CY61: =SUM(CY58:CY60) -> 26.505237
A62: Kentucky | B62: Residential | C62: 0.69210201 | D62: 0.75533377 | E62: 0.82067212 | F62: 0.88820685 | G62: 0.95964462 | H62: 1.0377361 | I62: 1.1178094 | J62: 1.1919922 | K62: 1.2700697 | L62: 1.3556717 | M62: 1.4342324 | N62: 1.5099223 | O62: 1.587899 | P62: 1.6717935 | Q62: 1.7583535 | R62: 1.8459977 | S62: 1.9339317 | T62: 2.0193868 | U62: 2.1092202 | V62: 2.1978698 | W62: 2.2804242 | X62: 2.3505654 | Y62: 2.4241987 | Z62: 2.5028676 | AA62: 2.5700154 | AB62: 2.6206352 | AC62: 2.6750173 | AD62: 2.7356012 | AE62: 2.8020761 | AF62: 2.8664752 | AG62: 2.918393 | AH62: 2.9978022 | AI62: 3.0689688 | AJ62: 3.147669 | AK62: 3.2389011 | AL62: 3.3331307 | AM62: 3.4319905 | AN62: 3.5322019 | AO62: 3.631617 | AP62: 3.7288729 | AQ62: 3.8239237 | AR62: 3.8724112 | AS62: 3.9248803 | AT62: 3.9801806 | AU62: 4.0420273 | AV62: 4.0979875 | AW62: 4.160325 | AX62: 4.2229268 | AY62: 4.2893399 | AZ62: 4.3581755 | BA62: 4.4146521 | BB62: 4.4771819 | BC62: 4.5448904 | BD62: 4.6118176 | BE62: 4.6635344 | BF62: 4.7204754 | BG62: 4.7634059 | BH62: 4.8057296 | BI62: 4.8158478 | BJ62: 4.8114933 | BK62: 4.7956941 | BL62: 4.790623 | BM62: 4.8040009 | BN62: 4.8316993 | BO62: 4.842881 | BP62: 4.8555097 | BQ62: 4.8739163 | BR62: 4.8902001 | BS62: 4.9297958 | BT62: 4.9650025 | BU62: 4.9689039 | BV62: 5.0251592 | BW62: 5.0321205 | BX62: 5.0394457 | BY62: 5.047153 | BZ62: 5.055261 | CA62: 5.0637894 | CB62: 5.0727585 | CC62: 5.0821895 | CD62: 5.0921044 | CE62: 5.1025261 | CF62: 5.1134781 | CG62: 5.124985 | CH62: 5.137072 | CI62: 5.1497652 | CJ62: 5.1630915 | CK62: 5.1770785 | CL62: 5.1917545 | CM62: 5.2071483 | CN62: 5.2232895 | CO62: 5.2402081 | CP62: 5.2579344 | CQ62: 5.2764991 | CR62: 5.2959329 | CS62: 5.3162665 | CT62: 5.3375303 | CU62: 5.3597544 | CV62: 5.382968 | CW62: 5.4071993 | CX62: 5.4324754 | CY62: 5.4588213 | DA62: North America medium-moderate
A63: Kentucky | B63: Non-residential | C63: 0.73514879 | D63: 0.80231339 | E63: 0.8717156 | F63: 0.94345079 | G63: 1.0193318 | H63: 1.1022803 | I63: 1.187334 | J63: 1.2661307 | K63: 1.3490643 | L63: 1.4399904 | M63: 1.5234372 | N63: 1.6038343 | O63: 1.6866601 | P63: 1.775771 | Q63: 1.867712 | R63: 1.9608025 | S63: 2.0541978 | T63: 2.1449552 | U63: 2.240356 | V63: 2.3344893 | W63: 2.4221338 | X63: 2.4965751 | Y63: 2.5747009 | Z63: 2.6581436 | AA63: 2.729308 | AB63: 2.7828663 | AC63: 2.8403591 | AD63: 2.9043655 | AE63: 2.9745419 | AF63: 3.0424116 | AG63: 3.0969068 | AH63: 3.1804281 | AI63: 3.2550251 | AJ63: 3.3374346 | AK63: 3.4329446 | AL63: 3.5314068 | AM63: 3.6345348 | AN63: 3.7388263 | AO63: 3.8419806 | AP63: 3.9425319 | AQ63: 4.0404143 | AR63: 4.0887159 | AS63: 4.140952 | AT63: 4.1958948 | AU63: 4.2574862 | AV63: 4.3125164 | AW63: 4.3580534 | AX63: 4.4219157 | AY63: 4.4874817 | AZ63: 4.5617577 | BA63: 4.6161223 | BB63: 4.6682386 | BC63: 4.6931121 | BD63: 4.7203063 | BE63: 4.7749017 | BF63: 4.8330568 | BG63: 4.8613973 | BH63: 4.8754224 | BI63: 4.8995315 | BJ63: 4.8898428 | BK63: 4.8595687 | BL63: 4.8468311 | BM63: 4.8269446 | BN63: 4.794506 | BO63: 4.7835423 | BP63: 4.7855167 | BQ63: 4.8018682 | BR63: 4.8172753 | BS63: 4.8128233 | BT63: 4.8173796 | BU63: 4.7878065 | BV63: 4.8057995 | BW63: 4.815058 | BX63: 4.8248627 | BY63: 4.8352442 | BZ63: 4.8462345 | CA63: 4.8578671 | CB63: 4.8701768 | CC63: 4.8832004 | CD63: 4.8969758 | CE63: 4.9115427 | CF63: 4.9269422 | CG63: 4.9432171 | CH63: 4.9604115 | CI63: 4.9785709 | CJ63: 4.9977422 | CK63: 5.0179734 | CL63: 5.0393136 | CM63: 5.0618127 | CN63: 5.0855209 | CO63: 5.1104892 | CP63: 5.1367681 | CQ63: 5.1644078 | CR63: 5.1934574 | CS63: 5.2239646 | CT63: 5.2559746 | CU63: 5.2895299 | CV63: 5.3246689 | CW63: 5.361425 | CX63: 5.3998259 | CY63: 5.4398919 | DA63: North America medium-moderate
A64: Kentucky | B64: Infrastructure | C64: 0.78056168 | D64: 0.85187521 | E64: 0.92556443 | F64: 1.0017304 | G64: 1.0822973 | H64: 1.1703665 | I64: 1.2606671 | J64: 1.3443175 | K64: 1.4323483 | L64: 1.5288452 | M64: 1.6173691 | N64: 1.7026078 | O64: 1.7903559 | P64: 1.8846805 | Q64: 1.9818778 | R64: 2.0801215 | S64: 2.1784649 | T64: 2.2737271 | U64: 2.3735766 | V64: 2.4716694 | W64: 2.5623906 | X64: 2.6386361 | Y64: 2.7182193 | Z64: 2.802817 | AA64: 2.8736969 | AB64: 2.9251584 | AC64: 2.9800375 | AD64: 3.0410453 | AE64: 3.1077983 | AF64: 3.1712852 | AG64: 3.2197507 | AH64: 3.2973194 | AI64: 3.3643496 | AJ64: 3.438594 | AK64: 3.5256517 | AL64: 3.614733 | AM64: 3.7076436 | AN64: 3.8006512 | AO64: 3.8912995 | AP64: 3.9780195 | AQ64: 4.0607294 | AR64: 4.091855 | AS64: 4.12634 | AT64: 4.1628991 | AU64: 4.20574 | AV64: 4.2408643 | AW64: 4.2887534 | AX64: 4.3290778 | AY64: 4.3550878 | AZ64: 4.3984662 | BA64: 4.4327121 | BB64: 4.4840934 | BC64: 4.5201071 | BD64: 4.5629184 | BE64: 4.6135194 | BF64: 4.6704376 | BG64: 4.7274722 | BH64: 4.7742856 | BI64: 4.7989611 | BJ64: 4.8169615 | BK64: 4.8285228 | BL64: 4.880916 | BM64: 4.9448369 | BN64: 5.0014203 | BO64: 5.082944 | BP64: 5.1603833 | BQ64: 5.2193214 | BR64: 5.2599841 | BS64: 5.2934447 | BT64: 5.3403649 | BU64: 5.3339572 | BV64: 5.3970817 | BW64: 5.4340936 | BX64: 5.4704986 | BY64: 5.5062951 | BZ64: 5.5414826 | CA64: 5.5760606 | CB64: 5.6100296 | CC64: 5.6433903 | CD64: 5.6761443 | CE64: 5.7082932 | CF64: 5.7398394 | CG64: 5.7707858 | CH64: 5.8011355 | CI64: 5.830892 | CJ64: 5.8600595 | CK64: 5.8886423 | CL64: 5.9166451 | CM64: 5.9440729 | CN64: 5.9709311 | CO64: 5.9972253 | CP64: 6.0229614 | CQ64: 6.0481456 | CR64: 6.0727843 | CS64: 6.096884 | CT64: 6.1204516 | CU64: 6.143494 | CV64: 6.1660184 | CW64: 6.188032 | CX64: 6.2095422 | CY64: 6.2305566 | DA64: North America medium-moderate
A65: Kentucky | B65: Total | C65: =SUM(C62:C64) -> 2.2078125 | D65: =SUM(D62:D64) -> 2.4095224 | E65: =SUM(E62:E64) -> 2.6179522 | F65: =SUM(F62:F64) -> 2.833388 | G65: =SUM(G62:G64) -> 3.0612737 | H65: =SUM(H62:H64) -> 3.3103829 | I65: =SUM(I62:I64) -> 3.5658105 | J65: =SUM(J62:J64) -> 3.8024405 | ... CY65: =SUM(CY62:CY64) -> 17.12927
A66: Louisiana | B66: Residential | C66: 0.50397922 | D66: 0.54022197 | E66: 0.57673949 | F66: 0.61359096 | G66: 0.6519301 | H66: 0.69353342 | I66: 0.73518363 | J66: 0.77179284 | K66: 0.80984157 | L66: 0.85155511 | M66: 0.88776685 | N66: 0.92920848 | O66: 0.97163806 | P66: 1.0172556 | Q66: 1.0640476 | R66: 1.1110507 | S66: 1.1577938 | T66: 1.2026393 | U66: 1.2496863 | V66: 1.2956294 | W66: 1.3376109 | X66: 1.3763488 | Y66: 1.417059 | Z66: 1.4606352 | AA66: 1.4974198 | AB66: 1.5245348 | AC66: 1.553812 | AD66: 1.5866577 | AE66: 1.6228776 | AF66: 1.6578511 | AG66: 1.6855751 | AH66: 1.7320197 | AI66: 1.7737306 | AJ66: 1.8198242 | AK66: 1.8731956 | AL66: 1.9283359 | AM66: 1.9861918 | AN66: 2.0448679 | AO66: 2.1031209 | AP66: 2.160161 | AQ66: 2.2159601 | AR66: 2.2524741 | AS66: 2.291424 | AT66: 2.3321591 | AU66: 2.3768798 | AV66: 2.4182877 | AW66: 2.4711816 | AX66: 2.5257143 | AY66: 2.5808364 | AZ66: 2.6232883 | BA66: 2.6806624 | BB66: 2.7482389 | BC66: 2.8268176 | BD66: 2.9342464 | BE66: 3.0349776 | BF66: 3.1445047 | BG66: 3.2541797 | BH66: 3.3577718 | BI66: 3.4593455 | BJ66: 3.532486 | BK66: 3.5658285 | BL66: 3.5911613 | BM66: 3.63937 | BN66: 3.6997095 | BO66: 3.7503567 | BP66: 3.8022992 | BQ66: 3.871394 | BR66: 3.9605315 | BS66: 4.062842 | BT66: 4.1442825 | BU66: 4.2149183 | BV66: 4.3056826 | BW66: 4.3138243 | BX66: 4.3224006 | BY66: 4.331434 | BZ66: 4.340948 | CA66: 4.3509675 | CB66: 4.3615181 | CC66: 4.3726269 | CD66: 4.3843222 | CE66: 4.3966334 | CF66: 4.4095913 | CG66: 4.4232281 | CH66: 4.437577 | CI66: 4.452673 | CJ66: 4.468552 | CK66: 4.4852517 | CL66: 4.5028108 | CM66: 4.5212695 | CN66: 4.5406693 | CO66: 4.5610529 | CP66: 4.5824642 | CQ66: 4.6049483 | CR66: 4.6285511 | CS66: 4.6533195 | CT66: 4.6793009 | CU66: 4.7065433 | CV66: 4.7350949 | CW66: 4.7650038 | CX66: 4.7963175 | CY66: 4.8290828 | DA66: North America medium-moderate
A67: Louisiana | B67: Non-residential | C67: 0.86911376 | D67: 0.9316145 | E67: 0.99458909 | F67: 1.0581396 | G67: 1.1242555 | H67: 1.1960006 | I67: 1.2678265 | J67: 1.3309592 | K67: 1.3965743 | L67: 1.4685093 | M67: 1.5309564 | N67: 1.6024221 | O67: 1.6755912 | P67: 1.7542573 | Q67: 1.8349474 | R67: 1.9159999 | S67: 1.9966007 | T67: 2.0739246 | U67: 2.1550383 | V67: 2.2342387 | W67: 2.3065939 | X67: 2.3733384 | Y67: 2.4434608 | Z67: 2.5184956 | AA67: 2.5817802 | AB67: 2.6283425 | AC67: 2.6785761 | AD67: 2.7348945 | AE67: 2.7969505 | AF67: 2.8567626 | AG67: 2.9039648 | AH67: 2.9832818 | AI67: 3.0542768 | AJ67: 3.1326509 | AK67: 3.2233769 | AL67: 3.316935 | AM67: 3.4149379 | AN67: 3.5140981 | AO67: 3.6122536 | AP67: 3.7080246 | AQ67: 3.8013467 | AR67: 3.8612163 | AS67: 3.9249858 | AT67: 3.9915249 | AU67: 4.0646213 | AV67: 4.1316826 | AW67: 4.1887526 | AX67: 4.2512269 | AY67: 4.3345642 | AZ67: 4.4066812 | BA67: 4.4577127 | BB67: 4.5148457 | BC67: 4.5551867 | BD67: 4.612988 | BE67: 4.6821739 | BF67: 4.7617193 | BG67: 4.8166007 | BH67: 4.8618731 | BI67: 4.8936074 | BJ67: 4.9023198 | BK67: 4.900715 | BL67: 4.8843247 | BM67: 4.8776667 | BN67: 4.8656924 | BO67: 4.8577788 | BP67: 4.8380473 | BQ67: 4.8204462 | BR67: 4.8195485 | BS67: 4.8233929 | BT67: 4.8278103 | BU67: 4.8177637 | BV67: 4.8447586 | BW67: 4.853926 | BX67: 4.8636337 | BY67: 4.8739118 | BZ67: 4.8847916 | CA67: 4.8963063 | CB67: 4.9084903 | CC67: 4.9213796 | CD67: 4.9350116 | CE67: 4.9494253 | CF67: 4.9646613 | CG67: 4.9807614 | CH67: 4.9977691 | CI67: 5.0157289 | CJ67: 5.034687 | CK67: 5.0546902 | CL67: 5.0757867 | CM67: 5.0980251 | CN67: 5.1214548 | CO67: 5.1461253 | CP67: 5.1720858 | CQ67: 5.1993852 | CR67: 5.2280713 | CS67: 5.2581899 | CT67: 5.2897851 | CU67: 5.3228974 | CV67: 5.3575637 | CW67: 5.3938159 | CX67: 5.4316797 | CY67: 5.4711739 | DA67: North America medium-moderate
A68: Louisiana | B68: Infrastructure | C68: 2.1638474 | D68: 2.3194564 | E68: 2.4762447 | F68: 2.6344658 | G68: 2.799072 | H68: 2.9776884 | I68: 3.1564971 | J68: 3.3136457 | K68: 3.4769467 | L68: 3.6559365 | M68: 3.8112324 | N68: 3.9888718 | O68: 4.1705941 | P68: 4.3657822 | Q68: 4.5657131 | R68: 4.766157 | S68: 4.9649805 | T68: 5.1550289 | U68: 5.3537643 | V68: 5.5468459 | W68: 5.7218487 | X68: 5.8818313 | Y68: 6.0489653 | Z68: 6.2269522 | AA68: 6.3742002 | AB68: 6.4782402 | AC68: 6.5897736 | AD68: 6.7147559 | AE68: 6.8522868 | AF68: 6.982477 | AG68: 7.0795145 | AH68: 7.2525001 | AI68: 7.4024109 | AJ68: 7.568297 | AK68: 7.762502 | AL68: 7.9612902 | AM68: 8.1686441 | AN68: 8.3763463 | AO68: 8.5789819 | AP68: 8.7730848 | AQ68: 8.9584661 | AR68: 9.060986 | AS68: 9.1710896 | AT68: 9.285989 | AU68: 9.415151 | AV68: 9.5272728 | AW68: 9.6305154 | AX68: 9.7333927 | AY68: 9.8273345 | AZ68: 9.9278541 | BA68: 10.0062 | BB68: 10.126853 | BC68: 10.226071 | BD68: 10.314573 | BE68: 10.392871 | BF68: 10.507755 | BG68: 10.723764 | BH68: 10.93069 | BI68: 11.146887 | BJ68: 11.331403 | BK68: 11.642935 | BL68: 11.837132 | BM68: 11.935611 | BN68: 12.026628 | BO68: 12.134471 | BP68: 12.262579 | BQ68: 12.340049 | BR68: 12.438188 | BS68: 12.519006 | BT68: 12.66233 | BU68: 12.684866 | BV68: 12.799061 | BW68: 12.799061 | BX68: 12.799061 | BY68: 12.799061 | BZ68: 12.799061 | CA68: 12.799061 | CB68: 12.799061 | CC68: 12.799061 | CD68: 12.799061 | CE68: 12.799061 | CF68: 12.799061 | CG68: 12.799061 | CH68: 12.799061 | CI68: 12.799061 | CJ68: 12.799061 | CK68: 12.799061 | CL68: 12.799061 | CM68: 12.799061 | CN68: 12.799061 | CO68: 12.799061 | CP68: 12.799061 | CQ68: 12.799061 | CR68: 12.799061 | CS68: 12.799061 | CT68: 12.799061 | CU68: 12.799061 | CV68: 12.799061 | CW68: 12.799061 | CX68: 12.799061 | CY68: 12.799061 | DA68: Assumed constant from 2021
A69: Louisiana | B69: Total | C69: =SUM(C66:C68) -> 3.5369404 | D69: =SUM(D66:D68) -> 3.7912928 | E69: =SUM(E66:E68) -> 4.0475732 | F69: =SUM(F66:F68) -> 4.3061963 | G69: =SUM(G66:G68) -> 4.5752576 | H69: =SUM(H66:H68) -> 4.8672224 | I69: =SUM(I66:I68) -> 5.1595073 | J69: =SUM(J66:J68) -> 5.4163977 | ... CY69: =SUM(CY66:CY68) -> 23.099318
A70: Maine | B70: Residential | C70: 0.42257738 | D70: 0.45985424 | E70: 0.49820447 | F70: 0.53767522 | G70: 0.57928925 | H70: 0.62468645 | I70: 0.67103308 | J70: 0.71361062 | K70: 0.75829414 | L70: 0.8072301 | M70: 0.85173661 | N70: 0.89989951 | O70: 0.94973655 | P70: 1.0034395 | Q70: 1.0590844 | R70: 1.1157299 | S70: 1.1728986 | T70: 1.228905 | U70: 1.2879184 | V70: 1.3465559 | W70: 1.4017886 | X70: 1.4454279 | Y70: 1.4912326 | Z70: 1.540154 | AA70: 1.5820028 | AB70: 1.6136884 | AC70: 1.6476984 | AD70: 1.6855379 | AE70: 1.7270184 | AF70: 1.7672312 | AG70: 1.7997577 | AH70: 1.8331351 | AI70: 1.8609767 | AJ70: 1.8929085 | AK70: 1.9318119 | AL70: 1.9718776 | AM70: 2.0140369 | AN70: 2.0563323 | AO70: 2.0975214 | AP70: 2.1368503 | AQ70: 2.1743374 | AR70: 2.2147307 | AS70: 2.2576366 | AT70: 2.3024263 | AU70: 2.3512856 | AV70: 2.3970023 | AW70: 2.4478541 | AX70: 2.5055738 | AY70: 2.5683404 | AZ70: 2.6313176 | BA70: 2.7110003 | BB70: 2.7842594 | BC70: 2.8694726 | BD70: 2.9644036 | BE70: 3.0765315 | BF70: 3.1870247 | BG70: 3.2955673 | BH70: 3.3837991 | BI70: 3.4193564 | BJ70: 3.4602268 | BK70: 3.4879673 | BL70: 3.5242218 | BM70: 3.5684058 | BN70: 3.6071399 | BO70: 3.643225 | BP70: 3.6955577 | BQ70: 3.7411061 | BR70: 3.7885002 | BS70: 3.8507931 | BT70: 3.8820797 | BU70: 3.8824317 | BV70: 3.9130802 | BW70: 3.92156 | BX70: 3.9304976 | BY70: 3.9399171 | BZ70: 3.9498441 | CA70: 3.9603053 | CB70: 3.9713288 | CC70: 3.982944 | CD70: 3.9951819 | CE70: 4.0080748 | CF70: 4.0216566 | CG70: 4.0359628 | CH70: 4.0510305 | CI70: 4.0668985 | CJ70: 4.0836073 | CK70: 4.101199 | CL70: 4.1197177 | CM70: 4.1392091 | CN70: 4.1597206 | CO70: 4.1813016 | CP70: 4.2040031 | CQ70: 4.2278777 | CR70: 4.2529797 | CS70: 4.279365 | CT70: 4.3070907 | CU70: 4.3362151 | CV70: 4.3667977 | CW70: 4.3988984 | CX70: 4.4325777 | CY70: 4.4678961 | DA70: North America medium-moderate
A71: Maine | B71: Non-residential | C71: 0.31254048 | D71: 0.34011064 | E71: 0.36847467 | F71: 0.39766745 | G71: 0.42844541 | H71: 0.46202142 | I71: 0.49629963 | J71: 0.5277902 | K71: 0.56083834 | L71: 0.5970316 | M71: 0.62994877 | N71: 0.66557012 | O71: 0.7024295 | P71: 0.7421478 | Q71: 0.78330189 | R71: 0.82519515 | S71: 0.86747404 | T71: 0.90889121 | U71: 0.95252934 | V71: 0.99588498 | W71: 1.0367162 | X71: 1.0689653 | Y71: 1.1028053 | Z71: 1.1389367 | AA71: 1.1698198 | AB71: 1.1931645 | AC71: 1.2182019 | AD71: 1.2460397 | AE71: 1.2765329 | AF71: 1.3060447 | AG71: 1.3298213 | AH71: 1.3541662 | AI71: 1.3743511 | AJ71: 1.3974884 | AK71: 1.4257023 | AL71: 1.4546893 | AM71: 1.4851321 | AN71: 1.5155769 | AO71: 1.5450994 | AP71: 1.5731373 | AQ71: 1.5996999 | AR71: 1.6282507 | AS71: 1.6585276 | AT71: 1.6900612 | AU71: 1.7244645 | AV71: 1.7564002 | AW71: 1.7849567 | AX71: 1.8045084 | AY71: 1.8404214 | AZ71: 1.8669966 | BA71: 1.8835932 | BB71: 1.8986212 | BC71: 1.9018902 | BD71: 1.9035543 | BE71: 1.9007439 | BF71: 1.9014089 | BG71: 1.9374546 | BH71: 1.9684244 | BI71: 1.9960937 | BJ71: 1.9952622 | BK71: 1.9917018 | BL71: 1.9930897 | BM71: 1.9948847 | BN71: 1.9927303 | BO71: 1.9859781 | BP71: 1.982289 | BQ71: 1.9711167 | BR71: 1.9599521 | BS71: 1.9437318 | BT71: 1.9297574 | BU71: 1.8953597 | BV71: 1.8730289 | BW71: 1.8814821 | BX71: 1.8904818 | BY71: 1.9000649 | BZ71: 1.9102709 | CA71: 1.9211423 | CB71: 1.9327246 | CC71: 1.9450667 | CD71: 1.9582212 | CE71: 1.9722445 | CF71: 1.9871972 | CG71: 2.0031446 | CH71: 2.0201568 | CI71: 2.0383095 | CJ71: 2.0576839 | CK71: 2.0783675 | CL71: 2.1004547 | CM71: 2.1240469 | CN71: 2.1492536 | CO71: 2.1761926 | CP71: 2.2049908 | CQ71: 2.2357847 | CR71: 2.2687214 | CS71: 2.3039591 | CT71: 2.3416675 | CU71: 2.3820291 | CV71: 2.4252393 | CW71: 2.4715072 | CX71: 2.5210558 | CY71: 2.5741226 | DA71: North America medium-moderate
A72: Maine | B72: Infrastructure | C72: 0.50823724 | D72: 0.55307037 | E72: 0.59919435 | F72: 0.64666574 | G72: 0.69671432 | H72: 0.75131174 | I72: 0.80704867 | J72: 0.85824812 | K72: 0.91197281 | L72: 0.97079931 | M72: 1.0242785 | N72: 1.0821243 | O72: 1.1419387 | P72: 1.2063391 | Q72: 1.2729882 | R72: 1.3407251 | S72: 1.4089417 | T72: 1.4755715 | U72: 1.5455847 | V72: 1.6148639 | W72: 1.6797139 | X72: 1.7303212 | Y72: 1.7831373 | Z72: 1.8392642 | AA72: 1.8864079 | AB72: 1.9208153 | AC72: 1.9574739 | AD72: 1.9981668 | AE72: 2.0426454 | AF72: 2.0849882 | AG72: 2.117462 | AH72: 2.150184 | AI72: 2.1755682 | AJ72: 2.2051827 | AK72: 2.2424856 | AL72: 2.2804836 | AM72: 2.3202909 | AN72: 2.3595485 | AO72: 2.3967577 | AP72: 2.4310088 | AQ72: 2.4623222 | AR72: 2.495645 | AS72: 2.5311376 | AT72: 2.568041 | AU72: 2.6089855 | AV72: 2.6453023 | AW72: 2.6793763 | AX72: 2.6928238 | AY72: 2.7207559 | AZ72: 2.741283 | BA72: 2.7535738 | BB72: 2.7710726 | BC72: 2.7698706 | BD72: 2.7629725 | BE72: 2.7557025 | BF72: 2.743947 | BG72: 2.7712152 | BH72: 2.7934798 | BI72: 2.8227313 | BJ72: 2.8311218 | BK72: 2.8571653 | BL72: 2.8897978 | BM72: 2.919246 | BN72: 2.9491945 | BO72: 2.9761285 | BP72: 3.0151871 | BQ72: 3.0431423 | BR72: 3.0685921 | BS72: 3.0678051 | BT72: 3.0986588 | BU72: 3.0922593 | BV72: 3.1016622 | BW72: 3.1539055 | BX72: 3.206313 | BY72: 3.2588614 | BZ72: 3.3115272 | CA72: 3.3642868 | CB72: 3.4171161 | CC72: 3.4699912 | CD72: 3.522888 | CE72: 3.5757824 | CF72: 3.6286501 | CG72: 3.6814671 | CH72: 3.7342093 | CI72: 3.7868527 | CJ72: 3.8393738 | CK72: 3.8917489 | CL72: 3.9439548 | CM72: 3.9959685 | CN72: 4.0477675 | CO72: 4.0993293 | CP72: 4.1506323 | CQ72: 4.201655 | CR72: 4.2523765 | CS72: 4.3027764 | CT72: 4.3528348 | CU72: 4.4025325 | CV72: 4.4518508 | CW72: 4.5007716 | CX72: 4.5492776 | CY72: 4.5973519 | DA72: North America medium-moderate
A73: Maine | B73: Total | C73: =SUM(C70:C72) -> 1.2433551 | D73: =SUM(D70:D72) -> 1.3530353 | E73: =SUM(E70:E72) -> 1.4658735 | F73: =SUM(F70:F72) -> 1.5820084 | G73: =SUM(G70:G72) -> 1.704449 | H73: =SUM(H70:H72) -> 1.8380196 | I73: =SUM(I70:I72) -> 1.9743814 | J73: =SUM(J70:J72) -> 2.0996489 | ... CY73: =SUM(CY70:CY72) -> 11.639371
A74: Maryland | B74: Residential | C74: 0.94198575 | D74: 0.99900024 | E74: 1.0557738 | F74: 1.112465 | G74: 1.171189 | H74: 1.2350933 | I74: 1.2984026 | J74: 1.3522539 | K74: 1.4081649 | L74: 1.4699556 | M74: 1.5218134 | N74: 1.5700389 | O74: 1.6190751 | P74: 1.6725353 | Q74: 1.7270081 | R74: 1.7809414 | S74: 1.8336367 | T74: 1.8826007 | U74: 1.9343278 | V74: 1.9836876 | W74: 2.0264467 | X74: 2.1016804 | Y74: 2.1806288 | Z74: 2.2647318 | AA74: 2.3389871 | AB74: 2.3986196 | AC74: 2.46204 | AD74: 2.5315558 | AE74: 2.6069624 | AF74: 2.6808866 | AG74: 2.7435067 | AH74: 2.7827938 | AI74: 2.8135971 | AJ74: 2.8505161 | AK74: 2.8978032 | AL74: 2.9466613 | AM74: 2.9984638 | AN74: 3.0502792 | AO74: 3.1002758 | AP74: 3.1473671 | AQ74: 3.1916139 | AR74: 3.2285718 | AS74: 3.2688328 | AT74: 3.3114298 | AU74: 3.359444 | AV74: 3.4025368 | AW74: 3.4566082 | AX74: 3.5087705 | AY74: 3.5739585 | AZ74: 3.6345937 | BA74: 3.7050014 | BB74: 3.7768471 | BC74: 3.8448588 | BD74: 3.9075746 | BE74: 3.9643994 | BF74: 4.0284571 | BG74: 4.0851034 | BH74: 4.1204049 | BI74: 4.1351762 | BJ74: 4.1394755 | BK74: 4.1236652 | BL74: 4.1259639 | BM74: 4.1240398 | BN74: 4.1336253 | BO74: 4.153731 | BP74: 4.1796521 | BQ74: 4.2087859 | BR74: 4.2400879 | BS74: 4.2963217 | BT74: 4.3431907 | BU74: 4.3103208 | BV74: 4.3701855 | BW74: 4.378251 | BX74: 4.3867462 | BY74: 4.3956933 | BZ74: 4.4051156 | CA74: 4.4150372 | CB74: 4.4254836 | CC74: 4.4364814 | CD74: 4.4480583 | CE74: 4.4602433 | CF74: 4.4730666 | CG74: 4.4865597 | CH74: 4.5007552 | CI74: 4.5156874 | CJ74: 4.5313914 | CK74: 4.547904 | CL74: 4.5652631 | CM74: 4.5835079 | CN74: 4.6026789 | CO74: 4.6228176 | CP74: 4.6439668 | CQ74: 4.6661702 | CR74: 4.6894724 | CS74: 4.7139187 | CT74: 4.7395551 | CU74: 4.7664278 | CV74: 4.7945833 | CW74: 4.8240676 | CX74: 4.8549263 | CY74: 4.887204 | DA74: North America medium-moderate
A75: Maryland | B75: Non-residential | C75: 0.94128203 | D75: 0.99825393 | E75: 1.0549851 | F75: 1.1116339 | G75: 1.1703141 | H75: 1.2341706 | I75: 1.2974326 | J75: 1.3512437 | K75: 1.4071128 | L75: 1.4688573 | M75: 1.5206761 | N75: 1.5688651 | O75: 1.617864 | P75: 1.6712827 | Q75: 1.7257123 | R75: 1.779601 | S75: 1.83225 | T75: 1.8811664 | U75: 1.9328382 | V75: 1.9821362 | W75: 2.0248272 | X75: 2.0999515 | Y75: 2.1787662 | Z75: 2.2627034 | AA75: 2.3367646 | AB75: 2.396169 | AC75: 2.4593031 | AD75: 2.5284611 | AE75: 2.6034259 | AF75: 2.676816 | AG75: 2.7388024 | AH75: 2.7773712 | AI75: 2.807334 | AJ75: 2.8432661 | AK75: 2.8894042 | AL75: 2.9369458 | AM75: 2.987252 | AN75: 3.0373838 | AO75: 3.0855015 | AP75: 3.1305117 | AQ75: 3.1724686 | AR75: 3.2069059 | AS75: 3.2444178 | AT75: 3.2840341 | AU75: 3.3288307 | AV75: 3.3684745 | AW75: 3.4086782 | AX75: 3.4566016 | AY75: 3.4995186 | AZ75: 3.5434371 | BA75: 3.587423 | BB75: 3.6315779 | BC75: 3.6615565 | BD75: 3.6927074 | BE75: 3.7526749 | BF75: 3.8142093 | BG75: 3.8755726 | BH75: 3.9245874 | BI75: 3.9431598 | BJ75: 3.9411105 | BK75: 3.9291007 | BL75: 3.9256976 | BM75: 3.9271851 | BN75: 3.9199757 | BO75: 3.9158106 | BP75: 3.9081197 | BQ75: 3.908122 | BR75: 3.9067957 | BS75: 3.8982736 | BT75: 3.900723 | BU75: 3.8287351 | BV75: 3.8503633 | BW75: 3.86102 | BX75: 3.872325 | BY75: 3.884317 | BZ75: 3.8970369 | CA75: 3.9105279 | CB75: 3.9248354 | CC75: 3.9400076 | CD75: 3.9560949 | CE75: 3.9731506 | CF75: 3.9912308 | CG75: 4.0103942 | CH75: 4.0307026 | CI75: 4.0522206 | CJ75: 4.0750158 | CK75: 4.0991588 | CL75: 4.1247233 | CM75: 4.1517855 | CN75: 4.1804248 | CO75: 4.2107229 | CP75: 4.2427641 | CQ75: 4.2766346 | CR75: 4.3124224 | CS75: 4.3502166 | CT75: 4.3901069 | CU75: 4.4321826 | CV75: 4.4765318 | CW75: 4.5232404 | CX75: 4.5723903 | CY75: 4.6240581 | DA75: North America medium-moderate
A76: Maryland | B76: Infrastructure | C76: 0.64569082 | D76: 0.68477174 | E76: 0.72368739 | F76: 0.76254633 | G76: 0.80279804 | H76: 0.8465993 | I76: 0.88999016 | J76: 0.92689353 | K76: 0.96520095 | L76: 1.0075262 | M76: 1.0430237 | N76: 1.0760032 | O76: 1.1094984 | P76: 1.1459708 | Q76: 1.1830639 | R76: 1.2196924 | S76: 1.2553531 | T76: 1.2883095 | U76: 1.3229839 | V76: 1.3558288 | W76: 1.3839106 | X76: 1.4338938 | Y76: 1.4860765 | Z76: 1.5414051 | AA76: 1.5895575 | AB76: 1.6272241 | AC76: 1.6669916 | AD76: 1.7104121 | AE76: 1.7573198 | AF76: 1.8026388 | AG76: 1.839618 | AH76: 1.8602967 | AI76: 1.874622 | AJ76: 1.8925985 | AK76: 1.9171397 | AL76: 1.9422148 | AM76: 1.9687649 | AN76: 1.9947811 | AO76: 2.0190083 | AP76: 2.0407033 | AQ76: 2.0599104 | AR76: 2.0734443 | AS76: 2.0886922 | AT76: 2.1049986 | AU76: 2.1244854 | AV76: 2.1400787 | AW76: 2.1573982 | AX76: 2.1733105 | AY76: 2.1745955 | AZ76: 2.1790254 | BA76: 2.187102 | BB76: 2.2041565 | BC76: 2.2211274 | BD76: 2.2355894 | BE76: 2.2667333 | BF76: 2.288335 | BG76: 2.3207744 | BH76: 2.3552703 | BI76: 2.3928582 | BJ76: 2.401271 | BK76: 2.4122509 | BL76: 2.4277108 | BM76: 2.4563996 | BN76: 2.4956775 | BO76: 2.5446581 | BP76: 2.6071978 | BQ76: 2.669318 | BR76: 2.7211351 | BS76: 2.7608234 | BT76: 2.8178645 | BU76: 2.7990118 | BV76: 2.8405981 | BW76: 2.891706 | BX76: 2.9430906 | BY76: 2.9947305 | BZ76: 3.0466038 | CA76: 3.0986884 | CB76: 3.1509617 | CC76: 3.2034006 | CD76: 3.255982 | CE76: 3.3086822 | CF76: 3.3614776 | CG76: 3.4143441 | CH76: 3.4672578 | CI76: 3.5201945 | CJ76: 3.5731298 | CK76: 3.6260398 | CL76: 3.6789001 | CM76: 3.7316866 | CN76: 3.7843755 | CO76: 3.8369428 | CP76: 3.889365 | CQ76: 3.9416189 | CR76: 3.9936813 | CS76: 4.0455295 | CT76: 4.0971413 | CU76: 4.1484947 | CV76: 4.1995682 | CW76: 4.250341 | CX76: 4.3007924 | CY76: 4.3509027 | DA76: North America medium-moderate
A77: Maryland | B77: Total | C77: =SUM(C74:C76) -> 2.5289586 | D77: =SUM(D74:D76) -> 2.6820259 | E77: =SUM(E74:E76) -> 2.8344462 | F77: =SUM(F74:F76) -> 2.9866453 | G77: =SUM(G74:G76) -> 3.1443012 | H77: =SUM(H74:H76) -> 3.3158633 | I77: =SUM(I74:I76) -> 3.4858253 | J77: =SUM(J74:J76) -> 3.6303912 | ... CY77: =SUM(CY74:CY76) -> 13.862165
A78: Massachusetts | B78: Residential | C78: 0.43328694 | D78: 0.46978407 | E78: 0.50712993 | F78: 0.54536768 | G78: 0.58552609 | H78: 0.62924152 | I78: 0.67363754 | J78: 0.71399106 | K78: 0.75620551 | L78: 0.80240057 | M78: 0.84393993 | N78: 0.88447105 | O78: 0.9260206 | P78: 0.97068902 | Q78: 1.0165613 | R78: 1.0627177 | S78: 1.108705 | T78: 1.1529503 | U78: 1.1993795 | V78: 1.2448215 | W78: 1.2865222 | X78: 1.343176 | Y78: 1.4028406 | Z78: 1.4664938 | AA78: 1.5244213 | AB78: 1.5733652 | AC78: 1.6252934 | AD78: 1.6817852 | AE78: 1.7427793 | AF78: 1.8033879 | AG78: 1.8569432 | AH78: 1.8994977 | AI78: 1.9365077 | AJ78: 1.9779562 | AK78: 2.026917 | AL78: 2.0773564 | AM78: 2.1302705 | AN78: 2.1836033 | AO78: 2.236028 | AP78: 2.2867206 | AQ78: 2.3356745 | AR78: 2.3750375 | AS78: 2.4169886 | AT78: 2.4608436 | AU78: 2.5089269 | AV78: 2.5535359 | AW78: 2.6000759 | AX78: 2.6465824 | AY78: 2.6973538 | AZ78: 2.7438556 | BA78: 2.7857568 | BB78: 2.8308739 | BC78: 2.881387 | BD78: 2.9321762 | BE78: 2.9813803 | BF78: 3.0412796 | BG78: 3.0798439 | BH78: 3.1179547 | BI78: 3.1322154 | BJ78: 3.1451101 | BK78: 3.1478687 | BL78: 3.1450763 | BM78: 3.1498577 | BN78: 3.1612662 | BO78: 3.1761231 | BP78: 3.2051785 | BQ78: 3.2296845 | BR78: 3.2569577 | BS78: 3.2856705 | BT78: 3.3058105 | BU78: 3.2848206 | BV78: 3.3200957 | BW78: 3.321854 | BX78: 3.3237499 | BY78: 3.3257941 | BZ78: 3.327998 | CA78: 3.330374 | CB78: 3.3329355 | CC78: 3.3356967 | CD78: 3.338673 | CE78: 3.3418809 | CF78: 3.3453382 | CG78: 3.349064 | CH78: 3.3530787 | CI78: 3.3574043 | CJ78: 3.3620644 | CK78: 3.3670843 | CL78: 3.372491 | CM78: 3.3783135 | CN78: 3.3845829 | CO78: 3.3913323 | CP78: 3.398597 | CQ78: 3.406415 | CR78: 3.4148265 | CS78: 3.4238744 | CT78: 3.4336042 | CU78: 3.4440642 | CV78: 3.4553058 | CW78: 3.4673831 | CX78: 3.4803532 | CY78: 3.4942761 | DA78: North America low-moderate
A79: Massachusetts | B79: Non-residential | C79: 0.39555368 | D79: 0.42887242 | E79: 0.46296598 | F79: 0.49787376 | G79: 0.53453492 | H79: 0.57444334 | I79: 0.61497309 | J79: 0.65181237 | K79: 0.69035051 | L79: 0.73252257 | M79: 0.77044433 | N79: 0.80744552 | O79: 0.84537626 | P79: 0.8861539 | Q79: 0.92802998 | R79: 0.97016438 | S79: 1.0121429 | T79: 1.0525289 | U79: 1.094905 | V79: 1.136375 | W79: 1.1744228 | X79: 1.2261113 | Y79: 1.2805354 | Z79: 1.3385835 | AA79: 1.3913826 | AB79: 1.4359522 | AC79: 1.4832116 | AD79: 1.5345948 | AE79: 1.590037 | AF79: 1.6450671 | AG79: 1.6935877 | AH79: 1.7319928 | AI79: 1.7652483 | AJ79: 1.8024577 | AK79: 1.8464169 | AL79: 1.8916079 | AM79: 1.9389304 | AN79: 1.9864983 | AO79: 2.0330921 | AP79: 2.0779516 | AQ79: 2.1210636 | AR79: 2.1552648 | AS79: 2.1916595 | AT79: 2.2296183 | AU79: 2.2712593 | AV79: 2.309547 | AW79: 2.3477135 | AX79: 2.4025891 | AY79: 2.487112 | AZ79: 2.5713292 | BA79: 2.6513105 | BB79: 2.7347618 | BC79: 2.7884035 | BD79: 2.8303657 | BE79: 2.8851963 | BF79: 2.9196907 | BG79: 2.9602834 | BH79: 2.9845213 | BI79: 3.0037822 | BJ79: 3.0033928 | BK79: 2.989695 | BL79: 2.9797265 | BM79: 2.9737924 | BN79: 2.9503376 | BO79: 2.9302278 | BP79: 2.9161435 | BQ79: 2.9115394 | BR79: 2.902253 | BS79: 2.8919037 | BT79: 2.8891364 | BU79: 2.850846 | BV79: 2.8597449 | BW79: 2.8707613 | BX79: 2.882258 | BY79: 2.8942548 | BZ79: 2.9067718 | CA79: 2.9198301 | CB79: 2.9334512 | CC79: 2.9476573 | CD79: 2.9624712 | CE79: 2.9779162 | CF79: 2.9940163 | CG79: 3.0107959 | CH79: 3.0282798 | CI79: 3.0464933 | CJ79: 3.065462 | CK79: 3.0852117 | CL79: 3.1057684 | CM79: 3.1271581 | CN79: 3.1494066 | CO79: 3.1725395 | CP79: 3.196582 | CQ79: 3.2215586 | CR79: 3.247493 | CS79: 3.2744074 | CT79: 3.302323 | CU79: 3.3312591 | CV79: 3.3612326 | CW79: 3.3922583 | CX79: 3.4243476 | CY79: 3.4575088 | DA79: North America low-moderate
A80: Massachusetts | B80: Infrastructure | C80: 0.37067969 | D80: 0.40190318 | E80: 0.43385269 | F80: 0.46656504 | G80: 0.50092012 | H80: 0.5383174 | I80: 0.57629525 | J80: 0.61081162 | K80: 0.64691466 | L80: 0.68641427 | M80: 0.72191695 | N80: 0.75653622 | O80: 0.79199647 | P80: 0.83008257 | Q80: 0.86914123 | R80: 0.90836741 | S80: 0.94735235 | T80: 0.98472626 | U80: 1.023821 | V80: 1.061895 | W80: 1.0965616 | X80: 1.143737 | Y80: 1.1931929 | Z80: 1.2457278 | AA80: 1.2929935 | AB80: 1.3321662 | AC80: 1.3734504 | AD80: 1.4181648 | AE80: 1.4662275 | AF80: 1.51343 | AG80: 1.5540435 | AH80: 1.5848308 | AI80: 1.6103265 | AJ80: 1.639059 | AK80: 1.6736466 | AL80: 1.708917 | AM80: 1.7457125 | AN80: 1.7822651 | AO80: 1.817431 | AP80: 1.8504975 | AQ80: 1.8814524 | AR80: 1.903686 | AS80: 1.9275217 | AT80: 1.9523748 | AU80: 1.9802375 | AV80: 2.0045265 | AW80: 2.0304586 | AX80: 2.0665583 | AY80: 2.1129152 | AZ80: 2.1638641 | BA80: 2.2185572 | BB80: 2.2891917 | BC80: 2.3421616 | BD80: 2.3736863 | BE80: 2.4088078 | BF80: 2.4380158 | BG80: 2.4721276 | BH80: 2.4929991 | BI80: 2.5241456 | BJ80: 2.5402328 | BK80: 2.5486311 | BL80: 2.5531819 | BM80: 2.5603709 | BN80: 2.569146 | BO80: 2.5819177 | BP80: 2.5979866 | BQ80: 2.6223678 | BR80: 2.6389504 | BS80: 2.6657241 | BT80: 2.7065172 | BU80: 2.7015962 | BV80: 2.7420141 | BW80: 2.7423168 | BX80: 2.7426565 | BY80: 2.7430376 | BZ80: 2.7434654 | CA80: 2.7439454 | CB80: 2.7444841 | CC80: 2.7450885 | CD80: 2.7457668 | CE80: 2.746528 | CF80: 2.7473821 | CG80: 2.7483406 | CH80: 2.7494161 | CI80: 2.750623 | CJ80: 2.7519772 | CK80: 2.7534968 | CL80: 2.7552019 | CM80: 2.757115 | CN80: 2.7592617 | CO80: 2.7616702 | CP80: 2.7643725 | CQ80: 2.7674044 | CR80: 2.7708059 | CS80: 2.7746219 | CT80: 2.7789027 | CU80: 2.7837048 | CV80: 2.7890913 | CW80: 2.7951328 | CX80: 2.8019087 | CY80: 2.8095073 | DA80: North America low-moderate
A81: Massachusetts | B81: Total | C81: =SUM(C78:C80) -> 1.1995203 | D81: =SUM(D78:D80) -> 1.3005597 | E81: =SUM(E78:E80) -> 1.4039486 | F81: =SUM(F78:F80) -> 1.5098065 | G81: =SUM(G78:G80) -> 1.6209811 | H81: =SUM(H78:H80) -> 1.7420023 | I81: =SUM(I78:I80) -> 1.8649059 | J81: =SUM(J78:J80) -> 1.9766151 | ... CY81: =SUM(CY78:CY80) -> 9.7612922
A82: Michigan | B82: Residential | C82: 0.8497134 | D82: 0.90956548 | E82: 0.96976966 | F82: 1.0304306 | G82: 1.0934879 | H82: 1.1619153 | I82: 1.2303162 | J82: 1.2901912 | K82: 1.3523944 | L82: 1.4206353 | M82: 1.4796227 | N82: 1.5461755 | O82: 1.614214 | P82: 1.6873859 | Q82: 1.7623382 | R82: 1.8374755 | S82: 1.912024 | T82: 1.9832913 | U82: 2.0580462 | V82: 2.1308429 | W82: 2.1969998 | X82: 2.2857109 | Y82: 2.3789221 | Z82: 2.4782405 | AA82: 2.567245 | AB82: 2.6405753 | AC82: 2.7184111 | AD82: 2.8033401 | AE82: 2.8951895 | AF82: 2.9857986 | AG82: 3.0641788 | AH82: 3.1485337 | AI82: 3.22428 | AJ82: 3.3079894 | AK82: 3.4049236 | AL82: 3.5050687 | AM82: 3.6101447 | AN82: 3.7167066 | AO82: 3.8224946 | AP82: 3.926073 | AQ82: 4.0273911 | AR82: 4.0896127 | AS82: 4.1561756 | AT82: 4.2258894 | AU82: 4.3027295 | AV82: 4.3734777 | AW82: 4.4604269 | AX82: 4.5376997 | AY82: 4.6215741 | AZ82: 4.709158 | BA82: 4.7856217 | BB82: 4.8840088 | BC82: 4.9828432 | BD82: 5.085855 | BE82: 5.18687 | BF82: 5.289274 | BG82: 5.3638696 | BH82: 5.4118819 | BI82: 5.4398103 | BJ82: 5.4585406 | BK82: 5.4732449 | BL82: 5.4877457 | BM82: 5.5016421 | BN82: 5.520737 | BO82: 5.5355534 | BP82: 5.5625934 | BQ82: 5.5896434 | BR82: 5.6153011 | BS82: 5.6571812 | BT82: 5.6788943 | BU82: 5.6584182 | BV82: 5.7166749 | BW82: 5.7205712 | BX82: 5.7246027 | BY82: 5.7287739 | BZ82: 5.7330891 | CA82: 5.7375529 | CB82: 5.7421698 | CC82: 5.7469446 | CD82: 5.7518822 | CE82: 5.7569874 | CF82: 5.7622654 | CG82: 5.7677211 | CH82: 5.77336 | CI82: 5.7791872 | CJ82: 5.7852082 | CK82: 5.7914285 | CL82: 5.7978537 | CM82: 5.8044894 | CN82: 5.8113413 | CO82: 5.8184151 | CP82: 5.8257168 | CQ82: 5.8332522 | CR82: 5.8410271 | CS82: 5.8490474 | CT82: 5.8573191 | CU82: 5.8658481 | CV82: 5.8746401 | CW82: 5.8837011 | CX82: 5.8930368 | CY82: 5.9026529 | DA82: North America medium-slow
A83: Michigan | B83: Non-residential | C83: 0.60566799 | D83: 0.64833 | E83: 0.691243 | F83: 0.73448157 | G83: 0.77942826 | H83: 0.82820266 | I83: 0.8769582 | J83: 0.91963655 | K83: 0.96397439 | L83: 1.0126158 | M83: 1.0546613 | N83: 1.1020993 | O83: 1.1505959 | P83: 1.2027511 | Q83: 1.2561745 | R83: 1.3097285 | S83: 1.3628608 | T83: 1.4136511 | U83: 1.4669228 | V83: 1.5187922 | W83: 1.5659198 | X83: 1.6291107 | Y83: 1.6954923 | Z83: 1.7662046 | AA83: 1.8295369 | AB83: 1.8816608 | AC83: 1.9369518 | AD83: 1.9972447 | AE83: 2.062406 | AF83: 2.1266073 | AG83: 2.1820037 | AH83: 2.2415476 | AI83: 2.294836 | AJ83: 2.353666 | AK83: 2.4217734 | AL83: 2.4920052 | AM83: 2.5655731 | AN83: 2.6400069 | AO83: 2.7136824 | AP83: 2.7855632 | AQ83: 2.8556009 | AR83: 2.8976415 | AS83: 2.9425556 | AT83: 2.9894889 | AU83: 3.0412706 | AV83: 3.0884748 | AW83: 3.1369997 | AX83: 3.2003987 | AY83: 3.2755128 | AZ83: 3.3466921 | BA83: 3.4110639 | BB83: 3.4983859 | BC83: 3.5602124 | BD83: 3.6047353 | BE83: 3.6681333 | BF83: 3.7170802 | BG83: 3.7650375 | BH83: 3.8008162 | BI83: 3.8263486 | BJ83: 3.8314355 | BK83: 3.8360472 | BL83: 3.8361129 | BM83: 3.8329437 | BN83: 3.8255412 | BO83: 3.820686 | BP83: 3.8241902 | BQ83: 3.8248177 | BR83: 3.8267112 | BS83: 3.820191 | BT83: 3.8104067 | BU83: 3.7755851 | BV83: 3.7829946 | BW83: 3.7925619 | BX83: 3.8025006 | BY83: 3.8128249 | BZ83: 3.8235493 | CA83: 3.8346888 | CB83: 3.846259 | CC83: 3.858276 | CD83: 3.8707565 | CE83: 3.8837175 | CF83: 3.8971768 | CG83: 3.9111527 | CH83: 3.9256639 | CI83: 3.94073 | CJ83: 3.9563708 | CK83: 3.9726069 | CL83: 3.9894594 | CM83: 4.00695 | CN83: 4.0251008 | CO83: 4.0439347 | CP83: 4.0634749 | CQ83: 4.0837452 | CR83: 4.1047697 | CS83: 4.1265733 | CT83: 4.149181 | CU83: 4.1726182 | CV83: 4.1969106 | CW83: 4.2220841 | CX83: 4.248165 | CY83: 4.2751792 | DA83: North America medium-slow
A84: Michigan | B84: Infrastructure | C84: 0.85922778 | D84: 0.91974994 | E84: 0.980628 | F84: 1.0419675 | G84: 1.1057294 | H84: 1.1749196 | I84: 1.2440795 | J84: 1.3046116 | K84: 1.3674869 | L84: 1.4364494 | M84: 1.4960266 | N84: 1.5632108 | O84: 1.6318354 | P84: 1.7055648 | Q84: 1.7809784 | R84: 1.8564268 | S84: 1.9310856 | T84: 2.0021843 | U84: 2.0765156 | V84: 2.1485159 | W84: 2.2133925 | X84: 2.3005262 | Y84: 2.3916368 | Z84: 2.4882787 | AA84: 2.5737792 | AB84: 2.6426527 | AC84: 2.7152448 | AD84: 2.7941172 | AE84: 2.879046 | AF84: 2.961736 | AG84: 3.0310374 | AH84: 3.1050251 | AI84: 3.1691305 | AJ84: 3.2400721 | AK84: 3.3231337 | AL84: 3.4081533 | AM84: 3.4968358 | AN84: 3.5856632 | AO84: 3.6723175 | AP84: 3.7553154 | AQ84: 3.8345761 | AR84: 3.8745357 | AS84: 3.9177002 | AT84: 3.9628712 | AU84: 4.0140793 | AV84: 4.0579752 | AW84: 4.1078554 | AX84: 4.1682692 | AY84: 4.2255655 | AZ84: 4.2872409 | BA84: 4.3576276 | BB84: 4.4732276 | BC84: 4.5688645 | BD84: 4.643491 | BE84: 4.7310107 | BF84: 4.8023771 | BG84: 4.8563508 | BH84: 4.9131572 | BI84: 4.9626165 | BJ84: 4.9896675 | BK84: 5.0429384 | BL84: 5.0655932 | BM84: 5.0821271 | BN84: 5.0969454 | BO84: 5.1295198 | BP84: 5.1718183 | BQ84: 5.197251 | BR84: 5.2172271 | BS84: 5.2389918 | BT84: 5.2928529 | BU84: 5.2903249 | BV84: 5.3392452 | BW84: 5.3663203 | BX84: 5.3930873 | BY84: 5.4195455 | BZ84: 5.4456942 | CA84: 5.4715328 | CB84: 5.497061 | CC84: 5.5222785 | CD84: 5.5471853 | CE84: 5.5717813 | CF84: 5.5960668 | CG84: 5.6200422 | CH84: 5.6437079 | CI84: 5.6670645 | CJ84: 5.6901127 | CK84: 5.7128533 | CL84: 5.7352874 | CM84: 5.7574161 | CN84: 5.7792404 | CO84: 5.8007617 | CP84: 5.8219813 | CQ84: 5.8429009 | CR84: 5.8635219 | CS84: 5.8838461 | CT84: 5.9038751 | CU84: 5.9236109 | CV84: 5.9430555 | CW84: 5.9622107 | CX84: 5.9810786 | CY84: 5.9996615 | DA84: North America medium-slow
A85: Michigan | B85: Total | C85: =SUM(C82:C84) -> 2.3146092 | D85: =SUM(D82:D84) -> 2.4776454 | E85: =SUM(E82:E84) -> 2.6416407 | F85: =SUM(F82:F84) -> 2.8068797 | G85: =SUM(G82:G84) -> 2.9786456 | H85: =SUM(H82:H84) -> 3.1650376 | I85: =SUM(I82:I84) -> 3.3513539 | J85: =SUM(J82:J84) -> 3.5144394 | ... CY85: =SUM(CY82:CY84) -> 16.177494
A86: Minnesota | B86: Residential | C86: 0.72927401 | D86: 0.78704125 | E86: 0.84576595 | F86: 0.90552005 | G86: 0.96800369 | H86: 1.0358886 | I86: 1.1044047 | J86: 1.1658455 | K86: 1.2299089 | L86: 1.3000097 | M86: 1.3621511 | N86: 1.4262197 | O86: 1.491837 | P86: 1.5623822 | Q86: 1.6347655 | R86: 1.7075071 | S86: 1.7798817 | T86: 1.8493698 | U86: 1.9222733 | V86: 1.9935081 | W86: 2.0586737 | X86: 2.1359261 | Y86: 2.2170021 | Z86: 2.3033693 | AA86: 2.3797689 | AB86: 2.4413285 | AC86: 2.5067765 | AD86: 2.5784665 | AE86: 2.6561962 | AF86: 2.7324557 | AG86: 2.7972287 | AH86: 2.8543182 | AI86: 2.9028857 | AJ86: 2.9579246 | AK86: 3.0239773 | AL86: 3.0919884 | AM86: 3.163427 | AN86: 3.2352271 | AO86: 3.3054284 | AP86: 3.37283 | AQ86: 3.4374439 | AR86: 3.4715074 | AS86: 3.5091264 | AT86: 3.5492472 | AU86: 3.5951557 | AV86: 3.6357786 | AW86: 3.6794314 | AX86: 3.7150879 | AY86: 3.7606896 | AZ86: 3.8244479 | BA86: 3.893297 | BB86: 3.9672739 | BC86: 4.0487594 | BD86: 4.1438393 | BE86: 4.2586844 | BF86: 4.3673226 | BG86: 4.4434716 | BH86: 4.4945866 | BI86: 4.5063819 | BJ86: 4.5130468 | BK86: 4.5059737 | BL86: 4.5074546 | BM86: 4.5305919 | BN86: 4.5657529 | BO86: 4.5820985 | BP86: 4.6129364 | BQ86: 4.6497164 | BR86: 4.6860635 | BS86: 4.7417115 | BT86: 4.7812979 | BU86: 4.790721 | BV86: 4.8717239 | BW86: 4.8789977 | BX86: 4.8866536 | BY86: 4.8947106 | BZ86: 4.9031886 | CA86: 4.9121084 | CB86: 4.9214918 | CC86: 4.9313612 | CD86: 4.9417401 | CE86: 4.9526528 | CF86: 4.9641247 | CG86: 4.976182 | CH86: 4.9888519 | CI86: 5.0021623 | CJ86: 5.0161421 | CK86: 5.0308213 | CL86: 5.0462304 | CM86: 5.0624007 | CN86: 5.0793644 | CO86: 5.0971543 | CP86: 5.1158034 | CQ86: 5.1353456 | CR86: 5.1558147 | CS86: 5.1772448 | CT86: 5.1996698 | CU86: 5.2231233 | CV86: 5.2476383 | CW86: 5.2732471 | CX86: 5.2999805 | CY86: 5.3278679 | DA86: North America medium-moderate
A87: Minnesota | B87: Non-residential | C87: 0.88507644 | D87: 0.9551851 | E87: 1.0264558 | F87: 1.0989758 | G87: 1.1748084 | H87: 1.2571963 | I87: 1.3403502 | J87: 1.4149172 | K87: 1.4926672 | L87: 1.5777442 | M87: 1.6531613 | N87: 1.7309171 | O87: 1.8105519 | P87: 1.8961667 | Q87: 1.9840111 | R87: 2.0722881 | S87: 2.1601165 | T87: 2.2444368 | U87: 2.3328948 | V87: 2.4193172 | W87: 2.4983594 | X87: 2.5920503 | Y87: 2.690355 | Z87: 2.7950466 | AA87: 2.8875967 | AB87: 2.9620806 | AC87: 3.0412153 | AD87: 3.1278426 | AE87: 3.2217009 | AF87: 3.3136589 | AG87: 3.3915424 | AH87: 3.4599506 | AI87: 3.5178452 | AJ87: 3.5834036 | AK87: 3.6621197 | AL87: 3.7429857 | AM87: 3.8277669 | AN87: 3.9127261 | AO87: 3.9954693 | AP87: 4.074525 | AQ87: 4.149896 | AR87: 4.1880173 | AS87: 4.2301688 | AT87: 4.2750674 | AU87: 4.3266983 | AV87: 4.3716206 | AW87: 4.4102687 | AX87: 4.4616469 | AY87: 4.5357571 | AZ87: 4.6042204 | BA87: 4.659799 | BB87: 4.7229051 | BC87: 4.7689298 | BD87: 4.8001324 | BE87: 4.8307915 | BF87: 4.8495307 | BG87: 4.872055 | BH87: 4.8991904 | BI87: 4.9058837 | BJ87: 4.8883948 | BK87: 4.8574183 | BL87: 4.8362183 | BM87: 4.8269705 | BN87: 4.790104 | BO87: 4.7693545 | BP87: 4.7632785 | BQ87: 4.7398216 | BR87: 4.7089536 | BS87: 4.6626422 | BT87: 4.6276568 | BU87: 4.5641563 | BV87: 4.5541924 | BW87: 4.5639743 | BX87: 4.5743382 | BY87: 4.585317 | BZ87: 4.5969456 | CA87: 4.6092603 | CB87: 4.6222995 | CC87: 4.636103 | CD87: 4.6507128 | CE87: 4.6661725 | CF87: 4.6825277 | CG87: 4.6998256 | CH87: 4.7181154 | CI87: 4.7374481 | CJ87: 4.7578764 | CK87: 4.7794544 | CL87: 4.8022379 | CM87: 4.8262839 | CN87: 4.8516505 | CO87: 4.8783964 | CP87: 4.9065809 | CQ87: 4.9362634 | CR87: 4.9675026 | CS87: 5.0003563 | CT87: 5.0348805 | CU87: 5.0711285 | CV87: 5.1091503 | CW87: 5.1489912 | CX87: 5.1906905 | CY87: 5.2342806 | DA87: North America medium-moderate
A88: Minnesota | B88: Infrastructure | C88: 1.2654792 | D88: 1.3657202 | E88: 1.4676224 | F88: 1.5713103 | G88: 1.6797333 | H88: 1.797526 | I88: 1.9164086 | J88: 2.0230034 | K88: 2.1341316 | L88: 2.2557074 | M88: 2.3634264 | N88: 2.4744212 | O88: 2.5880046 | P88: 2.7100016 | Q88: 2.8350016 | R88: 2.9603785 | S88: 3.0848052 | T88: 3.2038322 | U88: 3.328309 | V88: 3.4493208 | W88: 3.5591343 | X88: 3.6891011 | Y88: 3.8248072 | Z88: 3.968694 | AA88: 4.0941825 | AB88: 4.1927233 | AC88: 4.2967285 | AD88: 4.4102049 | AE88: 4.5327337 | AF88: 4.6512256 | AG88: 4.7482505 | AH88: 4.8304501 | AI88: 4.8962745 | AJ88: 4.9717138 | AK88: 5.0646263 | AL88: 5.1592776 | AM88: 5.2581974 | AN88: 5.3560476 | AO88: 5.4494108 | AP88: 5.5361894 | AQ88: 5.6163947 | AR88: 5.6439614 | AS88: 5.6762926 | AT88: 5.7115834 | AU88: 5.7555662 | AV88: 5.789064 | AW88: 5.8244877 | AX88: 5.8659482 | AY88: 5.9074457 | AZ88: 5.9496238 | BA88: 5.9951516 | BB88: 6.0600583 | BC88: 6.1311932 | BD88: 6.1915015 | BE88: 6.2446537 | BF88: 6.2962489 | BG88: 6.3466294 | BH88: 6.368142 | BI88: 6.384192 | BJ88: 6.3785787 | BK88: 6.3870965 | BL88: 6.4046972 | BM88: 6.4444419 | BN88: 6.4648432 | BO88: 6.4947703 | BP88: 6.5422009 | BQ88: 6.5613196 | BR88: 6.5763278 | BS88: 6.5802159 | BT88: 6.6159128 | BU88: 6.6176596 | BV88: 6.681018 | BW88: 6.6900858 | BX88: 6.6989087 | BY88: 6.7074927 | BZ88: 6.7158436 | CA88: 6.7239671 | CB88: 6.7318689 | CC88: 6.7395543 | CD88: 6.7470289 | CE88: 6.7542978 | CF88: 6.7613663 | CG88: 6.7682395 | CH88: 6.7749222 | CI88: 6.7814195 | CJ88: 6.787736 | CK88: 6.7938765 | CL88: 6.7998455 | CM88: 6.8056474 | CN88: 6.8112866 | CO88: 6.8167674 | CP88: 6.822094 | CQ88: 6.8272705 | CR88: 6.8323008 | CS88: 6.8371888 | CT88: 6.8419383 | CU88: 6.8465531 | CV88: 6.8510368 | CW88: 6.8553928 | CX88: 6.8596247 | CY88: 6.8637359 | DA88: North America medium-moderate
A89: Minnesota | B89: Total | C89: =SUM(C86:C88) -> 2.8798297 | D89: =SUM(D86:D88) -> 3.1079466 | E89: =SUM(E86:E88) -> 3.3398442 | F89: =SUM(F86:F88) -> 3.5758061 | G89: =SUM(G86:G88) -> 3.8225454 | H89: =SUM(H86:H88) -> 4.0906109 | I89: =SUM(I86:I88) -> 4.3611635 | J89: =SUM(J86:J88) -> 4.6037661 | ... CY89: =SUM(CY86:CY88) -> 17.425884
A90: Mississippi | B90: Residential | C90: 0.40504471 | D90: 0.44346739 | E90: 0.4833682 | F90: 0.52481206 | G90: 0.56882298 | H90: 0.61705854 | I90: 0.66676952 | J90: 0.71325649 | K90: 0.76235983 | L90: 0.81628717 | M90: 0.86628314 | N90: 0.91578986 | O90: 0.96705511 | P90: 1.0223144 | Q90: 1.079613 | R90: 1.1379937 | S90: 1.1969707 | T90: 1.2548234 | U90: 1.3158093 | V90: 1.3764748 | W90: 1.4337213 | X90: 1.4778693 | Y90: 1.5242145 | Z90: 1.5737276 | AA90: 1.6159981 | AB90: 1.6478771 | AC90: 1.6821225 | AD90: 1.7202686 | AE90: 1.7621203 | AF90: 1.8026677 | AG90: 1.8353666 | AH90: 1.8826425 | AI90: 1.9246194 | AJ90: 1.9711998 | AK90: 2.0254902 | AL90: 2.0815045 | AM90: 2.1402537 | AN90: 2.1996853 | AO90: 2.2584608 | AP90: 2.3157369 | AQ90: 2.3714916 | AR90: 2.3994807 | AS90: 2.4299262 | AT90: 2.4621106 | AU90: 2.4983264 | AV90: 2.5308858 | AW90: 2.5697743 | AX90: 2.6053324 | AY90: 2.6458882 | AZ90: 2.6933272 | BA90: 2.7367988 | BB90: 2.7999495 | BC90: 2.8492883 | BD90: 2.9217105 | BE90: 2.9963099 | BF90: 3.0884054 | BG90: 3.1857505 | BH90: 3.2826962 | BI90: 3.3207128 | BJ90: 3.347139 | BK90: 3.3593526 | BL90: 3.3779113 | BM90: 3.4033576 | BN90: 3.4295786 | BO90: 3.4574703 | BP90: 3.4975834 | BQ90: 3.5410867 | BR90: 3.5875631 | BS90: 3.6488672 | BT90: 3.6918254 | BU90: 3.7651022 | BV90: 3.8246528 | BW90: 3.833179 | BX90: 3.8421665 | BY90: 3.8516399 | BZ90: 3.8616252 | CA90: 3.8721493 | CB90: 3.8832409 | CC90: 3.8949298 | CD90: 3.9072475 | CE90: 3.9202269 | CF90: 3.9339024 | CG90: 3.9483103 | CH90: 3.9634883 | CI90: 3.9794762 | CJ90: 3.9963151 | CK90: 4.0140484 | CL90: 4.032721 | CM90: 4.0523799 | CN90: 4.0730737 | CO90: 4.0948533 | CP90: 4.1177711 | CQ90: 4.1418814 | CR90: 4.1672404 | CS90: 4.1939059 | CT90: 4.2219371 | CU90: 4.2513948 | CV90: 4.2823408 | CW90: 4.314838 | CX90: 4.3489498 | CY90: 4.3847399 | DA90: North America medium-moderate
A91: Mississippi | B91: Non-residential | C91: 0.94065817 | D91: 1.0298893 | E91: 1.1225532 | F91: 1.2188006 | G91: 1.3210097 | H91: 1.4330298 | I91: 1.5484764 | J91: 1.6564357 | K91: 1.7704711 | L91: 1.8957095 | M91: 2.0118177 | N91: 2.1267893 | O91: 2.2458444 | P91: 2.3741741 | Q91: 2.5072381 | R91: 2.6428122 | S91: 2.7797669 | T91: 2.9141041 | U91: 3.0557076 | V91: 3.1965531 | W91: 3.3294383 | X91: 3.4318796 | Y91: 3.5393898 | Z91: 3.654213 | AA91: 3.7521607 | AB91: 3.8259062 | AC91: 3.9050627 | AD91: 3.9931762 | AE91: 4.0897753 | AF91: 4.1832053 | AG91: 4.2582477 | AH91: 4.3669095 | AI91: 4.4630369 | AJ91: 4.569599 | AK91: 4.6937828 | AL91: 4.8216589 | AM91: 4.9555488 | AN91: 5.0906596 | AO91: 5.2238587 | AP91: 5.3531644 | AQ91: 5.4785044 | AR91: 5.5391925 | AS91: 5.6051933 | AT91: 5.6748332 | AU91: 5.7534311 | AV91: 5.823129 | AW91: 5.893091 | AX91: 5.9757232 | AY91: 6.0602421 | AZ91: 6.1418871 | BA91: 6.1921071 | BB91: 6.2680267 | BC91: 6.3298839 | BD91: 6.3862514 | BE91: 6.4396227 | BF91: 6.5115212 | BG91: 6.5819438 | BH91: 6.6618268 | BI91: 6.7330883 | BJ91: 6.7438719 | BK91: 6.7437477 | BL91: 6.7502882 | BM91: 6.7540242 | BN91: 6.7455566 | BO91: 6.763273 | BP91: 6.7702356 | BQ91: 6.7621221 | BR91: 6.7340499 | BS91: 6.7176252 | BT91: 6.7082796 | BU91: 6.7295057 | BV91: 6.7492055 | BW91: 6.7506891 | BX91: 6.7522548 | BY91: 6.7539064 | BZ91: 6.7556481 | CA91: 6.7574839 | CB91: 6.7594181 | CC91: 6.7614551 | CD91: 6.7635992 | CE91: 6.7658549 | CF91: 6.7682266 | CG91: 6.7707189 | CH91: 6.7733362 | CI91: 6.7760829 | CJ91: 6.7789634 | CK91: 6.7819819 | CL91: 6.7851425 | CM91: 6.788449 | CN91: 6.7919051 | CO91: 6.7955138 | CP91: 6.7992782 | CQ91: 6.8032006 | CR91: 6.8072829 | CS91: 6.8115264 | CT91: 6.8159315 | CU91: 6.820498 | CV91: 6.8252248 | CW91: 6.8301097 | CX91: 6.8351495 | CY91: 6.8403397 | DA91: North America medium-moderate
A92: Mississippi | B92: Infrastructure | C92: 0.8123581 | D92: 0.8894186 | E92: 0.96944346 | F92: 1.0525627 | G92: 1.1408294 | H92: 1.2375671 | I92: 1.33726 | J92: 1.4304794 | K92: 1.5289332 | L92: 1.6370404 | M92: 1.7372284 | N92: 1.8363831 | O92: 1.9389882 | P92: 2.0494958 | Q92: 2.1639451 | R92: 2.2803675 | S92: 2.3977306 | T92: 2.5125163 | U92: 2.6331871 | V92: 2.7527333 | W92: 2.8648499 | X92: 2.9501943 | Y92: 3.0392736 | Z92: 3.133963 | AA92: 3.2133167 | AB92: 3.2709588 | AC92: 3.3324235 | AD92: 3.4007429 | AE92: 3.4754887 | AF92: 3.5465837 | AG92: 3.6008806 | AH92: 3.6824201 | AI92: 3.7519838 | AJ92: 3.8293929 | AK92: 3.9208416 | AL92: 4.0142892 | AM92: 4.1117301 | AN92: 4.209015 | AO92: 4.3034287 | AP92: 4.3932506 | AQ92: 4.4784102 | AR92: 4.5088259 | AS92: 4.5429621 | AT92: 4.579395 | AU92: 4.6227434 | AV92: 4.6576166 | AW92: 4.7033786 | AX92: 4.7461254 | AY92: 4.7725778 | AZ92: 4.8116597 | BA92: 4.8459271 | BB92: 4.9055149 | BC92: 4.9723337 | BD92: 5.0395619 | BE92: 5.099683 | BF92: 5.1493794 | BG92: 5.2261941 | BH92: 5.2908206 | BI92: 5.3740909 | BJ92: 5.4356974 | BK92: 5.4894556 | BL92: 5.5577448 | BM92: 5.6244421 | BN92: 5.6999244 | BO92: 5.7761475 | BP92: 5.8357767 | BQ92: 5.9060696 | BR92: 5.9651207 | BS92: 6.024683 | BT92: 6.1035471 | BU92: 6.2169244 | BV92: 6.3028107 | BW92: 6.321538 | BX92: 6.3398177 | BY92: 6.3576577 | BZ92: 6.3750656 | CA92: 6.3920495 | CB92: 6.408617 | CC92: 6.4247761 | CD92: 6.4405346 | CE92: 6.4559002 | CF92: 6.4708807 | CG92: 6.4854838 | CH92: 6.4997171 | CI92: 6.5135883 | CJ92: 6.5271049 | CK92: 6.5402743 | CL92: 6.5531041 | CM92: 6.5656014 | CN92: 6.5777736 | CO92: 6.5896277 | CP92: 6.601171 | CQ92: 6.6124104 | CR92: 6.6233527 | CS92: 6.6340047 | CT92: 6.6443733 | CU92: 6.6544649 | CV92: 6.6642861 | CW92: 6.6738432 | CX92: 6.6831426 | CY92: 6.6921904 | DA92: North America medium-moderate
A93: Mississippi | B93: Total | C93: =SUM(C90:C92) -> 2.158061 | D93: =SUM(D90:D92) -> 2.3627753 | E93: =SUM(E90:E92) -> 2.5753649 | F93: =SUM(F90:F92) -> 2.7961753 | G93: =SUM(G90:G92) -> 3.0306621 | H93: =SUM(H90:H92) -> 3.2876555 | I93: =SUM(I90:I92) -> 3.552506 | J93: =SUM(J90:J92) -> 3.8001716 | ... CY93: =SUM(CY90:CY92) -> 17.91727
A94: Missouri | B94: Residential | C94: 0.55720209 | D94: 0.60445549 | E94: 0.65284475 | F94: 0.70242596 | G94: 0.75452539 | H94: 0.81125521 | I94: 0.86891064 | J94: 0.92139657 | K94: 0.97632637 | L94: 1.0364402 | M94: 1.0905836 | N94: 1.1455025 | O94: 1.2019331 | P94: 1.2626114 | Q94: 1.3250624 | R94: 1.3880894 | S94: 1.4510969 | T94: 1.512016 | U94: 1.5759873 | V94: 1.6388483 | W94: 1.6969547 | X94: 1.7641126 | Y94: 1.8346498 | Z94: 1.909798 | AA94: 1.9769032 | AB94: 2.03186 | AC94: 2.0902127 | AD94: 2.1539429 | AE94: 2.2229072 | AF94: 2.2908343 | AG94: 2.3493022 | AH94: 2.4050408 | AI94: 2.4538231 | AJ94: 2.5082917 | AK94: 2.5723599 | AL94: 2.6383854 | AM94: 2.7076377 | AN94: 2.7775076 | AO94: 2.8463066 | AP94: 2.9129812 | AQ94: 2.9775173 | AR94: 3.0162548 | AS94: 3.058101 | AT94: 3.1021619 | AU94: 3.1513359 | AV94: 3.1959313 | AW94: 3.2544028 | AX94: 3.3079577 | AY94: 3.3640667 | AZ94: 3.4240564 | BA94: 3.4816927 | BB94: 3.5367224 | BC94: 3.6074395 | BD94: 3.6928994 | BE94: 3.7826424 | BF94: 3.8762895 | BG94: 3.9535994 | BH94: 4.0075937 | BI94: 4.0326757 | BJ94: 4.0452015 | BK94: 4.0508642 | BL94: 4.0708056 | BM94: 4.1129676 | BN94: 4.1476445 | BO94: 4.1850702 | BP94: 4.2258061 | BQ94: 4.2865912 | BR94: 4.3415116 | BS94: 4.3927089 | BT94: 4.4332184 | BU94: 4.4729228 | BV94: 4.5226223 | BW94: 4.5304844 | BX94: 4.5387637 | BY94: 4.5474813 | BZ94: 4.5566596 | CA94: 4.5663219 | CB94: 4.5764926 | CC94: 4.587197 | CD94: 4.5984617 | CE94: 4.6103144 | CF94: 4.6227838 | CG94: 4.6359 | CH94: 4.6496939 | CI94: 4.664198 | CJ94: 4.6794457 | CK94: 4.6954716 | CL94: 4.7123115 | CM94: 4.7300023 | CN94: 4.748582 | CO94: 4.7680894 | CP94: 4.7885644 | CQ94: 4.8100477 | CR94: 4.8325806 | CS94: 4.856205 | CT94: 4.880963 | CU94: 4.9068971 | CV94: 4.9340493 | CW94: 4.9624614 | CX94: 4.9921744 | CY94: 5.0232278 | DA94: North America medium-moderate
A95: Missouri | B95: Non-residential | C95: 0.97176817 | D95: 1.0541788 | E95: 1.1385703 | F95: 1.2250406 | G95: 1.3159027 | H95: 1.4148403 | I95: 1.5153922 | J95: 1.6069284 | K95: 1.7027266 | L95: 1.8075659 | M95: 1.9019925 | N95: 1.9977712 | O95: 2.0961859 | P95: 2.2020078 | Q95: 2.3109196 | R95: 2.4208337 | S95: 2.5307098 | T95: 2.6369379 | U95: 2.7484802 | V95: 2.8580739 | W95: 2.9593581 | X95: 3.0764042 | Y95: 3.1993116 | Z95: 3.330219 | AA95: 3.4470457 | AB95: 3.5426181 | AC95: 3.6440299 | AD95: 3.7547192 | AE95: 3.8744164 | AF95: 3.9921628 | AG95: 4.093248 | AH95: 4.1893809 | AI95: 4.2731675 | AJ95: 4.3666315 | AK95: 4.4765727 | AL95: 4.5896381 | AM95: 4.708018 | AN95: 4.8271393 | AO95: 4.9440357 | AP95: 5.0568505 | AQ95: 5.1655406 | AR95: 5.2289958 | AS95: 5.297493 | AT95: 5.3694656 | AU95: 5.4499623 | AV95: 5.5220758 | AW95: 5.5854095 | AX95: 5.6560662 | AY95: 5.7402244 | AZ95: 5.8307993 | BA95: 5.90585 | BB95: 5.9871602 | BC95: 6.0359552 | BD95: 6.0667235 | BE95: 6.1033766 | BF95: 6.1379074 | BG95: 6.1624444 | BH95: 6.1792527 | BI95: 6.1764467 | BJ95: 6.152237 | BK95: 6.1071191 | BL95: 6.09412 | BM95: 6.0781908 | BN95: 6.0635272 | BO95: 6.0510714 | BP95: 6.041545 | BQ95: 6.0424452 | BR95: 6.0335675 | BS95: 6.0215095 | BT95: 6.0111735 | BU95: 6.01399 | BV95: 6.0324698 | BW95: 6.0375888 | BX95: 6.0429979 | BY95: 6.0487118 | BZ95: 6.0547458 | CA95: 6.0611157 | CB95: 6.0678378 | CC95: 6.0749289 | CD95: 6.0824062 | CE95: 6.0902874 | CF95: 6.0985905 | CG95: 6.1073337 | CH95: 6.1165355 | CI95: 6.1262147 | CJ95: 6.1363897 | CK95: 6.1470793 | CL95: 6.1583018 | CM95: 6.170075 | CN95: 6.1824164 | CO95: 6.1953427 | CP95: 6.2088694 | CQ95: 6.2230108 | CR95: 6.2377799 | CS95: 6.2531875 | CT95: 6.2692424 | CU95: 6.2859509 | CV95: 6.303316 | CW95: 6.3213376 | CX95: 6.3400117 | CY95: 6.3593298 | DA95: North America medium-moderate
A96: Missouri | B96: Infrastructure | C96: 1.5446564 | D96: 1.6756504 | E96: 1.809793 | F96: 1.9472392 | G96: 2.0916645 | H96: 2.2489225 | I96: 2.4087394 | J96: 2.5542127 | K96: 2.7064382 | L96: 2.8729976 | M96: 3.0229475 | N96: 3.1749587 | O96: 3.3310322 | P96: 3.498701 | Q96: 3.6710393 | R96: 3.8446518 | S96: 4.017796 | T96: 4.1846317 | U96: 4.3592931 | V96: 4.5301145 | W96: 4.6868597 | X96: 4.8676069 | Y96: 5.0565169 | Z96: 5.2568588 | AA96: 5.4334125 | AB96: 5.5746631 | AC96: 5.7235784 | AD96: 5.8855399 | AE96: 6.0600506 | AF96: 6.2296378 | AG96: 6.3708794 | AH96: 6.5022327 | AI96: 6.6120163 | AJ96: 6.7352218 | AK96: 6.8826465 | AL96: 7.033057 | AM96: 7.1899269 | AN96: 7.3459805 | AO96: 7.496496 | AP96: 7.6385166 | AQ96: 7.7719706 | AR96: 7.8340948 | AS96: 7.9026444 | AT96: 7.9751633 | AU96: 8.059719 | AV96: 8.1294883 | AW96: 8.1910933 | AX96: 8.2495046 | AY96: 8.2911042 | AZ96: 8.3552212 | BA96: 8.4218621 | BB96: 8.5217555 | BC96: 8.5985933 | BD96: 8.676553 | BE96: 8.7499666 | BF96: 8.8456795 | BG96: 8.9257785 | BH96: 8.9854435 | BI96: 9.035331 | BJ96: 9.0529353 | BK96: 9.0415235 | BL96: 9.0549443 | BM96: 9.0508942 | BN96: 9.0444484 | BO96: 9.0397676 | BP96: 9.0392347 | BQ96: 9.0288771 | BR96: 9.0178892 | BS96: 9.0136073 | BT96: 9.0107739 | BU96: 9.0181753 | BV96: 9.0094524 | BW96: 8.9331767 | BX96: 8.8603833 | BY96: 8.7908703 | BZ96: 8.7244503 | CA96: 8.6609498 | CB96: 8.6002075 | CC96: 8.5420735 | CD96: 8.4864083 | CE96: 8.4330817 | CF96: 8.3819722 | CG96: 8.3329664 | CH96: 8.285958 | CI96: 8.2408476 | CJ96: 8.197542 | CK96: 8.1559536 | CL96: 8.1160001 | CM96: 8.0776044 | CN96: 8.0406936 | CO96: 8.0051991 | CP96: 7.9710564 | CQ96: 7.9382045 | CR96: 7.9065857 | CS96: 7.8761456 | CT96: 7.8468327 | CU96: 7.8185982 | CV96: 7.7913961 | CW96: 7.7651824 | CX96: 7.7399158 | CY96: 7.7155567 | DA96: North America medium-moderate
A97: Missouri | B97: Total | C97: =SUM(C94:C96) -> 3.0736266 | D97: =SUM(D94:D96) -> 3.3342847 | E97: =SUM(E94:E96) -> 3.6012081 | F97: =SUM(F94:F96) -> 3.8747058 | G97: =SUM(G94:G96) -> 4.1620926 | H97: =SUM(H94:H96) -> 4.475018 | I97: =SUM(I94:I96) -> 4.7930422 | J97: =SUM(J94:J96) -> 5.0825376 | ... CY97: =SUM(CY94:CY96) -> 19.098114
A98: Montana | B98: Residential | C98: 0.63709284 | D98: 0.68775801 | E98: 0.73928351 | F98: 0.79173198 | G98: 0.84659011 | H98: 0.9061961 | I98: 0.96637875 | J98: 1.0203925 | K98: 1.076722 | L98: 1.1383582 | M98: 1.1930449 | N98: 1.2598034 | O98: 1.3288331 | P98: 1.4031958 | Q98: 1.4801942 | R98: 1.5585096 | S98: 1.637474 | T98: 1.7147349 | U98: 1.7961102 | V98: 1.8768785 | W98: 1.952822 | X98: 2.0137714 | Y98: 2.077743 | Z98: 2.1460629 | AA98: 2.204533 | AB98: 2.248844 | AC98: 2.2963967 | AD98: 2.3492895 | AE98: 2.4072606 | AF98: 2.4634683 | AG98: 2.5089641 | AH98: 2.5749086 | AI98: 2.6336638 | AJ98: 2.6987759 | AK98: 2.7745096 | AL98: 2.8526766 | AM98: 2.9346666 | AN98: 3.0176689 | AO98: 3.0998475 | AP98: 3.1800427 | AQ98: 3.2582209 | AR98: 3.2890022 | AS98: 3.3231593 | AT98: 3.35969 | AU98: 3.4017002 | AV98: 3.4387099 | AW98: 3.4741142 | AX98: 3.5028633 | AY98: 3.5331212 | AZ98: 3.5636967 | BA98: 3.6063629 | BB98: 3.6704218 | BC98: 3.7125323 | BD98: 3.7556961 | BE98: 3.7815916 | BF98: 3.8262284 | BG98: 3.8834989 | BH98: 3.938877 | BI98: 3.9597747 | BJ98: 3.962286 | BK98: 3.9523212 | BL98: 3.9630519 | BM98: 3.9873992 | BN98: 4.0039056 | BO98: 4.018831 | BP98: 4.0398045 | BQ98: 4.0561372 | BR98: 4.0713636 | BS98: 4.1182432 | BT98: 4.1168669 | BU98: 4.1095224 | BV98: 4.11981 | BW98: 4.1330558 | BX98: 4.1475747 | BY98: 4.1634863 | BZ98: 4.1809204 | CA98: 4.2000182 | CB98: 4.2209328 | CC98: 4.2438298 | CD98: 4.2688883 | CE98: 4.296301 | CF98: 4.3262748 | CG98: 4.3590311 | CH98: 4.3948055 | CI98: 4.4338473 | CJ98: 4.4764186 | CK98: 4.5227925 | CL98: 4.5732504 | CM98: 4.6280781 | CN98: 4.6875606 | CO98: 4.751975 | CP98: 4.8215811 | CQ98: 4.8966097 | CR98: 4.9772473 | CS98: 5.0636184 | CT98: 5.1557636 | CU98: 5.2536141 | CV98: 5.3569646 | CW98: 5.4654429 | CX98: 5.5784809 | CY98: 5.6952886 | DA98: North America medium-fast
A99: Montana | B99: Non-residential | C99: 0.54314523 | D99: 0.58633916 | E99: 0.63026656 | F99: 0.67498082 | G99: 0.72174941 | H99: 0.77256572 | I99: 0.82387365 | J99: 0.86992233 | K99: 0.91794528 | L99: 0.97049237 | M99: 1.0171147 | N99: 1.0740285 | O99: 1.1328783 | P99: 1.1962741 | Q99: 1.2619162 | R99: 1.3286797 | S99: 1.3959943 | T99: 1.4618533 | U99: 1.5312151 | V99: 1.6000523 | W99: 1.6647662 | X99: 1.7166848 | Y99: 1.7711629 | Z99: 1.829326 | AA99: 1.8790639 | AB99: 1.9166958 | AC99: 1.9570489 | AD99: 2.0019034 | AE99: 2.051027 | AF99: 2.0985768 | AG99: 2.1369134 | AH99: 2.1925653 | AI99: 2.2419727 | AJ99: 2.2966702 | AK99: 2.3602796 | AL99: 2.4258059 | AM99: 2.4944204 | AN99: 2.5637134 | AO99: 2.6321072 | AP99: 2.6986011 | AQ99: 2.7631554 | AR99: 2.7872616 | AS99: 2.814058 | AT99: 2.8426875 | AU99: 2.8757965 | AV99: 2.9044492 | AW99: 2.9301472 | AX99: 2.9715947 | AY99: 3.0265075 | AZ99: 3.0794827 | BA99: 3.1068341 | BB99: 3.14172 | BC99: 3.1626863 | BD99: 3.2146646 | BE99: 3.278942 | BF99: 3.3159071 | BG99: 3.3571725 | BH99: 3.4011386 | BI99: 3.426613 | BJ99: 3.4155499 | BK99: 3.3920206 | BL99: 3.3778268 | BM99: 3.3662669 | BN99: 3.3309149 | BO99: 3.3043036 | BP99: 3.2761805 | BQ99: 3.2479675 | BR99: 3.2120895 | BS99: 3.183525 | BT99: 3.1611582 | BU99: 3.1108456 | BV99: 3.0741335 | BW99: 3.0867551 | BX99: 3.1009291 | BY99: 3.1168474 | BZ99: 3.1347262 | CA99: 3.1548084 | CB99: 3.1773671 | CC99: 3.2027092 | CD99: 3.2311792 | CE99: 3.2631639 | CF99: 3.2990965 | CG99: 3.3394617 | CH99: 3.3848002 | CI99: 3.4357135 | CJ99: 3.4928675 | CK99: 3.556995 | CL99: 3.6288958 | CM99: 3.7094332 | CN99: 3.7995244 | CO99: 3.9001235 | CP99: 4.0121917 | CQ99: 4.1366515 | CR99: 4.2743201 | CS99: 4.4258151 | CT99: 4.5914292 | CU99: 4.7709723 | CV99: 4.9635854 | CW99: 5.1675428 | CX99: 5.3800759 | CY99: 5.5972685 | DA99: North America medium-fast
A100: Montana | B100: Infrastructure | C100: 1.3399511 | D100: 1.4465113 | E100: 1.5548808 | F100: 1.6651908 | G100: 1.7805675 | H100: 1.905927 | I100: 2.0324935 | J100: 2.1460745 | K100: 2.2645074 | L100: 2.394071 | M100: 2.5089703 | N100: 2.6491826 | O100: 2.7940622 | P100: 2.9500031 | Q100: 3.1112756 | R100: 3.2750365 | S100: 3.4397981 | T100: 3.6005175 | U100: 3.7693237 | V100: 3.9361686 | W100: 4.0920548 | X100: 4.2156682 | Y100: 4.344674 | Z100: 4.4817581 | AA100: 4.5969625 | AB100: 4.6811359 | AC100: 4.7707994 | AD100: 4.8703002 | AE100: 4.9790342 | AF100: 5.0825679 | AG100: 5.1620479 | AH100: 5.281642 | AI100: 5.3841617 | AJ100: 5.4980385 | AK100: 5.6321868 | AL100: 5.7693318 | AM100: 5.9123451 | AN100: 6.0552653 | AO100: 6.1941833 | AP100: 6.3266146 | AQ100: 6.4524472 | AR100: 6.4811495 | AS100: 6.5153666 | AT100: 6.5530188 | AU100: 6.6006745 | AV100: 6.6363365 | AW100: 6.6685827 | AX100: 6.7206332 | AY100: 6.7616457 | AZ100: 6.8202955 | BA100: 6.8668306 | BB100: 6.9390037 | BC100: 7.0052466 | BD100: 7.0707189 | BE100: 7.185766 | BF100: 7.2719332 | BG100: 7.349761 | BH100: 7.4271709 | BI100: 7.4940164 | BJ100: 7.512976 | BK100: 7.536426 | BL100: 7.5908387 | BM100: 7.6637662 | BN100: 7.7150093 | BO100: 7.7839251 | BP100: 7.8306245 | BQ100: 7.872253 | BR100: 7.898748 | BS100: 7.9280666 | BT100: 8.0046678 | BU100: 8.0157002 | BV100: 8.0008454 | BW100: 8.0270005 | BX100: 8.0529699 | BY100: 8.0787402 | BZ100: 8.1042984 | CA100: 8.1296312 | CB100: 8.1547256 | CC100: 8.1795686 | CD100: 8.2041476 | CE100: 8.2284499 | CF100: 8.2524632 | CG100: 8.2761755 | CH100: 8.2995747 | CI100: 8.3226495 | CJ100: 8.3453886 | CK100: 8.3677812 | CL100: 8.3898168 | CM100: 8.4114854 | CN100: 8.4327774 | CO100: 8.4536836 | CP100: 8.4741955 | CQ100: 8.4943048 | CR100: 8.514004 | CS100: 8.5332861 | CT100: 8.5521446 | CU100: 8.5705736 | CV100: 8.588568 | CW100: 8.6061229 | CX100: 8.6232346 | CY100: 8.6398995 | DA100: North America high-moderate
A101: Montana | B101: Total | C101: =SUM(C98:C100) -> 2.5201891 | D101: =SUM(D98:D100) -> 2.7206085 | E101: =SUM(E98:E100) -> 2.9244309 | F101: =SUM(F98:F100) -> 3.1319036 | G101: =SUM(G98:G100) -> 3.348907 | H101: =SUM(H98:H100) -> 3.5846888 | I101: =SUM(I98:I100) -> 3.8227459 | J101: =SUM(J98:J100) -> 4.0363893 | ... CY101: =SUM(CY98:CY100) -> 19.932457
...

Sheet SD2
A1: Future cement demand per state and application (ready-mix concrete only)
A2: 1950-2024: Historical, 2025-2500: Projected
A3: thousand metric tons
A5: State | B5: Application | C5: 1950 | D5: 1951 | E5: 1952 | F5: 1953 | G5: 1954 | H5: 1955 | I5: 1956 | J5: 1957 | K5: 1958 | L5: 1959 | M5: 1960 | N5: 1961 | O5: 1962 | P5: 1963 | Q5: 1964 | R5: 1965 | S5: 1966 | T5: 1967 | U5: 1968 | V5: 1969 | W5: 1970 | X5: 1971 | Y5: 1972 | Z5: 1973 | AA5: 1974 | AB5: 1975 | AC5: 1976 | AD5: 1977 | AE5: 1978 | AF5: 1979 | AG5: 1980 | AH5: 1981 | AI5: 1982 | AJ5: 1983 | AK5: 1984 | AL5: 1985 | AM5: 1986 | AN5: 1987 | AO5: 1988 | AP5: 1989 | AQ5: 1990 | AR5: 1991 | AS5: 1992 | AT5: 1993 | AU5: 1994 | AV5: 1995 | AW5: 1996 | AX5: 1997 | AY5: 1998 | AZ5: 1999 | BA5: 2000 | BB5: 2001 | BC5: 2002 | BD5: 2003 | BE5: 2004 | BF5: 2005 | BG5: 2006 | BH5: 2007 | BI5: 2008 | BJ5: 2009 | BK5: 2010 | BL5: 2011 | BM5: 2012 | BN5: 2013 | BO5: 2014 | BP5: 2015 | BQ5: 2016 | BR5: 2017 | BS5: 2018 | BT5: 2019 | BU5: 2020 | BV5: 2021 | BW5: 2022 | BX5: 2023 | BY5: 2024 | BZ5: 2025 | CA5: 2026 | CB5: 2027 | CC5: 2028 | CD5: 2029 | CE5: 2030 | CF5: 2031 | CG5: 2032 | CH5: 2033 | CI5: 2034 | CJ5: 2035 | CK5: 2036 | CL5: 2037 | CM5: 2038 | CN5: 2039 | CO5: 2040 | CP5: 2041 | CQ5: 2042 | CR5: 2043 | CS5: 2044 | CT5: 2045 | CU5: 2046 | CV5: 2047 | CW5: 2048 | CX5: 2049 | CY5: 2050
A6: Alabama | B6: Residential | C6: 246.9497 | D6: 257.84445 | E6: 267.74877 | F6: 278.08791 | G6: 295.29969 | H6: 323.6357 | I6: 333.51586 | J6: 311.85319 | K6: 329.39108 | L6: 361.74317 | M6: 335.33367 | N6: 343.18465 | O6: 356.21125 | P6: 384.3842 | Q6: 399.48829 | R6: 408.18477 | S6: 413.6261 | T6: 407.39967 | U6: 430.11317 | V6: 429.3945 | W6: 407.50233 | X6: 439.90878 | Y6: 463.61876 | Z6: 494.85964 | AA6: 451.9993 | AB6: 384.14264 | AC6: 407.70163 | AD6: 443.44173 | AE6: 478.83759 | AF6: 476.88088 | AG6: 423.79011 | AH6: 399.14406 | AI6: 359.76835 | AJ6: 397.61009 | AK6: 460.10393 | AL6: 476.10786 | AM6: 500.27078 | AN6: 508.52639 | AO6: 506.39454 | AP6: 497.71619 | AQ6: 488.95932 | AR6: 433.61592 | AS6: 460.00126 | AT6: 481.33179 | AU6: 522.24749 | AV6: 500.22246 | AW6: 513.53285 | AX6: 477.66651 | AY6: 455.16885 | AZ6: 462.72796 | BA6: 509.60543 | BB6: 549.54779 | BC6: 453.28413 | BD6: 501.5477 | BE6: 560.03267 | BF6: 650.18142 | BG6: 610.32984 | BH6: 571.143 | BI6: 291.93316 | BJ6: 245.26132 | BK6: 216.1799 | BL6: 221.13222 | BM6: 232.87476 | BN6: 238.99591 | BO6: 245.95339 | BP6: 269.1411 | BQ6: 299.97447 | BR6: 316.43319 | BS6: 387.92396 | BT6: 384.72933 | BU6: 488.99969 | BV6: 506.62698 | BW6: 511.00174 | BX6: 418.72105 | BY6: 429.9229 | BZ6: 379.00323 | CA6: 387.25442 | CB6: 395.15912 | CC6: 402.78711 | CD6: 409.94067 | CE6: 416.69418 | CF6: 422.76335 | CG6: 428.31664 | CH6: 434.61269 | CI6: 440.56199 | CJ6: 446.15966 | CK6: 451.5843 | CL6: 456.65263 | CM6: 461.54618 | CN6: 466.17443 | CO6: 470.72156 | CP6: 475.1902 | CQ6: 479.49115 | CR6: 484.08715 | CS6: 488.7988 | CT6: 493.8145 | CU6: 499.04546 | CV6: 504.40056 | CW6: 510.15888 | CX6: 516.04 | CY6: 522.31993
A7: Alabama | B7: Non-residential | C7: 236.96588 | D7: 247.42018 | E7: 256.92408 | F7: 266.84522 | G7: 283.36115 | H7: 310.55158 | I7: 320.0323 | J7: 299.24542 | K7: 316.07428 | L7: 347.11842 | M7: 321.77662 | N7: 329.3102 | O7: 341.81015 | P7: 368.84411 | Q7: 383.33756 | R7: 391.68245 | S7: 396.9038 | T7: 390.92909 | U7: 412.72432 | V7: 412.03471 | W7: 391.02761 | X7: 422.12391 | Y7: 444.87533 | Z7: 474.85318 | AA7: 433.72563 | AB7: 368.61231 | AC7: 391.21885 | AD7: 425.51402 | AE7: 459.47888 | AF7: 457.60128 | AG7: 406.65689 | AH7: 383.00724 | AI7: 345.22344 | AJ7: 381.5353 | AK7: 441.5026 | AL7: 456.85951 | AM7: 480.04556 | AN7: 487.96741 | AO7: 485.92175 | AP7: 477.59425 | AQ7: 469.19141 | AR7: 416.08546 | AS7: 441.40408 | AT7: 461.87224 | AU7: 501.13379 | AV7: 479.9992 | AW7: 519.40779 | AX7: 529.81678 | AY7: 631.96286 | AZ7: 607.46392 | BA7: 575.71341 | BB7: 517.92126 | BC7: 482.75663 | BD7: 439.6551 | BE7: 452.79578 | BF7: 490.25573 | BG7: 579.81442 | BH7: 571.67378 | BI7: 628.76559 | BJ7: 401.22315 | BK7: 248.29223 | BL7: 227.74617 | BM7: 274.29253 | BN7: 219.25704 | BO7: 184.75446 | BP7: 158.94089 | BQ7: 186.19434 | BR7: 189.76047 | BS7: 177.56387 | BT7: 273.09336 | BU7: 275.96067 | BV7: 325.85622 | BW7: 326.41603 | BX7: 319.26306 | BY7: 327.80415 | BZ7: 455.48616 | CA7: 463.79133 | CB7: 471.70638 | CC7: 479.31757 | CD7: 486.46645 | CE7: 493.24261 | CF7: 499.40656 | CG7: 505.13241 | CH7: 511.59666 | CI7: 517.82099 | CJ7: 523.81966 | CK7: 529.77518 | CL7: 535.53525 | CM7: 541.2824 | CN7: 546.94604 | CO7: 552.7076 | CP7: 558.57787 | CQ7: 564.47831 | CR7: 570.84149 | CS7: 577.49775 | CT7: 584.6157 | CU7: 592.09889 | CV7: 599.84106 | CW7: 608.0781 | CX7: 616.51085 | CY7: 625.35858
A8: Alabama | B8: Infrastructure | C8: 202.79295 | D8: 211.73962 | E8: 219.87296 | F8: 228.36338 | G8: 242.49754 | H8: 265.76683 | I8: 273.88033 | J8: 256.09113 | K8: 270.49309 | L8: 297.06035 | M8: 275.3731 | N8: 281.82026 | O8: 292.51758 | P8: 315.65297 | Q8: 328.05631 | R8: 335.19778 | S8: 339.66616 | T8: 334.55307 | U8: 353.2052 | V8: 352.61504 | W8: 334.63738 | X8: 361.24927 | Y8: 380.7197 | Z8: 406.37443 | AA8: 371.1779 | AB8: 315.4546 | AC8: 334.80104 | AD8: 364.15049 | AE8: 393.21727 | AF8: 391.61044 | AG8: 348.01276 | AH8: 327.77363 | AI8: 295.43864 | AJ8: 326.51396 | AK8: 377.83335 | AL8: 390.97564 | AM8: 410.81802 | AN8: 417.59745 | AO8: 415.8468 | AP8: 408.72021 | AQ8: 401.52915 | AR8: 356.08162 | AS8: 377.74904 | AT8: 395.26548 | AU8: 428.8651 | AV8: 410.77834 | AW8: 440.05935 | AX8: 417.51671 | AY8: 415.86829 | AZ8: 484.80812 | BA8: 477.68116 | BB8: 503.17095 | BC8: 542.37024 | BD8: 625.90719 | BE8: 630.17578 | BF8: 596.43458 | BG8: 608.09577 | BH8: 629.61391 | BI8: 637.85631 | BJ8: 489.00221 | BK8: 538.84161 | BL8: 551.5683 | BM8: 516.8857 | BN8: 534.46505 | BO8: 531.27838 | BP8: 567.42404 | BQ8: 627.86359 | BR8: 654.84257 | BS8: 673.49817 | BT8: 682.70932 | BU8: 572.78065 | BV8: 700.9038 | BW8: 862.61223 | BX8: 934.36789 | BY8: 959.3646 | BZ8: 668.89208 | CA8: 667.43946 | CB8: 665.70656 | CC8: 663.81871 | CD8: 661.66902 | CE8: 659.38276 | CF8: 656.76934 | CG8: 654.03149 | CH8: 652.35 | CI8: 650.82058 | CJ8: 649.48496 | CK8: 648.54261 | CL8: 647.85433 | CM8: 647.59751 | CN8: 647.68599 | CO8: 648.26898 | CP8: 649.313 | CQ8: 650.68266 | CR8: 652.74587 | CS8: 655.26403 | CT8: 658.33779 | CU8: 661.80755 | CV8: 665.51447 | CW8: 669.66018 | CX8: 673.92728 | CY8: 678.54241
A9: Alabama | B9: Total | C9: 686.70853 | D9: 717.00425 | E9: 744.54581 | F9: 773.29651 | G9: 821.15837 | H9: 899.95411 | I9: 927.4285 | J9: 867.18973 | K9: 915.95844 | L9: 1005.9219 | M9: 932.48338 | N9: 954.31511 | O9: 990.53898 | P9: 1068.8813 | Q9: 1110.8822 | R9: 1135.065 | S9: 1150.1961 | T9: 1132.8818 | U9: 1196.0427 | V9: 1194.0442 | W9: 1133.1673 | X9: 1223.282 | Y9: 1289.2138 | Z9: 1376.0873 | AA9: 1256.9028 | AB9: 1068.2095 | AC9: 1133.7215 | AD9: 1233.1062 | AE9: 1331.5337 | AF9: 1326.0926 | AG9: 1178.4598 | AH9: 1109.9249 | AI9: 1000.4304 | AJ9: 1105.6593 | AK9: 1279.4399 | AL9: 1323.943 | AM9: 1391.1343 | AN9: 1414.0912 | AO9: 1408.1631 | AP9: 1384.0306 | AQ9: 1359.6799 | AR9: 1205.783 | AS9: 1279.1544 | AT9: 1338.4695 | AU9: 1452.2464 | AV9: 1391 | AW9: 1473 | AX9: 1425 | AY9: 1503 | AZ9: 1555 | BA9: 1563 | BB9: 1570.64 | BC9: 1478.411 | BD9: 1567.11 | BE9: 1643.0042 | BF9: 1736.8717 | BG9: 1798.24 | BH9: 1772.4307 | BI9: 1558.5551 | BJ9: 1135.4867 | BK9: 1003.3137 | BL9: 1000.4467 | BM9: 1024.053 | BN9: 992.718 | BO9: 961.98623 | BP9: 995.50603 | BQ9: 1114.0324 | BR9: 1161.0362 | BS9: 1238.986 | BT9: 1340.532 | BU9: 1337.741 | BV9: 1533.387 | BW9: 1700.03 | BX9: 1672.352 | BY9: 1717.0917 | BZ9: 1503.3815 | CA9: 1518.4852 | CB9: 1532.5721 | CC9: 1545.9234 | CD9: 1558.0761 | CE9: 1569.3196 | CF9: 1578.9393 | CG9: 1587.4805 | CH9: 1598.5594 | CI9: 1609.2036 | CJ9: 1619.4643 | CK9: 1629.9021 | CL9: 1640.0422 | CM9: 1650.4261 | CN9: 1660.8065 | CO9: 1671.6982 | CP9: 1683.0811 | CQ9: 1694.6521 | CR9: 1707.6745 | CS9: 1721.5606 | CT9: 1736.768 | CU9: 1752.9519 | CV9: 1769.7561 | CW9: 1787.8972 | CX9: 1806.4781 | CY9: 1826.2209
A10: Arizona | B10: Residential | C10: 417.30868 | D10: 435.71921 | E10: 452.45605 | F10: 469.92768 | G10: 499.01305 | H10: 546.89675 | I10: 563.59277 | J10: 526.98603 | K10: 556.62249 | L10: 611.29277 | M10: 566.66459 | N10: 579.9316 | O10: 601.94463 | P10: 649.55278 | Q10: 675.07647 | R10: 689.77223 | S10: 698.96729 | T10: 688.44553 | U10: 726.82801 | V10: 725.61357 | W10: 688.61902 | X10: 743.38116 | Y10: 783.44753 | Z10: 836.24002 | AA10: 763.81235 | AB10: 649.14457 | AC10: 688.9558 | AD10: 749.35131 | AE10: 809.16511 | AF10: 805.85857 | AG10: 716.14297 | AH10: 674.49476 | AI10: 607.95561 | AJ10: 671.90259 | AK10: 777.50799 | AL10: 804.55228 | AM10: 845.38405 | AN10: 859.33482 | AO10: 855.73232 | AP10: 841.06717 | AQ10: 826.26935 | AR10: 732.74714 | AS10: 777.3345 | AT10: 813.37994 | AU10: 882.52147 | AV10: 845.30241 | AW10: 867.36532 | AX10: 932.38792 | AY10: 1049.3471 | AZ10: 1091.0541 | BA10: 1131.6409 | BB10: 1345.1279 | BC10: 1465.4183 | BD10: 1494.1569 | BE10: 1785.6616 | BF10: 2044.7763 | BG10: 1967.9521 | BH10: 1012.4714 | BI10: 756.90649 | BJ10: 418.03079 | BK10: 354.00576 | BL10: 431.85383 | BM10: 641.34008 | BN10: 613.60305 | BO10: 742.94979 | BP10: 893.94773 | BQ10: 976.70804 | BR10: 1061.2898 | BS10: 1097.5754 | BT10: 830.61113 | BU10: 1112.8804 | BV10: 1200.5259 | BW10: 1089.1227 | BX10: 1034.4807 | BY10: 1062.1557 | BZ10: 688.00228 | CA10: 704.10499 | CB10: 720.0573 | CC10: 736.05583 | CD10: 751.75469 | CE10: 767.35533 | CF10: 782.32816 | CG10: 797.0514 | CH10: 814.10064 | CI10: 831.28382 | CJ10: 848.58356 | CK10: 866.32888 | CL10: 884.08237 | CM10: 902.10651 | CN10: 920.06298 | CO10: 938.11517 | CP10: 955.99251 | CQ10: 973.16403 | CR10: 990.15207 | CS10: 1006.0919 | CT10: 1020.8035 | CU10: 1033.4857 | CV10: 1043.3067 | CW10: 1050.2174 | CX10: 1053.0886 | CY10: 1052.0882
A11: Arizona | B11: Non-residential | C11: 415.12339 | D11: 433.43751 | E11: 450.08671 | F11: 467.46684 | G11: 496.3999 | H11: 544.03285 | I11: 560.64144 | J11: 524.2264 | K11: 553.70766 | L11: 608.09166 | M11: 563.69718 | N11: 576.89471 | O11: 598.79247 | P11: 646.15132 | Q11: 671.54135 | R11: 686.16015 | S11: 695.30706 | T11: 684.8404 | U11: 723.02188 | V11: 721.8138 | W11: 685.01298 | X11: 739.48835 | Y11: 779.3449 | Z11: 831.86094 | AA11: 759.81255 | AB11: 645.74524 | AC11: 685.348 | AD11: 745.42724 | AE11: 804.92782 | AF11: 801.63859 | AG11: 712.39279 | AH11: 670.96268 | AI11: 604.77197 | AJ11: 668.38409 | AK11: 773.43647 | AL11: 800.33914 | AM11: 840.95709 | AN11: 854.8348 | AO11: 851.25117 | AP11: 836.66281 | AQ11: 821.94249 | AR11: 728.91001 | AS11: 773.26388 | AT11: 809.12057 | AU11: 877.90003 | AV11: 840.87587 | AW11: 968.98733 | AX11: 990.61195 | AY11: 1235.9652 | AZ11: 1413.8644 | BA11: 1296.9116 | BB11: 1114.6995 | BC11: 979.41973 | BD11: 991.00035 | BE11: 1169.294 | BF11: 1340.2465 | BG11: 1436.31 | BH11: 1562.0855 | BI11: 1089.5696 | BJ11: 544.81279 | BK11: 370.39503 | BL11: 267.01991 | BM11: 321.72247 | BN11: 415.04846 | BO11: 435.79535 | BP11: 507.96313 | BQ11: 387.6971 | BR11: 414.94521 | BS11: 683.6267 | BT11: 633.99969 | BU11: 1016.5136 | BV11: 1122.513 | BW11: 1363.4741 | BX11: 1313.5919 | BY11: 1348.7338 | BZ11: 842.52826 | CA11: 864.70062 | CB11: 887.48519 | CC11: 911.19704 | CD11: 935.6768 | CE11: 961.25007 | CF11: 987.59218 | CG11: 1015.1752 | CH11: 1046.4253 | CI11: 1079.5044 | CJ11: 1114.4693 | CK11: 1151.6387 | CL11: 1190.5722 | CM11: 1231.3645 | CN11: 1273.4437 | CO11: 1316.5389 | CP11: 1359.7957 | CQ11: 1401.8959 | CR11: 1442.2582 | CS11: 1478.7702 | CT11: 1509.7328 | CU11: 1532.705 | CV11: 1545.1712 | CW11: 1545.5149 | CX11: 1531.4736 | CY11: 1502.7083
A12: Arizona | B12: Infrastructure | C12: 286.24624 | D12: 298.87465 | E12: 310.35502 | F12: 322.33941 | G12: 342.29005 | H12: 375.13511 | I12: 386.58748 | J12: 361.47767 | K12: 381.80633 | L12: 419.30654 | M12: 388.69455 | N12: 397.79484 | O12: 412.89433 | P12: 445.55039 | Q12: 463.05795 | R12: 473.13828 | S12: 479.44548 | T12: 472.22825 | U12: 498.5561 | V12: 497.72307 | W12: 472.34725 | X12: 509.91046 | Y12: 537.39335 | Z12: 573.60552 | AA12: 523.92492 | AB12: 445.27038 | AC12: 472.57826 | AD12: 514.0056 | AE12: 555.03392 | AF12: 552.76585 | AG12: 491.22686 | AH12: 462.65894 | AI12: 417.01746 | AJ12: 460.88088 | AK12: 533.31922 | AL12: 551.86982 | AM12: 579.87772 | AN12: 589.44703 | AO12: 586.97595 | AP12: 576.91663 | AQ12: 566.7663 | AR12: 502.61623 | AS12: 533.20022 | AT12: 557.92501 | AU12: 605.35155 | AV12: 579.82172 | AW12: 681.64734 | AX12: 640.00013 | AY12: 637.68772 | AZ12: 795.0815 | BA12: 806.44748 | BB12: 804.61363 | BC12: 849.15998 | BD12: 972.09278 | BE12: 1162.0359 | BF12: 1285.7161 | BG12: 1205.7335 | BH12: 1246.5925 | BI12: 930.77236 | BJ12: 764.11386 | BK12: 752.16664 | BL12: 752.7308 | BM12: 709.09645 | BN12: 823.22949 | BO12: 624.79306 | BP12: 618.38616 | BQ12: 623.99605 | BR12: 734.54762 | BS12: 985.76888 | BT12: 931.73318 | BU12: 790.81405 | BV12: 830.82805 | BW12: 1011.1121 | BX12: 1077.0084 | BY12: 1105.8211 | BZ12: 1235.5967 | CA12: 1267.4579 | CB12: 1299.9382 | CC12: 1333.1044 | CD12: 1366.6392 | CE12: 1400.5507 | CF12: 1434.3151 | CG12: 1467.9855 | CH12: 1503.1818 | CI12: 1538.1455 | CJ12: 1572.5648 | CK12: 1606.3448 | CL12: 1638.7774 | CM12: 1669.6361 | CN12: 1698.2046 | CO12: 1724.1391 | CP12: 1746.7611 | CQ12: 1765.2001 | CR12: 1779.5223 | CS12: 1788.7506 | CT12: 1792.6034 | CU12: 1790.4233 | CV12: 1781.6789 | CW12: 1766.6993 | CX12: 1744.9993 | CY12: 1717.3559
A13: Arizona | B13: Total | C13: 1118.6783 | D13: 1168.0314 | E13: 1212.8978 | F13: 1259.7339 | G13: 1337.703 | H13: 1466.0647 | I13: 1510.8217 | J13: 1412.6901 | K13: 1492.1365 | L13: 1638.691 | M13: 1519.0563 | N13: 1554.6212 | O13: 1613.6314 | P13: 1741.2545 | Q13: 1809.6758 | R13: 1849.0707 | S13: 1873.7198 | T13: 1845.5142 | U13: 1948.406 | V13: 1945.1504 | W13: 1845.9793 | X13: 1992.78 | Y13: 2100.1858 | Z13: 2241.7065 | AA13: 2047.5498 | AB13: 1740.1602 | AC13: 1846.8821 | AD13: 2008.7841 | AE13: 2169.1269 | AF13: 2160.263 | AG13: 1919.7626 | AH13: 1808.1164 | AI13: 1629.745 | AJ13: 1801.1676 | AK13: 2084.2637 | AL13: 2156.7612 | AM13: 2266.2189 | AN13: 2303.6167 | AO13: 2293.9594 | AP13: 2254.6466 | AQ13: 2214.9781 | AR13: 1964.2734 | AS13: 2083.7986 | AT13: 2180.4255 | AU13: 2365.7731 | AV13: 2266 | AW13: 2518 | AX13: 2563 | AY13: 2923 | AZ13: 3300 | BA13: 3235 | BB13: 3264.441 | BC13: 3293.998 | BD13: 3457.25 | BE13: 4116.9915 | BF13: 4670.7389 | BG13: 4609.9956 | BH13: 3821.1494 | BI13: 2777.2485 | BJ13: 1726.9574 | BK13: 1476.5674 | BL13: 1451.6045 | BM13: 1672.159 | BN13: 1851.881 | BO13: 1803.5382 | BP13: 2020.297 | BQ13: 1988.4012 | BR13: 2210.7826 | BS13: 2766.971 | BT13: 2396.344 | BU13: 2920.208 | BV13: 3153.867 | BW13: 3463.709 | BX13: 3425.081 | BY13: 3516.7106 | BZ13: 2766.1272 | CA13: 2836.2636 | CB13: 2907.4807 | CC13: 2980.3573 | CD13: 3054.0707 | CE13: 3129.1561 | CF13: 3204.2355 | CG13: 3280.2121 | CH13: 3363.7077 | CI13: 3448.9337 | CJ13: 3535.6176 | CK13: 3624.3125 | CL13: 3713.4319 | CM13: 3803.1071 | CN13: 3891.7114 | CO13: 3978.7931 | CP13: 4062.5494 | CQ13: 4140.26 | CR13: 4211.9326 | CS13: 4273.6127 | CT13: 4323.1396 | CU13: 4356.6139 | CV13: 4370.1568 | CW13: 4362.4316 | CX13: 4329.5615 | CY13: 4272.1525
A14: Arkansas | B14: Residential | C14: 75.400263 | D14: 78.726718 | E14: 81.750768 | F14: 84.907581 | G14: 90.16279 | H14: 98.814524 | I14: 101.8312 | J14: 95.217011 | K14: 100.57179 | L14: 110.44974 | M14: 102.38622 | N14: 104.78333 | O14: 108.7607 | P14: 117.36265 | Q14: 121.97432 | R14: 124.62959 | S14: 126.29097 | T14: 124.38987 | U14: 131.32491 | V14: 131.10548 | W14: 124.42122 | X14: 134.31577 | Y14: 141.55505 | Z14: 151.09371 | AA14: 138.00732 | AB14: 117.28889 | AC14: 124.48207 | AD14: 135.39447 | AE14: 146.20176 | AF14: 145.60432 | AG14: 129.39431 | AH14: 121.86922 | AI14: 109.84677 | AJ14: 121.40086 | AK14: 140.48188 | AL14: 145.3683 | AM14: 152.74588 | AN14: 155.26653 | AO14: 154.61562 | AP14: 151.96589 | AQ14: 149.29219 | AR14: 132.39439 | AS14: 140.45053 | AT14: 146.9633 | AU14: 159.45595 | AV14: 152.73112 | AW14: 162.01832 | AX14: 150.51395 | AY14: 165.25204 | AZ14: 185.50617 | BA14: 218.28491 | BB14: 222.65983 | BC14: 226.72088 | BD14: 289.9389 | BE14: 258.09974 | BF14: 317.0524 | BG14: 274.72157 | BH14: 211.91359 | BI14: 210.09317 | BJ14: 148.51045 | BK14: 157.03319 | BL14: 179.86893 | BM14: 166.68868 | BN14: 169.32544 | BO14: 141.83268 | BP14: 163.27998 | BQ14: 219.47758 | BR14: 241.86874 | BS14: 258.68834 | BT14: 232.34285 | BU14: 234.46486 | BV14: 264.1731 | BW14: 257.18892 | BX14: 243.71837 | BY14: 250.23846 | BZ14: 151.473 | CA14: 155.85385 | CB14: 160.26657 | CC14: 164.75066 | CD14: 169.24306 | CE14: 173.78591 | CF14: 178.28281 | CG14: 182.81309 | CH14: 187.88497 | CI14: 193.09287 | CJ14: 198.4532 | CK14: 204.05618 | CL14: 209.85066 | CM14: 215.93131 | CN14: 222.28657 | CO14: 229.01676 | CP14: 236.15215 | CQ14: 243.68748 | CR14: 251.84587 | CS14: 260.59248 | CT14: 270.04627 | CU14: 280.2147 | CV14: 291.10516 | CW14: 302.88419 | CX14: 315.48289 | CY14: 329.07131
A15: Arkansas | B15: Non-residential | C15: 152.10812 | D15: 158.81872 | E15: 164.91926 | F15: 171.28764 | G15: 181.88919 | H15: 199.3427 | I15: 205.42836 | J15: 192.08528 | K15: 202.88771 | L15: 222.81491 | M15: 206.54803 | N15: 211.38383 | O15: 219.40753 | P15: 236.7606 | Q15: 246.06393 | R15: 251.42051 | S15: 254.77209 | T15: 250.93693 | U15: 264.92726 | V15: 264.4846 | W15: 251.00016 | X15: 270.96085 | Y15: 285.56495 | Z15: 304.8077 | AA15: 278.40797 | AB15: 236.61181 | AC15: 251.12292 | AD15: 273.13695 | AE15: 294.93896 | AF15: 293.73373 | AG15: 261.03258 | AH15: 245.8519 | AI15: 221.59852 | AJ15: 244.90706 | AK15: 283.4 | AL15: 293.25759 | AM15: 308.14068 | AN15: 313.22571 | AO15: 311.9126 | AP15: 306.56719 | AQ15: 301.17341 | AR15: 267.08477 | AS15: 283.33677 | AT15: 296.47525 | AU15: 321.67719 | AV15: 308.11092 | AW15: 270.26404 | AX15: 341.44085 | AY15: 380.08552 | AZ15: 326.59431 | BA15: 250.60152 | BB15: 267.22701 | BC15: 216.26296 | BD15: 223.7032 | BE15: 290.63072 | BF15: 320.50627 | BG15: 314.00622 | BH15: 282.67715 | BI15: 237.65586 | BJ15: 113.80102 | BK15: 100.23816 | BL15: 80.678831 | BM15: 115.78599 | BN15: 97.123939 | BO15: 126.7556 | BP15: 99.469819 | BQ15: 99.734214 | BR15: 90.626795 | BS15: 116.29682 | BT15: 101.95079 | BU15: 154.95989 | BV15: 181.17678 | BW15: 167.4494 | BX15: 153.84498 | BY15: 157.96072 | BZ15: 303.91836 | CA15: 310.86795 | CB15: 317.68898 | CC15: 324.44034 | CD15: 331.03494 | CE15: 337.53406 | CF15: 343.80156 | CG15: 349.94911 | CH15: 356.69424 | CI15: 363.45785 | CJ15: 370.2564 | CK15: 377.20812 | CL15: 384.22779 | CM15: 391.43282 | CN15: 398.78592 | CO15: 406.40305 | CP15: 414.29538 | CQ15: 422.41769 | CR15: 431.04 | CS15: 440.06029 | CT15: 449.58503 | CU15: 459.55464 | CV15: 469.90035 | CW15: 480.767 | CX15: 491.95928 | CY15: 503.60678
A16: Arkansas | B16: Infrastructure | C16: 235.06954 | D16: 245.44017 | E16: 254.86802 | F16: 264.70977 | G16: 281.09352 | H16: 308.06636 | I16: 317.47121 | J16: 296.85067 | K16: 313.54486 | L16: 344.34057 | M16: 319.20157 | N16: 326.67486 | O16: 339.07477 | P16: 365.8924 | Q16: 380.26986 | R16: 388.54797 | S16: 393.72754 | T16: 387.80064 | U16: 409.42145 | V16: 408.73736 | W16: 387.89837 | X16: 418.74582 | Y16: 441.31516 | Z16: 471.05312 | AA16: 430.25469 | AB16: 365.66245 | AC16: 388.08808 | AD16: 422.1088 | AE16: 455.80185 | AF16: 453.93928 | AG16: 403.40258 | AH16: 379.94219 | AI16: 342.46075 | AJ16: 378.48202 | AK16: 437.96943 | AL16: 453.20345 | AM16: 476.20394 | AN16: 484.0624 | AO16: 482.03311 | AP16: 473.77225 | AQ16: 465.43665 | AR16: 412.75569 | AS16: 437.8717 | AT16: 458.17606 | AU16: 497.12341 | AV16: 476.15795 | AW16: 472.71764 | AX16: 518.0452 | AY16: 502.66244 | AZ16: 480.89952 | BA16: 483.11356 | BB16: 485.96117 | BC16: 502.90917 | BD16: 542.6579 | BE16: 624.4147 | BF16: 567.29047 | BG16: 598.5021 | BH16: 579.81772 | BI16: 454.55046 | BJ16: 469.87682 | BK16: 499.67277 | BL16: 474.54312 | BM16: 504.99532 | BN16: 561.68062 | BO16: 577.57946 | BP16: 544.51858 | BQ16: 547.37124 | BR16: 503.58612 | BS16: 438.82884 | BT16: 493.58436 | BU16: 506.51126 | BV16: 489.30171 | BW16: 538.17868 | BX16: 690.36465 | BY16: 708.83365 | BZ16: 566.116 | CA16: 565.78676 | CB16: 565.26363 | CC16: 564.66461 | CD16: 563.87628 | CE16: 563.00729 | CF16: 561.85647 | CG16: 560.59773 | CH16: 560.32326 | CI16: 560.12969 | CJ16: 560.02177 | CK16: 560.15136 | CL16: 560.35347 | CM16: 560.76329 | CN16: 561.27498 | CO16: 562.00729 | CP16: 562.91623 | CQ16: 563.87277 | CR16: 565.21349 | CS16: 566.72494 | CT16: 568.5066 | CU16: 570.42362 | CV16: 572.34368 | CW16: 574.45626 | CX16: 576.48346 | CY16: 578.63146
... A197: Wyoming | B197: Total | C197: 106.14115 | D197: 110.82381 | E197: 115.08077 | F197: 119.52462 | G197: 126.92239 | H197: 139.10146 | I197: 143.34804 | J197: 134.03723 | K197: 141.57517 | L197: 155.48039 | M197: 144.12935 | N197: 147.50377 | O197: 153.10272 | P197: 165.2117 | Q197: 171.70357 | R197: 175.44139 | S197: 177.78013 | T197: 175.10395 | U197: 184.86641 | V197: 184.55752 | W197: 175.14808 | X197: 189.07665 | Y197: 199.26741 | Z197: 212.69501 | AA197: 194.27326 | AB197: 165.10787 | AC197: 175.23373 | AD197: 190.59514 | AE197: 205.80859 | AF197: 204.96758 | AG197: 182.1487 | AH197: 171.55561 | AI197: 154.63159 | AJ197: 170.8963 | AK197: 197.7567 | AL197: 204.63533 | AM197: 215.02077 | AN197: 218.5691 | AO197: 217.65281 | AP197: 213.92278 | AQ197: 210.159 | AR197: 186.37192 | AS197: 197.71258 | AT197: 206.88062 | AU197: 224.46655 | AV197: 215 | AW197: 196 | AX197: 228 | AY197: 220 | AZ197: 230 | BA197: 248 | BB197: 360.795 | BC197: 412.625 | BD197: 413.7 | BE197: 463.09498 | BF197: 464.79242 | BG197: 465.50463 | BH197: 460.54676 | BI197: 496.48801 | BJ197: 348.16471 | BK197: 322.17494 | BL197: 301.47201 | BM197: 315.393 | BN197: 321.539 | BO197: 355.34527 | BP197: 345.73343 | BQ197: 251.86086 | BR197: 281.71451 | BS197: 262.334 | BT197: 294.372 | BU197: 281.506 | BV197: 294.975 | BW197: 287.929 | BX197: 302.203 | BY197: 310.2877 | BZ197: 228.74912 | CA197: 230.01251 | CB197: 231.17597 | CC197: 232.30669 | CD197: 233.34244 | CE197: 234.35932 | CF197: 235.26041 | CG197: 236.17699 | CH197: 237.7824 | CI197: 239.59197 | CJ197: 241.65723 | CK197: 244.11743 | CL197: 246.92699 | CM197: 250.21076 | CN197: 253.9464 | CO197: 258.23142 | CP197: 263.05624 | CQ197: 268.34769 | CR197: 274.28663 | CS197: 280.72073 | CT197: 287.66463 | CU197: 294.98524 | CV197: 302.5407 | CW197: 310.36735 | CX197: 318.22569 | CY197: 326.15289

Sheet SD3.1
A1: Electricity generation by coal per state
A2: Projection based on: Annual Energy Outlook 2025
A3: billion kWh
A5: STATE | B5: Primary NERC-region | C5: Table ref | D5: 2024 | E5: 2025 | F5: 2026 | G5: 2027 | H5: 2028 | I5: 2029 | J5: 2030 | K5: 2031 | L5: 2032 | M5: 2033 | N5: 2034 | O5: 2035 | P5: 2036 | Q5: 2037 | R5: 2038 | S5: 2039 | T5: 2040 | U5: 2041 | V5: 2042 | W5: 2043 | X5: 2044 | Y5: 2045 | Z5: 2046 | AA5: 2047 | AB5: 2048 | AC5: 2049 | AD5: 2050
A6: Alabama | B6: SRSE | C6: Tab 54.15 | D6: 37.790436 | E6: 32.739483 | F6: 31.723024 | G6: 30.289555 | H6: 26.518761 | I6: 22.974733 | J6: 20.571539 | K6: 20.549568 | L6: 7.6481495 | M6: 7.7486596 | N6: 7.7392335 | O6: 7.7165785 | P6: 7.5727224 | Q6: 7.0998354 | R6: 7.0906825 | S6: 5.9176211 | T6: 5.9237146 | U6: 5.9295192 | V6: 5.9351254 | W6: 5.9405942 | X6: 5.3622017 | Y6: 5.2948885 | Z6: 0 | AA6: 0 | AB6: 0 | AC6: 0 | AD6: 0
A7: Alaska
A8: Arizona | B8: SRSG | C8: Tab 54.20 | D8: 16.076954 | E8: 20.893761 | F8: 12.825027 | G8: 9.6834078 | H8: 12.011058 | I8: 11.550891 | J8: 9.1619682 | K8: 7.4477696 | L8: 0 | M8: 0 | N8: 0 | O8: 0 | P8: 0 | Q8: 0 | R8: 0 | S8: 0 | T8: 0 | U8: 0 | V8: 0 | W8: 0 | X8: 0 | Y8: 0 | Z8: 0 | AA8: 0 | AB8: 0 | AC8: 0 | AD8: 0
A9: Arkansas | B9: MISS | C9: Tab 54.6 | D9: 17.920887 | E9: 14.571557 | F9: 17.556543 | G9: 6.1540232 | H9: 0.27135265 | I9: 0.27166322 | J9: 2.8770459 | K9: 2.6414139 | L9: 0.0035995019 | M9: 0.0035995019 | N9: 0.0035995019 | O9: 0.0035995019 | P9: 0.0035995019 | Q9: 0.0035995019 | R9: 0.0035995019 | S9: 0 | T9: 0 | U9: 0 | V9: 0 | W9: 0 | X9: 0 | Y9: 0 | Z9: 0 | AA9: 0 | AB9: 0 | AC9: 0 | AD9: 0
A10: California | B10: CASO | C10: Tab 54.22 | D10: =1.95149576663971*0.5 -> 0.97574788 | E10: 0 | F10: 0 | G10: 0 | H10: 0 | I10: 0 | J10: 0 | K10: 0 | L10: 0 | M10: 0 | N10: 0 | O10: 0 | P10: 0 | Q10: 0 | R10: 0 | S10: 0 | T10: 0 | U10: 0 | V10: 0 | W10: 0 | X10: 0 | Y10: 0 | Z10: 0 | AA10: 0 | AB10: 0 | AC10: 0 | AD10: 0
A11: Colorado | B11: RMRG | C11: Tab 54.24 | D11: 28.988775 | E11: 27.352926 | F11: 25.529974 | G11: 19.690121 | H11: 19.175177 | I11: 14.76438 | J11: 4.6678028 | K11: 3.7976871 | L11: 1.9219882 | M11: 1.7962314 | N11: 1.9699709 | O11: 2.1520555 | P11: 2.2031333 | Q11: 2.1766977 | R11: 2.2134049 | S11: 0 | T11: 0 | U11: 0 | V11: 0 | W11: 0 | X11: 0 | Y11: 0 | Z11: 0 | AA11: 0 | AB11: 0 | AC11: 0 | AD11: 0
A12: Connecticut | B12: ISNE | C12: Tab 54.7 | D12: 0.90981758 | E12: 0.92998952 | F12: 0 | G12: 0 | H12: 0 | I12: 0 | J12: 0 | K12: 0 | L12: 0 | M12: 0 | N12: 0 | O12: 0 | P12: 0 | Q12: 0 | R12: 0 | S12: 0 | T12: 0 | U12: 0 | V12: 0 | W12: 0 | X12: 0 | Y12: 0 | Z12: 0 | AA12: 0 | AB12: 0 | AC12: 0 | AD12: 0
A13: Delaware | B13: PJME | C13: Tab 54.10 | D13: 11.939692 | E13: 15.780909 | F13: 23.067352 | G13: 22.265717 | H13: 18.616442 | I13: 15.125031 | J13: 13.61904 | K13: 10.705784 | L13: 1.1775837 | M13: 1.173426 | N13: 1.1698506 | O13: 1.1709654 | P13: 0.63245445 | Q13: 0.052258026 | R13: 0.054967429 | S13: 0 | T13: 0 | U13: 0 | V13: 0 | W13: 0 | X13: 0 | Y13: 0 | Z13: 0 | AA13: 0 | AB13: 0 | AC13: 0 | AD13: 0
A14: District of Columbia | B14: PJME | C14: Tab 54.10 | D14: 11.939692 | E14: 15.780909 | F14: 23.067352 | G14: 22.265717 | H14: 18.616442 | I14: 15.125031 | J14: 13.61904 | K14: 10.705784 | L14: 1.1775837 | M14: 1.173426 | N14: 1.1698506 | O14: 1.1709654 | P14: 0.63245445 | Q14: 0.052258026 | R14: 0.054967429 | S14: 0 | T14: 0 | U14: 0 | V14: 0 | W14: 0 | X14: 0 | Y14: 0 | Z14: 0 | AA14: 0 | AB14: 0 | AC14: 0 | AD14: 0
A15: Florida | B15: FRCC | C15: Tab 54.2 | D15: 11.897519 | E15: 9.9965611 | F15: 6.3660979 | G15: 5.9735045 | H15: 6.5687132 | I15: 6.4078512 | J15: 1.2385038 | K15: 1.2443244 | L15: 0.062526599 | M15: 0.062526882 | N15: 0.062518202 | O15: 0.062531687 | P15: 0.062538899 | Q15: 0.062518202 | R15: 0.062518202 | S15: 0 | T15: 0 | U15: 0 | V15: 0 | W15: 0 | X15: 0 | Y15: 0 | Z15: 0 | AA15: 0 | AB15: 0 | AC15: 0 | AD15: 0
A16: Georgia | B16: SRSE | C16: Tab 54.15 | D16: 37.790436 | E16: 32.739483 | F16: 31.723024 | G16: 30.289555 | H16: 26.518761 | I16: 22.974733 | J16: 20.571539 | K16: 20.549568 | L16: 7.6481495 | M16: 7.7486596 | N16: 7.7392335 | O16: 7.7165785 | P16: 7.5727224 | Q16: 7.0998354 | R16: 7.0906825 | S16: 5.9176211 | T16: 5.9237146 | U16: 5.9295192 | V16: 5.9351254 | W16: 5.9405942 | X16: 5.3622017 | Y16: 5.2948885 | Z16: 0 | AA16: 0 | AB16: 0 | AC16: 0 | AD16: 0
A17: Hawaii
A18: Idaho | B18: BASN | C18: Tab 54.25 | D18: 37.880489 | E18: 35.860939 | F18: 27.634762 | G18: 23.016289 | H18: 21.445354 | I18: 24.553408 | J18: 20.143167 | K18: 18.876997 | L18: 0 | M18: 0 | N18: 0 | O18: 0 | P18: 0 | Q18: 0 | R18: 0 | S18: 0 | T18: 0 | U18: 0 | V18: 0 | W18: 0 | X18: 0 | Y18: 0 | Z18: 0 | AA18: 0 | AB18: 0 | AC18: 0 | AD18: 0
A19: Illinois | B19: MISC | C19: Tab 54.4 | D19: 85.086365 | E19: 94.405083 | F19: 82.616882 | G19: 72.600777 | H19: 73.300461 | I19: 67.231361 | J19: 65.296883 | K19: 63.86026 | L19: 17.342806 | M19: 17.382399 | N19: 17.420383 | O19: 16.276325 | P19: 13.05818 | Q19: 11.198302 | R19: 7.9189153 | S19: 1.8868142 | T19: 1.8888408 | U19: 1.8903165 | V19: 1.8916873 | W19: 1.8928826 | X19: 0.75799042 | Y19: 0.75820684 | Z19: 0 | AA19: 0 | AB19: 0 | AC19: 0 | AD19: 0
A20: Indiana | B20: MISC | C20: Tab 54.4 | D20: 85.086365 | E20: 94.405083 | F20: 82.616882 | G20: 72.600777 | H20: 73.300461 | I20: 67.231361 | J20: 65.296883 | K20: 63.86026 | L20: 17.342806 | M20: 17.382399 | N20: 17.420383 | O20: 16.276325 | P20: 13.05818 | Q20: 11.198302 | R20: 7.9189153 | S20: 1.8868142 | T20: 1.8888408 | U20: 1.8903165 | V20: 1.8916873 | W20: 1.8928826 | X20: 0.75799042 | Y20: 0.75820684 | Z20: 0 | AA20: 0 | AB20: 0 | AC20: 0 | AD20: 0
A21: Iowa | B21: MISW | C21: Tab 54.3 | D21: 59.848766 | E21: 61.283012 | F21: 59.99892 | G21: 49.210018 | H21: 48.604111 | I21: 48.766003 | J21: 30.574347 | K21: 29.42292 | L21: 3.1259952 | M21: 3.1186521 | N21: 2.5041866 | O21: 1.8943217 | P21: 1.7850803 | Q21: 1.8399739 | R21: 1.306493 | S21: 0.10185336 | T21: 0.10192576 | U21: 0.10198926 | V21: 0.096142173 | W21: 0.070881121 | X21: 0.097626008 | Y21: 0.097664766 | Z21: 0.10221875 | AA21: 0.097735688 | AB21: 0.094653837 | AC21: 0.097264245 | AD21: 0.087210484
A22: Kansas | B22: SPPC | C22: Tab 54.18 | D22: 29.413113 | E22: 24.189297 | F22: 23.694637 | G22: 19.175148 | H22: 19.375065 | I22: 18.445385 | J22: 10.481089 | K22: 7.9521103 | L22: 8.491951 | M22: 8.3626385 | N22: 4.9156556 | O22: 4.6458039 | P22: 4.614809 | Q22: 4.5764651 | R22: 4.2776084 | S22: 0 | T22: 0 | U22: 0 | V22: 0 | W22: 0 | X22: 0 | Y22: 0 | Z22: 0 | AA22: 0 | AB22: 0 | AC22: 0 | AD22: 0
A23: Kentucky | B23: SRCE | C23: Tab 54.16 | D23: 54.692223 | E23: 56.202209 | F23: 54.912083 | G23: 40.125843 | H23: 37.971561 | I23: 32.555244 | J23: 34.022511 | K23: 32.754818 | L23: 2.440922 | M23: 2.4447486 | N23: 2.2870321 | O23: 2.2515185 | P23: 2.0103559 | Q23: 2.1788647 | R23: 2.1487122 | S23: 0 | T23: 0 | U23: 0 | V23: 0 | W23: 0 | X23: 0 | Y23: 0 | Z23: 0 | AA23: 0 | AB23: 0 | AC23: 0 | AD23: 0
A24: Louisiana | B24: MISS/SPPS (60/40) | C24: Tab 54.6/17 | D24: =0.6*'[3]ref2025.d032025a'!C$98+0.4*'[4]ref2025.d032025a'!C$98 -> #REF! | E24: =0.6*'[3]ref2025.d032025a'!D$98+0.4*'[4]ref2025.d032025a'!D$98 -> #REF! | F24: =0.6*'[3]ref2025.d032025a'!E$98+0.4*'[4]ref2025.d032025a'!E$98 -> #REF! | G24: =0.6*'[3]ref2025.d032025a'!F$98+0.4*'[4]ref2025.d032025a'!F$98 -> #REF! | H24: =0.6*'[3]ref2025.d032025a'!G$98+0.4*'[4]ref2025.d032025a'!G$98 -> #REF! | I24: =0.6*'[3]ref2025.d032025a'!H$98+0.4*'[4]ref2025.d032025a'!H$98 -> #REF! | J24: =0.6*'[3]ref2025.d032025a'!I$98+0.4*'[4]ref2025.d032025a'!I$98 -> #REF! | K24: =0.6*'[3]ref2025.d032025a'!J$98+0.4*'[4]ref2025.d032025a'!J$98 -> #REF! | ... AD24: =0.6*'[3]ref2025.d032025a'!AC$98+0.4*'[4]ref2025.d032025a'!AC$98 -> #REF!
A25: Maine | B25: ISNE | C25: Tab 54.7 | D25: 0.90981758 | E25: 0.92998952 | F25: 0 | G25: 0 | H25: 0 | I25: 0 | J25: 0 | K25: 0 | L25: 0 | M25: 0 | N25: 0 | O25: 0 | P25: 0 | Q25: 0 | R25: 0 | S25: 0 | T25: 0 | U25: 0 | V25: 0 | W25: 0 | X25: 0 | Y25: 0 | Z25: 0 | AA25: 0 | AB25: 0 | AC25: 0 | AD25: 0
A26: Maryland | B26: PJME | C26: Tab 54.10 | D26: 11.939692 | E26: 15.780909 | F26: 23.067352 | G26: 22.265717 | H26: 18.616442 | I26: 15.125031 | J26: 13.61904 | K26: 10.705784 | L26: 1.1775837 | M26: 1.173426 | N26: 1.1698506 | O26: 1.1709654 | P26: 0.63245445 | Q26: 0.052258026 | R26: 0.054967429 | S26: 0 | T26: 0 | U26: 0 | V26: 0 | W26: 0 | X26: 0 | Y26: 0 | Z26: 0 | AA26: 0 | AB26: 0 | AC26: 0 | AD26: 0
A27: Massachusetts | B27: ISNE | C27: Tab 54.7 | D27: 0.90981758 | E27: 0.92998952 | F27: 0 | G27: 0 | H27: 0 | I27: 0 | J27: 0 | K27: 0 | L27: 0 | M27: 0 | N27: 0 | O27: 0 | P27: 0 | Q27: 0 | R27: 0 | S27: 0 | T27: 0 | U27: 0 | V27: 0 | W27: 0 | X27: 0 | Y27: 0 | Z27: 0 | AA27: 0 | AB27: 0 | AC27: 0 | AD27: 0
A28: Michigan | B28: MISE | C28: Tab 54.5 | D28: 29.77043 | E28: 27.973278 | F28: 23.176418 | G28: 20.779459 | H28: 21.169382 | I28: 7.8658323 | J28: 7.9797153 | K28: 0.31303066 | L28: 0 | M28: 0 | N28: 0 | O28: 0 | P28: 0 | Q28: 0 | R28: 0 | S28: 0 | T28: 0 | U28: 0 | V28: 0 | W28: 0 | X28: 0 | Y28: 0 | Z28: 0 | AA28: 0 | AB28: 0 | AC28: 0 | AD28: 0
A29: Minnesota | B29: MISW | C29: Tab 54.3 | D29: 59.848766 | E29: 61.283012 | F29: 59.99892 | G29: 49.210018 | H29: 48.604111 | I29: 48.766003 | J29: 30.574347 | K29: 29.42292 | L29: 3.1259952 | M29: 3.1186521 | N29: 2.5041866 | O29: 1.8943217 | P29: 1.7850803 | Q29: 1.8399739 | R29: 1.306493 | S29: 0.10185336 | T29: 0.10192576 | U29: 0.10198926 | V29: 0.096142173 | W29: 0.070881121 | X29: 0.097626008 | Y29: 0.097664766 | Z29: 0.10221875 | AA29: 0.097735688 | AB29: 0.094653837 | AC29: 0.097264245 | AD29: 0.087210484
A30: Mississippi | B30: MISS/SRCA/SRSE (50/25/25) | C30: Tab 54.6/15/16 | D30: =0.5*'[3]ref2025.d032025a'!C$98+0.25*'[5]ref2025.d032025a'!C$98+0.25*'[6]ref2025.d032025a'!C$98 -> #REF! | E30: =0.5*'[3]ref2025.d032025a'!D$98+0.25*'[5]ref2025.d032025a'!D$98+0.25*'[6]ref2025.d032025a'!D$98 -> #REF! | F30: =0.5*'[3]ref2025.d032025a'!E$98+0.25*'[5]ref2025.d032025a'!E$98+0.25*'[6]ref2025.d032025a'!E$98 -> #REF! | G30: =0.5*'[3]ref2025.d032025a'!F$98+0.25*'[5]ref2025.d032025a'!F$98+0.25*'[6]ref2025.d032025a'!F$98 -> #REF! | H30: =0.5*'[3]ref2025.d032025a'!G$98+0.25*'[5]ref2025.d032025a'!G$98+0.25*'[6]ref2025.d032025a'!G$98 -> #REF! | I30: =0.5*'[3]ref2025.d032025a'!H$98+0.25*'[5]ref2025.d032025a'!H$98+0.25*'[6]ref2025.d032025a'!H$98 -> #REF! | J30: =0.5*'[3]ref2025.d032025a'!I$98+0.25*'[5]ref2025.d032025a'!I$98+0.25*'[6]ref2025.d032025a'!I$98 -> #REF! | K30: =0.5*'[3]ref2025.d032025a'!J$98+0.25*'[5]ref2025.d032025a'!J$98+0.25*'[6]ref2025.d032025a'!J$98 -> #REF! | ... AD30: =0.5*'[3]ref2025.d032025a'!AC$98+0.25*'[5]ref2025.d032025a'!AC$98+0.25*'[6]ref2025.d032025a'!AC$98 -> #REF!
A31: Missouri | B31: MISC/SPPC (60/40) | C31: Tab 54.4/18 | D31: =0.6*'[7]ref2025.d032025a'!C$98+0.4*'[8]ref2025.d032025a'!C$98 -> #REF! | E31: =0.6*'[7]ref2025.d032025a'!D$98+0.4*'[8]ref2025.d032025a'!D$98 -> #REF! | F31: =0.6*'[7]ref2025.d032025a'!E$98+0.4*'[8]ref2025.d032025a'!E$98 -> #REF! | G31: =0.6*'[7]ref2025.d032025a'!F$98+0.4*'[8]ref2025.d032025a'!F$98 -> #REF! | H31: =0.6*'[7]ref2025.d032025a'!G$98+0.4*'[8]ref2025.d032025a'!G$98 -> #REF! | I31: =0.6*'[7]ref2025.d032025a'!H$98+0.4*'[8]ref2025.d032025a'!H$98 -> #REF! | J31: =0.6*'[7]ref2025.d032025a'!I$98+0.4*'[8]ref2025.d032025a'!I$98 -> #REF! | K31: =0.6*'[7]ref2025.d032025a'!J$98+0.4*'[8]ref2025.d032025a'!J$98 -> #REF! | ... AD31: =0.6*'[7]ref2025.d032025a'!AC$98+0.4*'[8]ref2025.d032025a'!AC$98 -> #REF!
A32: Montana | B32: NWPP | C32: Tab 54.23 | D32: 2.4255621 | E32: 2.0645764 | F32: 0.2498906 | G32: 0.25419122 | H32: 0.25845048 | I32: 0.26950562 | J32: 0.51390189 | K32: 0 | L32: 0 | M32: 0 | N32: 0 | O32: 0 | P32: 0 | Q32: 0 | R32: 0 | S32: 0 | T32: 0 | U32: 0 | V32: 0 | W32: 0 | X32: 0 | Y32: 0 | Z32: 0 | AA32: 0 | AB32: 0 | AC32: 0 | AD32: 0
A33: Nebraska | B33: SPPN | C33: Tab 54.19 | D33: 24.082657 | E33: 24.004442 | F33: 20.920988 | G33: 16.242588 | H33: 16.135754 | I33: 16.523016 | J33: 9.6197186 | K33: 7.7886066 | L33: 0.016158605 | M33: 0.016158605 | N33: 0.016158605 | O33: 0.016158605 | P33: 0.016158605 | Q33: 0.016158605 | R33: 0.016158605 | S33: 0 | T33: 0 | U33: 0 | V33: 0 | W33: 0 | X33: 0 | Y33: 0 | Z33: 0 | AA33: 0 | AB33: 0 | AC33: 0 | AD33: 0
A34: Nevada | B34: BASN | C34: Tab 54.25 | D34: 37.880489 | E34: 35.860939 | F34: 27.634762 | G34: 23.016289 | H34: 21.445354 | I34: 24.553408 | J34: 20.143167 | K34: 18.876997 | L34: 0 | M34: 0 | N34: 0 | O34: 0 | P34: 0 | Q34: 0 | R34: 0 | S34: 0 | T34: 0 | U34: 0 | V34: 0 | W34: 0 | X34: 0 | Y34: 0 | Z34: 0 | AA34: 0 | AB34: 0 | AC34: 0 | AD34: 0
A35: New Hampshire | B35: ISNE | C35: Tab 54.7 | D35: 0.90981758 | E35: 0.92998952 | F35: 0 | G35: 0 | H35: 0 | I35: 0 | J35: 0 | K35: 0 | L35: 0 | M35: 0 | N35: 0 | O35: 0 | P35: 0 | Q35: 0 | R35: 0 | S35: 0 | T35: 0 | U35: 0 | V35: 0 | W35: 0 | X35: 0 | Y35: 0 | Z35: 0 | AA35: 0 | AB35: 0 | AC35: 0 | AD35: 0
A36: New Jersey | B36: PJME | C36: Tab 54.10 | D36: 11.939692 | E36: 15.780909 | F36: 23.067352 | G36: 22.265717 | H36: 18.616442 | I36: 15.125031 | J36: 13.61904 | K36: 10.705784 | L36: 1.1775837 | M36: 1.173426 | N36: 1.1698506 | O36: 1.1709654 | P36: 0.63245445 | Q36: 0.052258026 | R36: 0.054967429 | S36: 0 | T36: 0 | U36: 0 | V36: 0 | W36: 0 | X36: 0 | Y36: 0 | Z36: 0 | AA36: 0 | AB36: 0 | AC36: 0 | AD36: 0
A37: New Mexico | B37: SRSG | C37: Tab 54.20 | D37: 16.076954 | E37: 20.893761 | F37: 12.825027 | G37: 9.6834078 | H37: 12.011058 | I37: 11.550891 | J37: 9.1619682 | K37: 7.4477696 | L37: 0 | M37: 0 | N37: 0 | O37: 0 | P37: 0 | Q37: 0 | R37: 0 | S37: 0 | T37: 0 | U37: 0 | V37: 0 | W37: 0 | X37: 0 | Y37: 0 | Z37: 0 | AA37: 0 | AB37: 0 | AC37: 0 | AD37: 0
A38: New York | B38: NYUP | C38: Tab 54.9 | D38: 0 | E38: 0 | F38: 0 | G38: 0 | H38: 0 | I38: 0 | J38: 0 | K38: 0 | L38: 0 | M38: 0 | N38: 0 | O38: 0 | P38: 0 | Q38: 0 | R38: 0 | S38: 0 | T38: 0 | U38: 0 | V38: 0 | W38: 0 | X38: 0 | Y38: 0 | Z38: 0 | AA38: 0 | AB38: 0 | AC38: 0 | AD38: 0
A39: North Carolina | B39: SRCA | C39: Tab 54.14 | D39: 35.1847 | E39: 41.273266 | F39: 37.519871 | G39: 33.627243 | H39: 32.703117 | I39: 31.081406 | J39: 31.992601 | K39: 29.625397 | L39: 4.0580564 | M39: 2.8217206 | N39: 2.8133564 | O39: 2.4124033 | P39: 2.410058 | Q39: 0.35222471 | R39: 0.74075049 | S39: 0 | T39: 0 | U39: 0 | V39: 0 | W39: 0 | X39: 0 | Y39: 0 | Z39: 0 | AA39: 0 | AB39: 0 | AC39: 0 | AD39: 0
A40: North Dakota | B40: SPPN | C40: Tab 54.19 | D40: 24.082657 | E40: 24.004442 | F40: 20.920988 | G40: 16.242588 | H40: 16.135754 | I40: 16.523016 | J40: 9.6197186 | K40: 7.7886066 | L40: 0.016158605 | M40: 0.016158605 | N40: 0.016158605 | O40: 0.016158605 | P40: 0.016158605 | Q40: 0.016158605 | R40: 0.016158605 | S40: 0 | T40: 0 | U40: 0 | V40: 0 | W40: 0 | X40: 0 | Y40: 0 | Z40: 0 | AA40: 0 | AB40: 0 | AC40: 0 | AD40: 0
A41: Ohio | B41: PJMW | C41: Tab 54.11 | D41: 100.00867 | E41: 100.09058 | F41: 82.363953 | G41: 61.553055 | H41: 48.955162 | I41: 45.742142 | J41: 42.044701 | K41: 37.09272 | L41: 2.1459258 | M41: 2.1513104 | N41: 2.07968 | O41: 2.0828927 | P41: 2.0852776 | Q41: 2.0868056 | R41: 2.0881014 | S41: 2.0891867 | T41: 2.0902057 | U41: 2.0909255 | V41: 1.8419662 | W41: 1.8423345 | X41: 1.5342617 | Y41: 0.76533306 | Z41: 1.6744529 | AA41: 0.74444771 | AB41: 0.74453533 | AC41: 0.74461198 | AD41: 0.74467516
A42: Oklahoma | B42: SPPS | C42: Tab 54.17 | D42: 20.824619 | E42: 16.63711 | F42: 19.245457 | G42: 14.43601 | H42: 13.031557 | I42: 12.10449 | J42: 7.9319158 | K42: 8.351573 | L42: 0.0027579407 | M42: 0.0027579407 | N42: 0.0027579407 | O42: 0.0027579407 | P42: 0.0024665452 | Q42: 0.002294383 | R42: 0.002294383 | S42: 0 | T42: 0 | U42: 0 | V42: 0 | W42: 0 | X42: 0 | Y42: 0 | Z42: 0 | AA42: 0 | AB42: 0 | AC42: 0 | AD42: 0
A43: Oregon | B43: NWPP | C43: Tab 54.23 | D43: 2.4255621 | E43: 2.0645764 | F43: 0.2498906 | G43: 0.25419122 | H43: 0.25845048 | I43: 0.26950562 | J43: 0.51390189 | K43: 0 | L43: 0 | M43: 0 | N43: 0 | O43: 0 | P43: 0 | Q43: 0 | R43: 0 | S43: 0 | T43: 0 | U43: 0 | V43: 0 | W43: 0 | X43: 0 | Y43: 0 | Z43: 0 | AA43: 0 | AB43: 0 | AC43: 0 | AD43: 0
... A56: Wyoming | B56: BASN | C56: Tab 54.25 | D56: 37.880489 | E56: 35.860939 | F56: 27.634762 | G56: 23.016289 | H56: 21.445354 | I56: 24.553408 | J56: 20.143167 | K56: 18.876997 | L56: 0 | M56: 0 | N56: 0 | O56: 0 | P56: 0 | Q56: 0 | R56: 0 | S56: 0 | T56: 0 | U56: 0 | V56: 0 | W56: 0 | X56: 0 | Y56: 0 | Z56: 0 | AA56: 0 | AB56: 0 | AC56: 0 | AD56: 0
A59: STATE
A60: Alabama | D60: 1 | E60: =E6/$D6 -> 0.86634309 | F60: =F6/$D6 -> 0.83944585 | G60: =G6/$D6 -> 0.80151377 | H60: =H6/$D6 -> 0.70173207 | I60: =I6/$D6 -> 0.607951 | J60: =J6/$D6 -> 0.54435834 | K60: =K6/$D6 -> 0.54377696 | L60: =L6/$D6 -> 0.2023832 | ... AD60: =AD6/$D6 -> 0
A61: Alaska | D61: 1 | E61: 0 | F61: 0 | G61: 0 | H61: 0 | I61: 0 | J61: 0 | K61: 0 | L61: 0 | M61: 0 | N61: 0 | O61: 0 | P61: 0 | Q61: 0 | R61: 0 | S61: 0 | T61: 0 | U61: 0 | V61: 0 | W61: 0 | X61: 0 | Y61: 0 | Z61: 0 | AA61: 0 | AB61: 0 | AC61: 0 | AD61: 0
A62: Arizona | D62: 1 | E62: =E8/$D8 -> 1.2996094 | F62: =F8/$D8 -> 0.79772745 | G62: =G8/$D8 -> 0.60231608 | H62: =H8/$D8 -> 0.74709786 | I62: =I8/$D8 -> 0.71847509 | J62: =J8/$D8 -> 0.5698821 | K62: =K8/$D8 -> 0.46325751 | L62: =L8/$D8 -> 0 | ... AD62: =AD8/$D8 -> 0
A63: Arkansas | D63: 1 | E63: =E9/$D9 -> 0.81310468 | F63: =F9/$D9 -> 0.97966933 | G63: =G9/$D9 -> 0.34339947 | H63: =H9/$D9 -> 0.015141697 | I63: =I9/$D9 -> 0.015159028 | J63: =J9/$D9 -> 0.16054149 | K63: =K9/$D9 -> 0.14739304 | L63: =L9/$D9 -> 0.00020085512 | ... AD63: =AD9/$D9 -> 0
A64: California | D64: 1 | E64: =E10/$D10 -> 0 | F64: =F10/$D10 -> 0 | G64: =G10/$D10 -> 0 | H64: =H10/$D10 -> 0 | I64: =I10/$D10 -> 0 | J64: =J10/$D10 -> 0 | K64: =K10/$D10 -> 0 | L64: =L10/$D10 -> 0 | ... AD64: =AD10/$D10 -> 0
A65: Colorado | D65: 1 | E65: =E11/$D11 -> 0.94356957 | F65: =F11/$D11 -> 0.88068481 | G65: =G11/$D11 -> 0.67923258 | H65: =H11/$D11 -> 0.66146902 | I65: =I11/$D11 -> 0.50931367 | J65: =J11/$D11 -> 0.16102104 | K65: =K11/$D11 -> 0.13100543 | L65: =L11/$D11 -> 0.066301119 | ... AD65: =AD11/$D11 -> 0
A66: Connecticut | D66: 1 | E66: =E12/$D12 -> 1.0221714 | F66: =F12/$D12 -> 0 | G66: =G12/$D12 -> 0 | H66: =H12/$D12 -> 0 | I66: =I12/$D12 -> 0 | J66: =J12/$D12 -> 0 | K66: =K12/$D12 -> 0 | L66: =L12/$D12 -> 0 | ... AD66: =AD12/$D12 -> 0
A67: Delaware | D67: 1 | E67: =E13/$D13 -> 1.3217182 | F67: =F13/$D13 -> 1.9319888 | G67: =G13/$D13 -> 1.8648484 | H67: =H13/$D13 -> 1.5592061 | I67: =I13/$D13 -> 1.2667856 | J67: =J13/$D13 -> 1.1406525 | K67: =K13/$D13 -> 0.89665491 | L67: =L13/$D13 -> 0.09862764 | ... AD67: =AD13/$D13 -> 0
A68: District of Columbia | D68: 1 | E68: =E14/$D14 -> 1.3217182 | F68: =F14/$D14 -> 1.9319888 | G68: =G14/$D14 -> 1.8648484 | H68: =H14/$D14 -> 1.5592061 | I68: =I14/$D14 -> 1.2667856 | J68: =J14/$D14 -> 1.1406525 | K68: =K14/$D14 -> 0.89665491 | L68: =L14/$D14 -> 0.09862764 | ... AD68: =AD14/$D14 -> 0
A69: Florida | D69: 1 | E69: =E15/$D15 -> 0.84022231 | F69: =F15/$D15 -> 0.53507776 | G69: =G15/$D15 -> 0.50207984 | H69: =H15/$D15 -> 0.55210781 | I69: =I15/$D15 -> 0.53858718 | J69: =J15/$D15 -> 0.10409765 | K69: =K15/$D15 -> 0.10458688 | L69: =L15/$D15 -> 0.0052554317 | ... AD69: =AD15/$D15 -> 0
A70: Georgia | D70: 1 | E70: =E16/$D16 -> 0.86634309 | F70: =F16/$D16 -> 0.83944585 | G70: =G16/$D16 -> 0.80151377 | H70: =H16/$D16 -> 0.70173207 | I70: =I16/$D16 -> 0.607951 | J70: =J16/$D16 -> 0.54435834 | K70: =K16/$D16 -> 0.54377696 | L70: =L16/$D16 -> 0.2023832 | ... AD70: =AD16/$D16 -> 0
A71: Hawaii | D71: 1 | E71: 0 | F71: 0 | G71: 0 | H71: 0 | I71: 0 | J71: 0 | K71: 0 | L71: 0 | M71: 0 | N71: 0 | O71: 0 | P71: 0 | Q71: 0 | R71: 0 | S71: 0 | T71: 0 | U71: 0 | V71: 0 | W71: 0 | X71: 0 | Y71: 0 | Z71: 0 | AA71: 0 | AB71: 0 | AC71: 0 | AD71: 0
A72: Idaho | D72: 1 | E72: =E18/$D18 -> 0.94668627 | F72: =F18/$D18 -> 0.72952494 | G72: =G18/$D18 -> 0.60760273 | H72: =H18/$D18 -> 0.56613193 | I72: =I18/$D18 -> 0.64818085 | J72: =J18/$D18 -> 0.53175574 | K72: =K18/$D18 -> 0.49833034 | L72: =L18/$D18 -> 0 | ... AD72: =AD18/$D18 -> 0
A73: Illinois | D73: 1 | E73: =E19/$D19 -> 1.1095207 | F73: =F19/$D19 -> 0.97097675 | G73: =G19/$D19 -> 0.85325982 | H73: =H19/$D19 -> 0.86148305 | I73: =I19/$D19 -> 0.79015435 | J73: =J19/$D19 -> 0.76741888 | K73: =K19/$D19 -> 0.75053459 | L73: =L19/$D19 -> 0.20382591 | ... AD73: =AD19/$D19 -> 0
A74: Indiana | D74: 1 | E74: =E20/$D20 -> 1.1095207 | F74: =F20/$D20 -> 0.97097675 | G74: =G20/$D20 -> 0.85325982 | H74: =H20/$D20 -> 0.86148305 | I74: =I20/$D20 -> 0.79015435 | J74: =J20/$D20 -> 0.76741888 | K74: =K20/$D20 -> 0.75053459 | L74: =L20/$D20 -> 0.20382591 | ... AD74: =AD20/$D20 -> 0
A75: Iowa | D75: 1 | E75: =E21/$D21 -> 1.0239645 | F75: =F21/$D21 -> 1.0025089 | G75: =G21/$D21 -> 0.82223947 | H75: =H21/$D21 -> 0.8121155 | I75: =I21/$D21 -> 0.81482052 | J75: =J21/$D21 -> 0.5108601 | K75: =K21/$D21 -> 0.49162117 | L75: =L21/$D21 -> 0.052231572 | ... AD75: =AD21/$D21 -> 0.001457181
A76: Kansas | D76: 1 | E76: =E22/$D22 -> 0.8223984 | F76: =F22/$D22 -> 0.80558075 | G76: =G22/$D22 -> 0.65192515 | H76: =H22/$D22 -> 0.65872202 | I76: =I22/$D22 -> 0.62711435 | J76: =J22/$D22 -> 0.35634068 | K76: =K22/$D22 -> 0.27035936 | L76: =L22/$D22 -> 0.2887131 | ... AD76: =AD22/$D22 -> 0
A77: Kentucky | D77: 1 | E77: =E23/$D23 -> 1.0276088 | F77: =F23/$D23 -> 1.00402 | G77: =G23/$D23 -> 0.73366634 | H77: =H23/$D23 -> 0.69427717 | I77: =I23/$D23 -> 0.5952445 | J77: =J23/$D23 -> 0.62207219 | K77: =K23/$D23 -> 0.59889352 | L77: =L23/$D23 -> 0.044630149 | ... AD77: =AD23/$D23 -> 0
A78: Louisiana | D78: 1 | E78: =E24/$D24 -> #REF! | F78: =F24/$D24 -> #REF! | G78: =G24/$D24 -> #REF! | H78: =H24/$D24 -> #REF! | I78: =I24/$D24 -> #REF! | J78: =J24/$D24 -> #REF! | K78: =K24/$D24 -> #REF! | L78: =L24/$D24 -> #REF! | ... AD78: =AD24/$D24 -> #REF!
A79: Maine | D79: 1 | E79: =E25/$D25 -> 1.0221714 | F79: =F25/$D25 -> 0 | G79: =G25/$D25 -> 0 | H79: =H25/$D25 -> 0 | I79: =I25/$D25 -> 0 | J79: =J25/$D25 -> 0 | K79: =K25/$D25 -> 0 | L79: =L25/$D25 -> 0 | ... AD79: =AD25/$D25 -> 0
A80: Maryland | D80: 1 | E80: =E26/$D26 -> 1.3217182 | F80: =F26/$D26 -> 1.9319888 | G80: =G26/$D26 -> 1.8648484 | H80: =H26/$D26 -> 1.5592061 | I80: =I26/$D26 -> 1.2667856 | J80: =J26/$D26 -> 1.1406525 | K80: =K26/$D26 -> 0.89665491 | L80: =L26/$D26 -> 0.09862764 | ... AD80: =AD26/$D26 -> 0
A81: Massachusetts | D81: 1 | E81: =E27/$D27 -> 1.0221714 | F81: =F27/$D27 -> 0 | G81: =G27/$D27 -> 0 | H81: =H27/$D27 -> 0 | I81: =I27/$D27 -> 0 | J81: =J27/$D27 -> 0 | K81: =K27/$D27 -> 0 | L81: =L27/$D27 -> 0 | ... AD81: =AD27/$D27 -> 0
A82: Michigan | D82: 1 | E82: =E28/$D28 -> 0.939633 | F82: =F28/$D28 -> 0.77850466 | G82: =G28/$D28 -> 0.69798989 | H82: =H28/$D28 -> 0.71108756 | I82: =I28/$D28 -> 0.26421629 | J82: =J28/$D28 -> 0.26804166 | K82: =K28/$D28 -> 0.010514818 | L82: =L28/$D28 -> 0 | ... AD82: =AD28/$D28 -> 0
A83: Minnesota | D83: 1 | E83: =E29/$D29 -> 1.0239645 | F83: =F29/$D29 -> 1.0025089 | G83: =G29/$D29 -> 0.82223947 | H83: =H29/$D29 -> 0.8121155 | I83: =I29/$D29 -> 0.81482052 | J83: =J29/$D29 -> 0.5108601 | K83: =K29/$D29 -> 0.49162117 | L83: =L29/$D29 -> 0.052231572 | ... AD83: =AD29/$D29 -> 0.001457181
... A91: New Mexico | D91: 1 | E91: =E37/$D37 -> 1.2996094 | F91: =F37/$D37 -> 0.79772745 | G91: =G37/$D37 -> 0.60231608 | H91: =H37/$D37 -> 0.74709786 | I91: =I37/$D37 -> 0.71847509 | J91: =J37/$D37 -> 0.5698821 | K91: =K37/$D37 -> 0.46325751 | L91: =L37/$D37 -> 0 | ... AD91: =AD37/$D37 -> 0
A92: New York | D92: 1 | E92: 0 | F92: 0 | G92: 0 | H92: 0 | I92: 0 | J92: 0 | K92: 0 | L92: 0 | M92: 0 | N92: 0 | O92: 0 | P92: 0 | Q92: 0 | R92: 0 | S92: 0 | T92: 0 | U92: 0 | V92: 0 | W92: 0 | X92: 0 | Y92: 0 | Z92: 0 | AA92: 0 | AB92: 0 | AC92: 0 | AD92: 0
A93: North Carolina | D93: 1 | E93: =E39/$D39 -> 1.1730458 | F93: =F39/$D39 -> 1.0663689 | G93: =G39/$D39 -> 0.95573482 | H93: =H39/$D39 -> 0.92946984 | I93: =I39/$D39 -> 0.88337845 | J93: =J39/$D39 -> 0.90927595 | K93: =K39/$D39 -> 0.84199657 | L93: =L39/$D39 -> 0.11533582 | ... AD93: =AD39/$D39 -> 0
A94: North Dakota | D94: 1 | E94: =E40/$D40 -> 0.99675224 | F94: =F40/$D40 -> 0.86871595 | G94: =G40/$D40 -> 0.67445167 | H94: =H40/$D40 -> 0.67001551 | I94: =I40/$D40 -> 0.68609606 | J94: =J40/$D40 -> 0.3994459 | K94: =K40/$D40 -> 0.32341144 | L94: =L40/$D40 -> 0.00067096438 | ... AD94: =AD40/$D40 -> 0
A95: Ohio | D95: 1 | E95: =E41/$D41 -> 1.0008191 | F95: =F41/$D41 -> 0.82356815 | G95: =G41/$D41 -> 0.6154772 | H95: =H41/$D41 -> 0.48950919 | I95: =I41/$D41 -> 0.45738178 | J95: =J41/$D41 -> 0.42041057 | K95: =K41/$D41 -> 0.37089505 | L95: =L41/$D41 -> 0.021457398 | ... AD95: =AD41/$D41 -> 0.0074461062
A96: Oklahoma | D96: 1 | E96: =E42/$D42 -> 0.79891543 | F96: =F42/$D42 -> 0.92416848 | G96: =G42/$D42 -> 0.69321845 | H96: =H42/$D42 -> 0.62577649 | I96: =I42/$D42 -> 0.58125866 | J96: =J42/$D42 -> 0.38089127 | K96: =K42/$D42 -> 0.40104325 | L96: =L42/$D42 -> 0.00013243655 | ... AD96: =AD42/$D42 -> 0
A97: Oregon | D97: 1 | E97: =E43/$D43 -> 0.85117439 | F97: =F43/$D43 -> 0.10302379 | G97: =G43/$D43 -> 0.10479683 | H97: =H43/$D43 -> 0.10655282 | I97: =I43/$D43 -> 0.11111058 | J97: =J43/$D43 -> 0.21186919 | K97: =K43/$D43 -> 0 | L97: =L43/$D43 -> 0 | ... AD97: =AD43/$D43 -> 0
A98: Pennsylvania | D98: 1 | E98: =E44/$D44 -> 1.3217182 | F98: =F44/$D44 -> 1.9319888 | G98: =G44/$D44 -> 1.8648484 | H98: =H44/$D44 -> 1.5592061 | I98: =I44/$D44 -> 1.2667856 | J98: =J44/$D44 -> 1.1406525 | K98: =K44/$D44 -> 0.89665491 | L98: =L44/$D44 -> 0.09862764 | ... AD98: =AD44/$D44 -> 0
A99: Rhode Island | D99: 1 | E99: =E45/$D45 -> 1.0221714 | F99: =F45/$D45 -> 0 | G99: =G45/$D45 -> 0 | H99: =H45/$D45 -> 0 | I99: =I45/$D45 -> 0 | J99: =J45/$D45 -> 0 | K99: =K45/$D45 -> 0 | L99: =L45/$D45 -> 0 | ... AD99: =AD45/$D45 -> 0
A100: South Carolina | D100: 1 | E100: =E46/$D46 -> 1.1730458 | F100: =F46/$D46 -> 1.0663689 | G100: =G46/$D46 -> 0.95573482 | H100: =H46/$D46 -> 0.92946984 | I100: =I46/$D46 -> 0.88337845 | J100: =J46/$D46 -> 0.90927595 | K100: =K46/$D46 -> 0.84199657 | L100: =L46/$D46 -> 0.11533582 | ... AD100: =AD46/$D46 -> 0
A101: South Dakota | D101: 1 | E101: =E47/$D47 -> 0.99675224 | F101: =F47/$D47 -> 0.86871595 | G101: =G47/$D47 -> 0.67445167 | H101: =H47/$D47 -> 0.67001551 | I101: =I47/$D47 -> 0.68609606 | J101: =J47/$D47 -> 0.3994459 | K101: =K47/$D47 -> 0.32341144 | L101: =L47/$D47 -> 0.00067096438 | ... AD101: =AD47/$D47 -> 0
A102: Tennessee | D102: 1 | E102: =E48/$D48 -> 1.0276088 | F102: =F48/$D48 -> 1.00402 | G102: =G48/$D48 -> 0.73366634 | H102: =H48/$D48 -> 0.69427717 | I102: =I48/$D48 -> 0.5952445 | J102: =J48/$D48 -> 0.62207219 | K102: =K48/$D48 -> 0.59889352 | L102: =L48/$D48 -> 0.044630149 | ... AD102: =AD48/$D48 -> 0
A103: Texas | D103: 1 | E103: =E49/$D49 -> 0.93445695 | F103: =F49/$D49 -> 0.63037228 | G103: =G49/$D49 -> 0.58553696 | H103: =H49/$D49 -> 0.75314339 | I103: =I49/$D49 -> 0.8129773 | J103: =J49/$D49 -> 0.54224289 | K103: =K49/$D49 -> 0.53963168 | L103: =L49/$D49 -> 0.072137736 | ... AD103: =AD49/$D49 -> 0
A104: Utah | D104: 1 | E104: =E50/$D50 -> 0.94668627 | F104: =F50/$D50 -> 0.72952494 | G104: =G50/$D50 -> 0.60760273 | H104: =H50/$D50 -> 0.56613193 | I104: =I50/$D50 -> 0.64818085 | J104: =J50/$D50 -> 0.53175574 | K104: =K50/$D50 -> 0.49833034 | L104: =L50/$D50 -> 0 | ... AD104: =AD50/$D50 -> 0
... A110: Wyoming | D110: 1 | E110: =E56/$D56 -> 0.94668627 | F110: =F56/$D56 -> 0.72952494 | G110: =G56/$D56 -> 0.60760273 | H110: =H56/$D56 -> 0.56613193 | I110: =I56/$D56 -> 0.64818085 | J110: =J56/$D56 -> 0.53175574 | K110: =K56/$D56 -> 0.49833034 | L110: =L56/$D56 -> 0 | ... AD110: =AD56/$D56 -> 0

Sheet SD3.2
A1: Coal consumption for electricity generation per state | B1: * 2024 value obtained from:
A2: 1990-2023: Historic, 2024-2100: Projected, historic data obtained from: https://www.eia.gov/electricity/data.php | B2: https://www.eia.gov/electricity/data.php
A3: metric tons
A5: STATE | B5: 2024 | C5: 2025 | D5: 2026 | E5: 2027 | F5: 2028 | G5: 2029 | H5: 2030 | I5: 2031 | J5: 2032 | K5: 2033 | L5: 2034 | M5: 2035 | N5: 2036 | O5: 2037 | P5: 2038 | Q5: 2039 | R5: 2040 | S5: 2041 | T5: 2042 | U5: 2043 | V5: 2044 | W5: 2045 | X5: 2046 | Y5: 2047 | Z5: 2048 | AA5: 2049 | AB5: 2050
A6: US Total | B6: =SUM(B7:B57) -> 338791867 | C6: =SUM(C7:C57) -> #REF! | D6: =SUM(D7:D57) -> #REF! | E6: =SUM(E7:E57) -> #REF! | F6: =SUM(F7:F57) -> #REF! | G6: =SUM(G7:G57) -> #REF! | H6: =SUM(H7:H57) -> #REF! | I6: =SUM(I7:I57) -> #REF! | ... AB6: =SUM(AB7:AB57) -> #REF!
A7: Alabama | B7: 9609363.3 | C7: =$B7*SD3.1!E60 -> 8325005.4 | D7: =$B7*SD3.1!F60 -> 8066540.1 | E7: =$B7*SD3.1!G60 -> 7702037 | F7: =$B7*SD3.1!H60 -> 6743198.4 | G7: =$B7*SD3.1!I60 -> 5842022 | H7: =$B7*SD3.1!J60 -> 5230937 | I7: =$B7*SD3.1!K60 -> 5225350.3 | J7: =$B7*SD3.1!L60 -> 1944773.7 | ... AB7: =$B7*SD3.1!AD60 -> 0
A8: Alaska | B8: 480785.99 | C8: 0 | D8: 0 | E8: 0 | F8: 0 | G8: 0 | H8: 0 | I8: 0 | J8: 0 | K8: 0 | L8: 0 | M8: 0 | N8: 0 | O8: 0 | P8: 0 | Q8: 0 | R8: 0 | S8: 0 | T8: 0 | U8: 0 | V8: 0 | W8: 0 | X8: 0 | Y8: 0 | Z8: 0 | AA8: 0 | AB8: 0
A9: Arizona | B9: 6398122.9 | C9: =$B9*SD3.1!E62 -> 8315060.8 | D9: =$B9*SD3.1!F62 -> 5103958.3 | E9: =$B9*SD3.1!G62 -> 3853692.3 | F9: =$B9*SD3.1!H62 -> 4780023.9 | G9: =$B9*SD3.1!I62 -> 4596891.9 | H9: =$B9*SD3.1!J62 -> 3646175.7 | I9: =$B9*SD3.1!K62 -> 2963978.5 | J9: =$B9*SD3.1!L62 -> 0 | ... AB9: =$B9*SD3.1!AD62 -> 0
A10: Arkansas | B10: 8845717.7 | C10: =$B10*SD3.1!E63 -> 7192494.4 | D10: =$B10*SD3.1!F63 -> 8665878.3 | E10: =$B10*SD3.1!G63 -> 3037614.8 | F10: =$B10*SD3.1!H63 -> 133939.18 | G10: =$B10*SD3.1!I63 -> 134092.48 | H10: =$B10*SD3.1!J63 -> 1420104.7 | I10: =$B10*SD3.1!K63 -> 1303797.2 | J10: =$B10*SD3.1!L63 -> 1776.7077 | ... AB10: =$B10*SD3.1!AD63 -> 0
A11: California | B11: 40783.681 | C11: 0 | D11: 0 | E11: 0 | F11: 0 | G11: 0 | H11: 0 | I11: 0 | J11: 0 | K11: 0 | L11: 0 | M11: 0 | N11: 0 | O11: 0 | P11: 0 | Q11: 0 | R11: 0 | S11: 0 | T11: 0 | U11: 0 | V11: 0 | W11: 0 | X11: 0 | Y11: 0 | Z11: 0 | AA11: 0 | AB11: 0
A12: Colorado | B12: 9607553.7 | C12: =$B12*SD3.1!E65 -> 9065395.4 | D12: =$B12*SD3.1!F65 -> 8461226.6 | E12: =$B12*SD3.1!G65 -> 6525763.5 | F12: =$B12*SD3.1!H65 -> 6355099.1 | G12: =$B12*SD3.1!I65 -> 4893258.5 | H12: =$B12*SD3.1!J65 -> 1547018.3 | I12: =$B12*SD3.1!K65 -> 1258641.7 | J12: =$B12*SD3.1!L65 -> 636991.57 | ... AB12: =$B12*SD3.1!AD65 -> 0
A13: Connecticut | B13: 0 | C13: 0 | D13: 0 | E13: 0 | F13: 0 | G13: 0 | H13: 0 | I13: 0 | J13: 0 | K13: 0 | L13: 0 | M13: 0 | N13: 0 | O13: 0 | P13: 0 | Q13: 0 | R13: 0 | S13: 0 | T13: 0 | U13: 0 | V13: 0 | W13: 0 | X13: 0 | Y13: 0 | Z13: 0 | AA13: 0 | AB13: 0
